section,tab_order,family,slot,glyph_block,glyph,display_glyph,shape_name,fh6_full_code_decimal,fh6_full_code_hex,fh6_shape_word_decimal,fh6_shape_word_hex,fh6_page_byte_decimal,fh6_low_byte_decimal,fh5_reference_code_decimal,fh5_reference_word_decimal,fh5_to_fh6_word_delta,confidence,fh5_difference_note,import_note,resource_path
shape_tab,1,Primitives,1,,,,Square,1048677,0x100065,101,0x0065,0,101,1048677,101,0,confirmed/import-tested type word,"Same order/code model as FH5 reference for this tab; FH6 importer writes the 16-bit shape word, not the whole 7-digit code.",Use full code in JSON or write shape_word at layer offset 0x7A.,tools/fabric-editor/Resources/Vinyls/Primitives/1.png
shape_tab,1,Primitives,2,,,,Hexagon,1048678,0x100066,102,0x0066,0,102,1048678,102,0,confirmed/import-tested type word,"Same order/code model as FH5 reference for this tab; FH6 importer writes the 16-bit shape word, not the whole 7-digit code.",Use full code in JSON or write shape_word at layer offset 0x7A.,tools/fabric-editor/Resources/Vinyls/Primitives/2.png
shape_tab,1,Primitives,3,,,,Half Circle,1048679,0x100067,103,0x0067,0,103,1048679,103,0,confirmed/import-tested type word,"Same order/code model as FH5 reference for this tab; FH6 importer writes the 16-bit shape word, not the whole 7-digit code.",Use full code in JSON or write shape_word at layer offset 0x7A.,tools/fabric-editor/Resources/Vinyls/Primitives/3.png
shape_tab,1,Primitives,4,,,,Triangle Border,1048680,0x100068,104,0x0068,0,104,1048680,104,0,confirmed/import-tested type word,"Same order/code model as FH5 reference for this tab; FH6 importer writes the 16-bit shape word, not the whole 7-digit code.",Use full code in JSON or write shape_word at layer offset 0x7A.,tools/fabric-editor/Resources/Vinyls/Primitives/4.png
shape_tab,1,Primitives,5,,,,Cut Square Border,1048681,0x100069,105,0x0069,0,105,1048681,105,0,confirmed/import-tested type word,"Same order/code model as FH5 reference for this tab; FH6 importer writes the 16-bit shape word, not the whole 7-digit code.",Use full code in JSON or write shape_word at layer offset 0x7A.,tools/fabric-editor/Resources/Vinyls/Primitives/5.png
shape_tab,1,Primitives,6,,,,Fat Five Pointed Star,1048682,0x10006a,106,0x006a,0,106,1048682,106,0,confirmed/import-tested type word,"Same order/code model as FH5 reference for this tab; FH6 importer writes the 16-bit shape word, not the whole 7-digit code.",Use full code in JSON or write shape_word at layer offset 0x7A.,tools/fabric-editor/Resources/Vinyls/Primitives/6.png
shape_tab,1,Primitives,7,,,,Up Arrow,1048683,0x10006b,107,0x006b,0,107,1048683,107,0,confirmed/import-tested type word,"Same order/code model as FH5 reference for this tab; FH6 importer writes the 16-bit shape word, not the whole 7-digit code.",Use full code in JSON or write shape_word at layer offset 0x7A.,tools/fabric-editor/Resources/Vinyls/Primitives/7.png
shape_tab,1,Primitives,8,,,,Quarter Donut,1048684,0x10006c,108,0x006c,0,108,1048684,108,0,confirmed/import-tested type word,"Same order/code model as FH5 reference for this tab; FH6 importer writes the 16-bit shape word, not the whole 7-digit code.",Use full code in JSON or write shape_word at layer offset 0x7A.,tools/fabric-editor/Resources/Vinyls/Primitives/8.png
shape_tab,1,Primitives,9,,,,Two Piece Triangle Border,1048685,0x10006d,109,0x006d,0,109,1048685,109,0,confirmed/import-tested type word,"Same order/code model as FH5 reference for this tab; FH6 importer writes the 16-bit shape word, not the whole 7-digit code.",Use full code in JSON or write shape_word at layer offset 0x7A.,tools/fabric-editor/Resources/Vinyls/Primitives/9.png
shape_tab,1,Primitives,10,,,,South West Less Than,1048686,0x10006e,110,0x006e,0,110,1048686,110,0,confirmed/import-tested type word,"Same order/code model as FH5 reference for this tab; FH6 importer writes the 16-bit shape word, not the whole 7-digit code.",Use full code in JSON or write shape_word at layer offset 0x7A.,tools/fabric-editor/Resources/Vinyls/Primitives/10.png
shape_tab,1,Primitives,11,,,,Circle,1048687,0x10006f,111,0x006f,0,111,1048687,111,0,confirmed/import-tested type word,"Same order/code model as FH5 reference for this tab; FH6 importer writes the 16-bit shape word, not the whole 7-digit code.",Use full code in JSON or write shape_word at layer offset 0x7A.,tools/fabric-editor/Resources/Vinyls/Primitives/11.png
shape_tab,1,Primitives,12,,,,Octagon,1048688,0x100070,112,0x0070,0,112,1048688,112,0,confirmed/import-tested type word,"Same order/code model as FH5 reference for this tab; FH6 importer writes the 16-bit shape word, not the whole 7-digit code.",Use full code in JSON or write shape_word at layer offset 0x7A.,tools/fabric-editor/Resources/Vinyls/Primitives/12.png
shape_tab,1,Primitives,13,,,,Shield,1048689,0x100071,113,0x0071,0,113,1048689,113,0,confirmed/import-tested type word,"Same order/code model as FH5 reference for this tab; FH6 importer writes the 16-bit shape word, not the whole 7-digit code.",Use full code in JSON or write shape_word at layer offset 0x7A.,tools/fabric-editor/Resources/Vinyls/Primitives/13.png
shape_tab,1,Primitives,14,,,,Right Triangle Border,1048690,0x100072,114,0x0072,0,114,1048690,114,0,confirmed/import-tested type word,"Same order/code model as FH5 reference for this tab; FH6 importer writes the 16-bit shape word, not the whole 7-digit code.",Use full code in JSON or write shape_word at layer offset 0x7A.,tools/fabric-editor/Resources/Vinyls/Primitives/14.png
shape_tab,1,Primitives,15,,,,Five Pointed Star Border,1048691,0x100073,115,0x0073,0,115,1048691,115,0,confirmed/import-tested type word,"Same order/code model as FH5 reference for this tab; FH6 importer writes the 16-bit shape word, not the whole 7-digit code.",Use full code in JSON or write shape_word at layer offset 0x7A.,tools/fabric-editor/Resources/Vinyls/Primitives/15.png
shape_tab,1,Primitives,16,,,,Rounded Square,1048692,0x100074,116,0x0074,0,116,1048692,116,0,confirmed/import-tested type word,"Same order/code model as FH5 reference for this tab; FH6 importer writes the 16-bit shape word, not the whole 7-digit code.",Use full code in JSON or write shape_word at layer offset 0x7A.,tools/fabric-editor/Resources/Vinyls/Primitives/16.png
shape_tab,1,Primitives,17,,,,Upside Down Beaker,1048693,0x100075,117,0x0075,0,117,1048693,117,0,confirmed/import-tested type word,"Same order/code model as FH5 reference for this tab; FH6 importer writes the 16-bit shape word, not the whole 7-digit code.",Use full code in JSON or write shape_word at layer offset 0x7A.,tools/fabric-editor/Resources/Vinyls/Primitives/17.png
shape_tab,1,Primitives,18,,,,Quarter Circle,1048694,0x100076,118,0x0076,0,118,1048694,118,0,confirmed/import-tested type word,"Same order/code model as FH5 reference for this tab; FH6 importer writes the 16-bit shape word, not the whole 7-digit code.",Use full code in JSON or write shape_word at layer offset 0x7A.,tools/fabric-editor/Resources/Vinyls/Primitives/18.png
shape_tab,1,Primitives,19,,,,Arrow Border,1048695,0x100077,119,0x0077,0,119,1048695,119,0,confirmed/import-tested type word,"Same order/code model as FH5 reference for this tab; FH6 importer writes the 16-bit shape word, not the whole 7-digit code.",Use full code in JSON or write shape_word at layer offset 0x7A.,tools/fabric-editor/Resources/Vinyls/Primitives/19.png
shape_tab,1,Primitives,20,,,,Quarter Outside Circle,1048696,0x100078,120,0x0078,0,120,1048696,120,0,confirmed/import-tested type word,"Same order/code model as FH5 reference for this tab; FH6 importer writes the 16-bit shape word, not the whole 7-digit code.",Use full code in JSON or write shape_word at layer offset 0x7A.,tools/fabric-editor/Resources/Vinyls/Primitives/20.png
shape_tab,1,Primitives,21,,,,Triangle,1048697,0x100079,121,0x0079,0,121,1048697,121,0,confirmed/import-tested type word,"Same order/code model as FH5 reference for this tab; FH6 importer writes the 16-bit shape word, not the whole 7-digit code.",Use full code in JSON or write shape_word at layer offset 0x7A.,tools/fabric-editor/Resources/Vinyls/Primitives/21.png
shape_tab,1,Primitives,22,,,,Cut Square,1048698,0x10007a,122,0x007a,0,122,1048698,122,0,confirmed/import-tested type word,"Same order/code model as FH5 reference for this tab; FH6 importer writes the 16-bit shape word, not the whole 7-digit code.",Use full code in JSON or write shape_word at layer offset 0x7A.,tools/fabric-editor/Resources/Vinyls/Primitives/22.png
shape_tab,1,Primitives,23,,,,Square Border,1048699,0x10007b,123,0x007b,0,123,1048699,123,0,confirmed/import-tested type word,"Same order/code model as FH5 reference for this tab; FH6 importer writes the 16-bit shape word, not the whole 7-digit code.",Use full code in JSON or write shape_word at layer offset 0x7A.,tools/fabric-editor/Resources/Vinyls/Primitives/23.png
shape_tab,1,Primitives,24,,,,Hexagon Border,1048700,0x10007c,124,0x007c,0,124,1048700,124,0,confirmed/import-tested type word,"Same order/code model as FH5 reference for this tab; FH6 importer writes the 16-bit shape word, not the whole 7-digit code.",Use full code in JSON or write shape_word at layer offset 0x7A.,tools/fabric-editor/Resources/Vinyls/Primitives/24.png
shape_tab,1,Primitives,25,,,,Half Circle Border,1048701,0x10007d,125,0x007d,0,125,1048701,125,0,confirmed/import-tested type word,"Same order/code model as FH5 reference for this tab; FH6 importer writes the 16-bit shape word, not the whole 7-digit code.",Use full code in JSON or write shape_word at layer offset 0x7A.,tools/fabric-editor/Resources/Vinyls/Primitives/25.png
shape_tab,1,Primitives,26,,,,Ten Pointed Star,1048702,0x10007e,126,0x007e,0,126,1048702,126,0,confirmed/import-tested type word,"Same order/code model as FH5 reference for this tab; FH6 importer writes the 16-bit shape word, not the whole 7-digit code.",Use full code in JSON or write shape_word at layer offset 0x7A.,tools/fabric-editor/Resources/Vinyls/Primitives/26.png
shape_tab,1,Primitives,27,,,,Animal Tooth,1048703,0x10007f,127,0x007f,0,127,1048703,127,0,confirmed/import-tested type word,"Same order/code model as FH5 reference for this tab; FH6 importer writes the 16-bit shape word, not the whole 7-digit code.",Use full code in JSON or write shape_word at layer offset 0x7A.,tools/fabric-editor/Resources/Vinyls/Primitives/27.png
shape_tab,1,Primitives,28,,,,Square Half Border,1048704,0x100080,128,0x0080,0,128,1048704,128,0,confirmed/import-tested type word,"Same order/code model as FH5 reference for this tab; FH6 importer writes the 16-bit shape word, not the whole 7-digit code.",Use full code in JSON or write shape_word at layer offset 0x7A.,tools/fabric-editor/Resources/Vinyls/Primitives/28.png
shape_tab,1,Primitives,29,,,,Pentagon,1048705,0x100081,129,0x0081,0,129,1048705,129,0,confirmed/import-tested type word,"Same order/code model as FH5 reference for this tab; FH6 importer writes the 16-bit shape word, not the whole 7-digit code.",Use full code in JSON or write shape_word at layer offset 0x7A.,tools/fabric-editor/Resources/Vinyls/Primitives/29.png
shape_tab,1,Primitives,30,,,,Banana,1048706,0x100082,130,0x0082,0,130,1048706,130,0,confirmed/import-tested type word,"Same order/code model as FH5 reference for this tab; FH6 importer writes the 16-bit shape word, not the whole 7-digit code.",Use full code in JSON or write shape_word at layer offset 0x7A.,tools/fabric-editor/Resources/Vinyls/Primitives/30.png
shape_tab,1,Primitives,31,,,,Right Triangle,1048707,0x100083,131,0x0083,0,131,1048707,131,0,confirmed/import-tested type word,"Same order/code model as FH5 reference for this tab; FH6 importer writes the 16-bit shape word, not the whole 7-digit code.",Use full code in JSON or write shape_word at layer offset 0x7A.,tools/fabric-editor/Resources/Vinyls/Primitives/31.png
shape_tab,1,Primitives,32,,,,Five Pointed Star,1048708,0x100084,132,0x0084,0,132,1048708,132,0,confirmed/import-tested type word,"Same order/code model as FH5 reference for this tab; FH6 importer writes the 16-bit shape word, not the whole 7-digit code.",Use full code in JSON or write shape_word at layer offset 0x7A.,tools/fabric-editor/Resources/Vinyls/Primitives/32.png
shape_tab,1,Primitives,33,,,,Circle Border,1048709,0x100085,133,0x0085,0,133,1048709,133,0,confirmed/import-tested type word,"Same order/code model as FH5 reference for this tab; FH6 importer writes the 16-bit shape word, not the whole 7-digit code.",Use full code in JSON or write shape_word at layer offset 0x7A.,tools/fabric-editor/Resources/Vinyls/Primitives/33.png
shape_tab,1,Primitives,34,,,,Octagon Border,1048710,0x100086,134,0x0086,0,134,1048710,134,0,confirmed/import-tested type word,"Same order/code model as FH5 reference for this tab; FH6 importer writes the 16-bit shape word, not the whole 7-digit code.",Use full code in JSON or write shape_word at layer offset 0x7A.,tools/fabric-editor/Resources/Vinyls/Primitives/34.png
shape_tab,1,Primitives,35,,,,Narrowing Rectangle,1048711,0x100087,135,0x0087,0,135,1048711,135,0,confirmed/import-tested type word,"Same order/code model as FH5 reference for this tab; FH6 importer writes the 16-bit shape word, not the whole 7-digit code.",Use full code in JSON or write shape_word at layer offset 0x7A.,tools/fabric-editor/Resources/Vinyls/Primitives/35.png
shape_tab,1,Primitives,36,,,,Jellybean,1048712,0x100088,136,0x0088,0,136,1048712,136,0,confirmed/import-tested type word,"Same order/code model as FH5 reference for this tab; FH6 importer writes the 16-bit shape word, not the whole 7-digit code.",Use full code in JSON or write shape_word at layer offset 0x7A.,tools/fabric-editor/Resources/Vinyls/Primitives/36.png
shape_tab,1,Primitives,37,,,,Droplet,1048713,0x100089,137,0x0089,0,137,1048713,137,0,confirmed/import-tested type word,"Same order/code model as FH5 reference for this tab; FH6 importer writes the 16-bit shape word, not the whole 7-digit code.",Use full code in JSON or write shape_word at layer offset 0x7A.,tools/fabric-editor/Resources/Vinyls/Primitives/37.png
shape_tab,1,Primitives,38,,,,Circle Half Border,1048714,0x10008a,138,0x008a,0,138,1048714,138,0,confirmed/import-tested type word,"Same order/code model as FH5 reference for this tab; FH6 importer writes the 16-bit shape word, not the whole 7-digit code.",Use full code in JSON or write shape_word at layer offset 0x7A.,tools/fabric-editor/Resources/Vinyls/Primitives/38.png
shape_tab,1,Primitives,39,,,,Ellipse,1048715,0x10008b,139,0x008b,0,139,1048715,139,0,confirmed/import-tested type word,"Same order/code model as FH5 reference for this tab; FH6 importer writes the 16-bit shape word, not the whole 7-digit code.",Use full code in JSON or write shape_word at layer offset 0x7A.,tools/fabric-editor/Resources/Vinyls/Primitives/39.png
shape_tab,1,Primitives,40,,,,Pentagon Border,1048716,0x10008c,140,0x008c,0,140,1048716,140,0,confirmed/import-tested type word,"Same order/code model as FH5 reference for this tab; FH6 importer writes the 16-bit shape word, not the whole 7-digit code.",Use full code in JSON or write shape_word at layer offset 0x7A.,tools/fabric-editor/Resources/Vinyls/Primitives/40.png
shape_tab,2,Community_Vinyls_1,1,,,,Boomerang,1050677,0x100835,2101,0x0835,8,53,1050677,2101,0,confirmed/import-tested type word,"Same order/code model as FH5 reference for this tab; FH6 importer writes the 16-bit shape word, not the whole 7-digit code.",Use full code in JSON or write shape_word at layer offset 0x7A.,tools/fabric-editor/Resources/Vinyls/Community_Vinyls_1/1.png
shape_tab,2,Community_Vinyls_1,2,,,,Squashed Box,1050678,0x100836,2102,0x0836,8,54,1050678,2102,0,confirmed/import-tested type word,"Same order/code model as FH5 reference for this tab; FH6 importer writes the 16-bit shape word, not the whole 7-digit code.",Use full code in JSON or write shape_word at layer offset 0x7A.,tools/fabric-editor/Resources/Vinyls/Community_Vinyls_1/2.png
shape_tab,2,Community_Vinyls_1,3,,,,Yin Yang Half,1050679,0x100837,2103,0x0837,8,55,1050679,2103,0,confirmed/import-tested type word,"Same order/code model as FH5 reference for this tab; FH6 importer writes the 16-bit shape word, not the whole 7-digit code.",Use full code in JSON or write shape_word at layer offset 0x7A.,tools/fabric-editor/Resources/Vinyls/Community_Vinyls_1/3.png
shape_tab,2,Community_Vinyls_1,4,,,,Flowing Parallelogram,1050680,0x100838,2104,0x0838,8,56,1050680,2104,0,confirmed/import-tested type word,"Same order/code model as FH5 reference for this tab; FH6 importer writes the 16-bit shape word, not the whole 7-digit code.",Use full code in JSON or write shape_word at layer offset 0x7A.,tools/fabric-editor/Resources/Vinyls/Community_Vinyls_1/4.png
shape_tab,2,Community_Vinyls_1,5,,,,Flowing S Curve,1050681,0x100839,2105,0x0839,8,57,1050681,2105,0,confirmed/import-tested type word,"Same order/code model as FH5 reference for this tab; FH6 importer writes the 16-bit shape word, not the whole 7-digit code.",Use full code in JSON or write shape_word at layer offset 0x7A.,tools/fabric-editor/Resources/Vinyls/Community_Vinyls_1/5.png
shape_tab,2,Community_Vinyls_1,6,,,,Parallelogram,1050682,0x10083a,2106,0x083a,8,58,1050682,2106,0,confirmed/import-tested type word,"Same order/code model as FH5 reference for this tab; FH6 importer writes the 16-bit shape word, not the whole 7-digit code.",Use full code in JSON or write shape_word at layer offset 0x7A.,tools/fabric-editor/Resources/Vinyls/Community_Vinyls_1/6.png
shape_tab,2,Community_Vinyls_1,7,,,,Skewed Oval Border,1050683,0x10083b,2107,0x083b,8,59,1050683,2107,0,confirmed/import-tested type word,"Same order/code model as FH5 reference for this tab; FH6 importer writes the 16-bit shape word, not the whole 7-digit code.",Use full code in JSON or write shape_word at layer offset 0x7A.,tools/fabric-editor/Resources/Vinyls/Community_Vinyls_1/7.png
shape_tab,2,Community_Vinyls_1,8,,,,Center Faded Pinwheel,1050684,0x10083c,2108,0x083c,8,60,1050684,2108,0,confirmed/import-tested type word,"Same order/code model as FH5 reference for this tab; FH6 importer writes the 16-bit shape word, not the whole 7-digit code.",Use full code in JSON or write shape_word at layer offset 0x7A.,tools/fabric-editor/Resources/Vinyls/Community_Vinyls_1/8.png
shape_tab,2,Community_Vinyls_1,9,,,,Randomised Leaf Matter,1050685,0x10083d,2109,0x083d,8,61,1050685,2109,0,confirmed/import-tested type word,"Same order/code model as FH5 reference for this tab; FH6 importer writes the 16-bit shape word, not the whole 7-digit code.",Use full code in JSON or write shape_word at layer offset 0x7A.,tools/fabric-editor/Resources/Vinyls/Community_Vinyls_1/9.png
shape_tab,2,Community_Vinyls_1,10,,,,Sausage Glow,1050686,0x10083e,2110,0x083e,8,62,1050686,2110,0,confirmed/import-tested type word,"Same order/code model as FH5 reference for this tab; FH6 importer writes the 16-bit shape word, not the whole 7-digit code.",Use full code in JSON or write shape_word at layer offset 0x7A.,tools/fabric-editor/Resources/Vinyls/Community_Vinyls_1/10.png
shape_tab,2,Community_Vinyls_1,11,,,,Skunk Tail,1050687,0x10083f,2111,0x083f,8,63,1050687,2111,0,confirmed/import-tested type word,"Same order/code model as FH5 reference for this tab; FH6 importer writes the 16-bit shape word, not the whole 7-digit code.",Use full code in JSON or write shape_word at layer offset 0x7A.,tools/fabric-editor/Resources/Vinyls/Community_Vinyls_1/11.png
shape_tab,2,Community_Vinyls_1,12,,,,Lemon,1050688,0x100840,2112,0x0840,8,64,1050688,2112,0,confirmed/import-tested type word,"Same order/code model as FH5 reference for this tab; FH6 importer writes the 16-bit shape word, not the whole 7-digit code.",Use full code in JSON or write shape_word at layer offset 0x7A.,tools/fabric-editor/Resources/Vinyls/Community_Vinyls_1/12.png
shape_tab,2,Community_Vinyls_1,13,,,,Egg,1050689,0x100841,2113,0x0841,8,65,1050689,2113,0,confirmed/import-tested type word,"Same order/code model as FH5 reference for this tab; FH6 importer writes the 16-bit shape word, not the whole 7-digit code.",Use full code in JSON or write shape_word at layer offset 0x7A.,tools/fabric-editor/Resources/Vinyls/Community_Vinyls_1/13.png
shape_tab,2,Community_Vinyls_1,14,,,,Pill,1050690,0x100842,2114,0x0842,8,66,1050690,2114,0,confirmed/import-tested type word,"Same order/code model as FH5 reference for this tab; FH6 importer writes the 16-bit shape word, not the whole 7-digit code.",Use full code in JSON or write shape_word at layer offset 0x7A.,tools/fabric-editor/Resources/Vinyls/Community_Vinyls_1/14.png
shape_tab,2,Community_Vinyls_1,15,,,,Splatter,1050691,0x100843,2115,0x0843,8,67,1050691,2115,0,confirmed/import-tested type word,"Same order/code model as FH5 reference for this tab; FH6 importer writes the 16-bit shape word, not the whole 7-digit code.",Use full code in JSON or write shape_word at layer offset 0x7A.,tools/fabric-editor/Resources/Vinyls/Community_Vinyls_1/15.png
shape_tab,2,Community_Vinyls_1,16,,,,Four Pointed Star Border,1050692,0x100844,2116,0x0844,8,68,1050692,2116,0,confirmed/import-tested type word,"Same order/code model as FH5 reference for this tab; FH6 importer writes the 16-bit shape word, not the whole 7-digit code.",Use full code in JSON or write shape_word at layer offset 0x7A.,tools/fabric-editor/Resources/Vinyls/Community_Vinyls_1/16.png
shape_tab,2,Community_Vinyls_1,17,,,,Skewed Bus Stop Line,1050693,0x100845,2117,0x0845,8,69,1050693,2117,0,confirmed/import-tested type word,"Same order/code model as FH5 reference for this tab; FH6 importer writes the 16-bit shape word, not the whole 7-digit code.",Use full code in JSON or write shape_word at layer offset 0x7A.,tools/fabric-editor/Resources/Vinyls/Community_Vinyls_1/17.png
shape_tab,2,Community_Vinyls_1,18,,,,Off Centre Line Explosion,1050694,0x100846,2118,0x0846,8,70,1050694,2118,0,confirmed/import-tested type word,"Same order/code model as FH5 reference for this tab; FH6 importer writes the 16-bit shape word, not the whole 7-digit code.",Use full code in JSON or write shape_word at layer offset 0x7A.,tools/fabric-editor/Resources/Vinyls/Community_Vinyls_1/18.png
shape_tab,2,Community_Vinyls_1,19,,,,Decreasing Volume Curve,1050695,0x100847,2119,0x0847,8,71,1050695,2119,0,confirmed/import-tested type word,"Same order/code model as FH5 reference for this tab; FH6 importer writes the 16-bit shape word, not the whole 7-digit code.",Use full code in JSON or write shape_word at layer offset 0x7A.,tools/fabric-editor/Resources/Vinyls/Community_Vinyls_1/19.png
shape_tab,2,Community_Vinyls_1,20,,,,Tall Barcode Shadow,1050696,0x100848,2120,0x0848,8,72,1050696,2120,0,confirmed/import-tested type word,"Same order/code model as FH5 reference for this tab; FH6 importer writes the 16-bit shape word, not the whole 7-digit code.",Use full code in JSON or write shape_word at layer offset 0x7A.,tools/fabric-editor/Resources/Vinyls/Community_Vinyls_1/20.png
shape_tab,2,Community_Vinyls_1,21,,,,Old School Helmet,1050697,0x100849,2121,0x0849,8,73,1050697,2121,0,confirmed/import-tested type word,"Same order/code model as FH5 reference for this tab; FH6 importer writes the 16-bit shape word, not the whole 7-digit code.",Use full code in JSON or write shape_word at layer offset 0x7A.,tools/fabric-editor/Resources/Vinyls/Community_Vinyls_1/21.png
shape_tab,2,Community_Vinyls_1,22,,,,Longer Droplet,1050698,0x10084a,2122,0x084a,8,74,1050698,2122,0,confirmed/import-tested type word,"Same order/code model as FH5 reference for this tab; FH6 importer writes the 16-bit shape word, not the whole 7-digit code.",Use full code in JSON or write shape_word at layer offset 0x7A.,tools/fabric-editor/Resources/Vinyls/Community_Vinyls_1/22.png
shape_tab,2,Community_Vinyls_1,23,,,,Half Curved Rectangle,1050699,0x10084b,2123,0x084b,8,75,1050699,2123,0,confirmed/import-tested type word,"Same order/code model as FH5 reference for this tab; FH6 importer writes the 16-bit shape word, not the whole 7-digit code.",Use full code in JSON or write shape_word at layer offset 0x7A.,tools/fabric-editor/Resources/Vinyls/Community_Vinyls_1/23.png
shape_tab,2,Community_Vinyls_1,24,,,,Tall Flowing S Curve,1050700,0x10084c,2124,0x084c,8,76,1050700,2124,0,confirmed/import-tested type word,"Same order/code model as FH5 reference for this tab; FH6 importer writes the 16-bit shape word, not the whole 7-digit code.",Use full code in JSON or write shape_word at layer offset 0x7A.,tools/fabric-editor/Resources/Vinyls/Community_Vinyls_1/24.png
shape_tab,2,Community_Vinyls_1,25,,,,Four Pointed Star,1050701,0x10084d,2125,0x084d,8,77,1050701,2125,0,confirmed/import-tested type word,"Same order/code model as FH5 reference for this tab; FH6 importer writes the 16-bit shape word, not the whole 7-digit code.",Use full code in JSON or write shape_word at layer offset 0x7A.,tools/fabric-editor/Resources/Vinyls/Community_Vinyls_1/25.png
shape_tab,2,Community_Vinyls_1,26,,,,Three Pointed Star Border,1050702,0x10084e,2126,0x084e,8,78,1050702,2126,0,confirmed/import-tested type word,"Same order/code model as FH5 reference for this tab; FH6 importer writes the 16-bit shape word, not the whole 7-digit code.",Use full code in JSON or write shape_word at layer offset 0x7A.,tools/fabric-editor/Resources/Vinyls/Community_Vinyls_1/26.png
shape_tab,2,Community_Vinyls_1,27,,,,Thin Arch Line,1050703,0x10084f,2127,0x084f,8,79,1050703,2127,0,confirmed/import-tested type word,"Same order/code model as FH5 reference for this tab; FH6 importer writes the 16-bit shape word, not the whole 7-digit code.",Use full code in JSON or write shape_word at layer offset 0x7A.,tools/fabric-editor/Resources/Vinyls/Community_Vinyls_1/27.png
shape_tab,2,Community_Vinyls_1,28,,,,Randomised Rectangle,1050704,0x100850,2128,0x0850,8,80,1050704,2128,0,confirmed/import-tested type word,"Same order/code model as FH5 reference for this tab; FH6 importer writes the 16-bit shape word, not the whole 7-digit code.",Use full code in JSON or write shape_word at layer offset 0x7A.,tools/fabric-editor/Resources/Vinyls/Community_Vinyls_1/28.png
shape_tab,2,Community_Vinyls_1,29,,,,In Car Dial,1050705,0x100851,2129,0x0851,8,81,1050705,2129,0,confirmed/import-tested type word,"Same order/code model as FH5 reference for this tab; FH6 importer writes the 16-bit shape word, not the whole 7-digit code.",Use full code in JSON or write shape_word at layer offset 0x7A.,tools/fabric-editor/Resources/Vinyls/Community_Vinyls_1/29.png
shape_tab,2,Community_Vinyls_1,30,,,,Chequerboard,1050706,0x100852,2130,0x0852,8,82,1050706,2130,0,confirmed/import-tested type word,"Same order/code model as FH5 reference for this tab; FH6 importer writes the 16-bit shape word, not the whole 7-digit code.",Use full code in JSON or write shape_word at layer offset 0x7A.,tools/fabric-editor/Resources/Vinyls/Community_Vinyls_1/30.png
shape_tab,2,Community_Vinyls_1,31,,,,Curved Triangle,1050707,0x100853,2131,0x0853,8,83,1050707,2131,0,confirmed/import-tested type word,"Same order/code model as FH5 reference for this tab; FH6 importer writes the 16-bit shape word, not the whole 7-digit code.",Use full code in JSON or write shape_word at layer offset 0x7A.,tools/fabric-editor/Resources/Vinyls/Community_Vinyls_1/31.png
shape_tab,2,Community_Vinyls_1,32,,,,Curved Blade of Grass,1050708,0x100854,2132,0x0854,8,84,1050708,2132,0,confirmed/import-tested type word,"Same order/code model as FH5 reference for this tab; FH6 importer writes the 16-bit shape word, not the whole 7-digit code.",Use full code in JSON or write shape_word at layer offset 0x7A.,tools/fabric-editor/Resources/Vinyls/Community_Vinyls_1/32.png
shape_tab,2,Community_Vinyls_1,33,,,,Squeezed Square,1050709,0x100855,2133,0x0855,8,85,1050709,2133,0,confirmed/import-tested type word,"Same order/code model as FH5 reference for this tab; FH6 importer writes the 16-bit shape word, not the whole 7-digit code.",Use full code in JSON or write shape_word at layer offset 0x7A.,tools/fabric-editor/Resources/Vinyls/Community_Vinyls_1/33.png
shape_tab,2,Community_Vinyls_1,34,,,,Tall Mug Handle,1050710,0x100856,2134,0x0856,8,86,1050710,2134,0,confirmed/import-tested type word,"Same order/code model as FH5 reference for this tab; FH6 importer writes the 16-bit shape word, not the whole 7-digit code.",Use full code in JSON or write shape_word at layer offset 0x7A.,tools/fabric-editor/Resources/Vinyls/Community_Vinyls_1/34.png
shape_tab,2,Community_Vinyls_1,35,,,,Three Pointed Star,1050711,0x100857,2135,0x0857,8,87,1050711,2135,0,confirmed/import-tested type word,"Same order/code model as FH5 reference for this tab; FH6 importer writes the 16-bit shape word, not the whole 7-digit code.",Use full code in JSON or write shape_word at layer offset 0x7A.,tools/fabric-editor/Resources/Vinyls/Community_Vinyls_1/35.png
shape_tab,2,Community_Vinyls_1,36,,,,Parallelogram Border,1050712,0x100858,2136,0x0858,8,88,1050712,2136,0,confirmed/import-tested type word,"Same order/code model as FH5 reference for this tab; FH6 importer writes the 16-bit shape word, not the whole 7-digit code.",Use full code in JSON or write shape_word at layer offset 0x7A.,tools/fabric-editor/Resources/Vinyls/Community_Vinyls_1/36.png
shape_tab,2,Community_Vinyls_1,37,,,,Thin Quarter Circle Line,1050713,0x100859,2137,0x0859,8,89,1050713,2137,0,confirmed/import-tested type word,"Same order/code model as FH5 reference for this tab; FH6 importer writes the 16-bit shape word, not the whole 7-digit code.",Use full code in JSON or write shape_word at layer offset 0x7A.,tools/fabric-editor/Resources/Vinyls/Community_Vinyls_1/37.png
shape_tab,2,Community_Vinyls_1,38,,,,Randomised Square,1050714,0x10085a,2138,0x085a,8,90,1050714,2138,0,confirmed/import-tested type word,"Same order/code model as FH5 reference for this tab; FH6 importer writes the 16-bit shape word, not the whole 7-digit code.",Use full code in JSON or write shape_word at layer offset 0x7A.,tools/fabric-editor/Resources/Vinyls/Community_Vinyls_1/38.png
shape_tab,2,Community_Vinyls_1,39,,,,Stopwatch,1050715,0x10085b,2139,0x085b,8,91,1050715,2139,0,confirmed/import-tested type word,"Same order/code model as FH5 reference for this tab; FH6 importer writes the 16-bit shape word, not the whole 7-digit code.",Use full code in JSON or write shape_word at layer offset 0x7A.,tools/fabric-editor/Resources/Vinyls/Community_Vinyls_1/39.png
shape_tab,2,Community_Vinyls_1,40,,,,North West Arrow Shadow,1050716,0x10085c,2140,0x085c,8,92,1050716,2140,0,confirmed/import-tested type word,"Same order/code model as FH5 reference for this tab; FH6 importer writes the 16-bit shape word, not the whole 7-digit code.",Use full code in JSON or write shape_word at layer offset 0x7A.,tools/fabric-editor/Resources/Vinyls/Community_Vinyls_1/40.png
shape_tab,3,Community_Vinyls_2,1,,,,Full Circle Thick Outer Shadow,1050777,0x100899,2201,0x0899,8,153,1050777,2201,0,confirmed/import-tested type word,"Same order/code model as FH5 reference for this tab; FH6 importer writes the 16-bit shape word, not the whole 7-digit code.",Use full code in JSON or write shape_word at layer offset 0x7A.,tools/fabric-editor/Resources/Vinyls/Community_Vinyls_2/1.png
shape_tab,3,Community_Vinyls_2,2,,,,Full Circle Thick Inner Shadow,1050778,0x10089a,2202,0x089a,8,154,1050778,2202,0,confirmed/import-tested type word,"Same order/code model as FH5 reference for this tab; FH6 importer writes the 16-bit shape word, not the whole 7-digit code.",Use full code in JSON or write shape_word at layer offset 0x7A.,tools/fabric-editor/Resources/Vinyls/Community_Vinyls_2/2.png
shape_tab,3,Community_Vinyls_2,3,,,,Full Circle Thin Inner Shadow,1050779,0x10089b,2203,0x089b,8,155,1050779,2203,0,confirmed/import-tested type word,"Same order/code model as FH5 reference for this tab; FH6 importer writes the 16-bit shape word, not the whole 7-digit code.",Use full code in JSON or write shape_word at layer offset 0x7A.,tools/fabric-editor/Resources/Vinyls/Community_Vinyls_2/3.png
shape_tab,3,Community_Vinyls_2,4,,,,Full Circle Thin Outer Shadow,1050780,0x10089c,2204,0x089c,8,156,1050780,2204,0,confirmed/import-tested type word,"Same order/code model as FH5 reference for this tab; FH6 importer writes the 16-bit shape word, not the whole 7-digit code.",Use full code in JSON or write shape_word at layer offset 0x7A.,tools/fabric-editor/Resources/Vinyls/Community_Vinyls_2/4.png
shape_tab,3,Community_Vinyls_2,5,,,,1:1 Curve,1050781,0x10089d,2205,0x089d,8,157,1050781,2205,0,confirmed/import-tested type word,"Same order/code model as FH5 reference for this tab; FH6 importer writes the 16-bit shape word, not the whole 7-digit code.",Use full code in JSON or write shape_word at layer offset 0x7A.,tools/fabric-editor/Resources/Vinyls/Community_Vinyls_2/5.png
shape_tab,3,Community_Vinyls_2,6,,,,Whisp 1,1050782,0x10089e,2206,0x089e,8,158,1050782,2206,0,confirmed/import-tested type word,"Same order/code model as FH5 reference for this tab; FH6 importer writes the 16-bit shape word, not the whole 7-digit code.",Use full code in JSON or write shape_word at layer offset 0x7A.,tools/fabric-editor/Resources/Vinyls/Community_Vinyls_2/6.png
shape_tab,3,Community_Vinyls_2,7,,,,Whisp 2,1050783,0x10089f,2207,0x089f,8,159,1050783,2207,0,confirmed/import-tested type word,"Same order/code model as FH5 reference for this tab; FH6 importer writes the 16-bit shape word, not the whole 7-digit code.",Use full code in JSON or write shape_word at layer offset 0x7A.,tools/fabric-editor/Resources/Vinyls/Community_Vinyls_2/7.png
shape_tab,3,Community_Vinyls_2,8,,,,Solid Feather Shape,1050784,0x1008a0,2208,0x08a0,8,160,1050784,2208,0,confirmed/import-tested type word,"Same order/code model as FH5 reference for this tab; FH6 importer writes the 16-bit shape word, not the whole 7-digit code.",Use full code in JSON or write shape_word at layer offset 0x7A.,tools/fabric-editor/Resources/Vinyls/Community_Vinyls_2/8.png
shape_tab,3,Community_Vinyls_2,9,,,,Thin Ellipse Shadow,1050785,0x1008a1,2209,0x08a1,8,161,1050785,2209,0,confirmed/import-tested type word,"Same order/code model as FH5 reference for this tab; FH6 importer writes the 16-bit shape word, not the whole 7-digit code.",Use full code in JSON or write shape_word at layer offset 0x7A.,tools/fabric-editor/Resources/Vinyls/Community_Vinyls_2/9.png
shape_tab,3,Community_Vinyls_2,10,,,,Old School Windmill Spiral,1050786,0x1008a2,2210,0x08a2,8,162,1050786,2210,0,confirmed/import-tested type word,"Same order/code model as FH5 reference for this tab; FH6 importer writes the 16-bit shape word, not the whole 7-digit code.",Use full code in JSON or write shape_word at layer offset 0x7A.,tools/fabric-editor/Resources/Vinyls/Community_Vinyls_2/10.png
shape_tab,3,Community_Vinyls_2,11,,,,Half Circle Thick Outer Shadow,1050787,0x1008a3,2211,0x08a3,8,163,1050787,2211,0,confirmed/import-tested type word,"Same order/code model as FH5 reference for this tab; FH6 importer writes the 16-bit shape word, not the whole 7-digit code.",Use full code in JSON or write shape_word at layer offset 0x7A.,tools/fabric-editor/Resources/Vinyls/Community_Vinyls_2/11.png
shape_tab,3,Community_Vinyls_2,12,,,,Half Circle Thick Inner Shadow,1050788,0x1008a4,2212,0x08a4,8,164,1050788,2212,0,confirmed/import-tested type word,"Same order/code model as FH5 reference for this tab; FH6 importer writes the 16-bit shape word, not the whole 7-digit code.",Use full code in JSON or write shape_word at layer offset 0x7A.,tools/fabric-editor/Resources/Vinyls/Community_Vinyls_2/12.png
shape_tab,3,Community_Vinyls_2,13,,,,Half Circle Thin Inner Shadow,1050789,0x1008a5,2213,0x08a5,8,165,1050789,2213,0,confirmed/import-tested type word,"Same order/code model as FH5 reference for this tab; FH6 importer writes the 16-bit shape word, not the whole 7-digit code.",Use full code in JSON or write shape_word at layer offset 0x7A.,tools/fabric-editor/Resources/Vinyls/Community_Vinyls_2/13.png
shape_tab,3,Community_Vinyls_2,14,,,,Half Circle Thin Outer Shadow,1050790,0x1008a6,2214,0x08a6,8,166,1050790,2214,0,confirmed/import-tested type word,"Same order/code model as FH5 reference for this tab; FH6 importer writes the 16-bit shape word, not the whole 7-digit code.",Use full code in JSON or write shape_word at layer offset 0x7A.,tools/fabric-editor/Resources/Vinyls/Community_Vinyls_2/14.png
shape_tab,3,Community_Vinyls_2,15,,,,1:2 Curve,1050791,0x1008a7,2215,0x08a7,8,167,1050791,2215,0,confirmed/import-tested type word,"Same order/code model as FH5 reference for this tab; FH6 importer writes the 16-bit shape word, not the whole 7-digit code.",Use full code in JSON or write shape_word at layer offset 0x7A.,tools/fabric-editor/Resources/Vinyls/Community_Vinyls_2/15.png
shape_tab,3,Community_Vinyls_2,16,,,,Whisp 3,1050792,0x1008a8,2216,0x08a8,8,168,1050792,2216,0,confirmed/import-tested type word,"Same order/code model as FH5 reference for this tab; FH6 importer writes the 16-bit shape word, not the whole 7-digit code.",Use full code in JSON or write shape_word at layer offset 0x7A.,tools/fabric-editor/Resources/Vinyls/Community_Vinyls_2/16.png
shape_tab,3,Community_Vinyls_2,17,,,,Whisp 4,1050793,0x1008a9,2217,0x08a9,8,169,1050793,2217,0,confirmed/import-tested type word,"Same order/code model as FH5 reference for this tab; FH6 importer writes the 16-bit shape word, not the whole 7-digit code.",Use full code in JSON or write shape_word at layer offset 0x7A.,tools/fabric-editor/Resources/Vinyls/Community_Vinyls_2/17.png
shape_tab,3,Community_Vinyls_2,18,,,,Solid Line,1050794,0x1008aa,2218,0x08aa,8,170,1050794,2218,0,confirmed/import-tested type word,"Same order/code model as FH5 reference for this tab; FH6 importer writes the 16-bit shape word, not the whole 7-digit code.",Use full code in JSON or write shape_word at layer offset 0x7A.,tools/fabric-editor/Resources/Vinyls/Community_Vinyls_2/18.png
shape_tab,3,Community_Vinyls_2,19,,,,Thick Ellipse Shadow,1050795,0x1008ab,2219,0x08ab,8,171,1050795,2219,0,confirmed/import-tested type word,"Same order/code model as FH5 reference for this tab; FH6 importer writes the 16-bit shape word, not the whole 7-digit code.",Use full code in JSON or write shape_word at layer offset 0x7A.,tools/fabric-editor/Resources/Vinyls/Community_Vinyls_2/19.png
shape_tab,3,Community_Vinyls_2,20,,,,Angled Fingerpaint Sun,1050796,0x1008ac,2220,0x08ac,8,172,1050796,2220,0,confirmed/import-tested type word,"Same order/code model as FH5 reference for this tab; FH6 importer writes the 16-bit shape word, not the whole 7-digit code.",Use full code in JSON or write shape_word at layer offset 0x7A.,tools/fabric-editor/Resources/Vinyls/Community_Vinyls_2/20.png
shape_tab,3,Community_Vinyls_2,21,,,,1/4 Circle Thick Outer Shadow,1050797,0x1008ad,2221,0x08ad,8,173,1050797,2221,0,confirmed/import-tested type word,"Same order/code model as FH5 reference for this tab; FH6 importer writes the 16-bit shape word, not the whole 7-digit code.",Use full code in JSON or write shape_word at layer offset 0x7A.,tools/fabric-editor/Resources/Vinyls/Community_Vinyls_2/21.png
shape_tab,3,Community_Vinyls_2,22,,,,1/4 Circle Thick Inner Shadow,1050798,0x1008ae,2222,0x08ae,8,174,1050798,2222,0,confirmed/import-tested type word,"Same order/code model as FH5 reference for this tab; FH6 importer writes the 16-bit shape word, not the whole 7-digit code.",Use full code in JSON or write shape_word at layer offset 0x7A.,tools/fabric-editor/Resources/Vinyls/Community_Vinyls_2/22.png
shape_tab,3,Community_Vinyls_2,23,,,,1/4 Circle Thin Inner Shadow,1050799,0x1008af,2223,0x08af,8,175,1050799,2223,0,confirmed/import-tested type word,"Same order/code model as FH5 reference for this tab; FH6 importer writes the 16-bit shape word, not the whole 7-digit code.",Use full code in JSON or write shape_word at layer offset 0x7A.,tools/fabric-editor/Resources/Vinyls/Community_Vinyls_2/23.png
shape_tab,3,Community_Vinyls_2,24,,,,1/4 Circle Thin Outer Shadow,1050800,0x1008b0,2224,0x08b0,8,176,1050800,2224,0,confirmed/import-tested type word,"Same order/code model as FH5 reference for this tab; FH6 importer writes the 16-bit shape word, not the whole 7-digit code.",Use full code in JSON or write shape_word at layer offset 0x7A.,tools/fabric-editor/Resources/Vinyls/Community_Vinyls_2/24.png
shape_tab,3,Community_Vinyls_2,25,,,,1:3 Circle,1050801,0x1008b1,2225,0x08b1,8,177,1050801,2225,0,confirmed/import-tested type word,"Same order/code model as FH5 reference for this tab; FH6 importer writes the 16-bit shape word, not the whole 7-digit code.",Use full code in JSON or write shape_word at layer offset 0x7A.,tools/fabric-editor/Resources/Vinyls/Community_Vinyls_2/25.png
shape_tab,3,Community_Vinyls_2,26,,,,Whisp 5,1050802,0x1008b2,2226,0x08b2,8,178,1050802,2226,0,confirmed/import-tested type word,"Same order/code model as FH5 reference for this tab; FH6 importer writes the 16-bit shape word, not the whole 7-digit code.",Use full code in JSON or write shape_word at layer offset 0x7A.,tools/fabric-editor/Resources/Vinyls/Community_Vinyls_2/26.png
shape_tab,3,Community_Vinyls_2,27,,,,Long Line Tear,1050803,0x1008b3,2227,0x08b3,8,179,1050803,2227,0,confirmed/import-tested type word,"Same order/code model as FH5 reference for this tab; FH6 importer writes the 16-bit shape word, not the whole 7-digit code.",Use full code in JSON or write shape_word at layer offset 0x7A.,tools/fabric-editor/Resources/Vinyls/Community_Vinyls_2/27.png
shape_tab,3,Community_Vinyls_2,28,,,,Solid Line Arch,1050804,0x1008b4,2228,0x08b4,8,180,1050804,2228,0,confirmed/import-tested type word,"Same order/code model as FH5 reference for this tab; FH6 importer writes the 16-bit shape word, not the whole 7-digit code.",Use full code in JSON or write shape_word at layer offset 0x7A.,tools/fabric-editor/Resources/Vinyls/Community_Vinyls_2/28.png
shape_tab,3,Community_Vinyls_2,29,,,,Rough Paint Blob,1050805,0x1008b5,2229,0x08b5,8,181,1050805,2229,0,confirmed/import-tested type word,"Same order/code model as FH5 reference for this tab; FH6 importer writes the 16-bit shape word, not the whole 7-digit code.",Use full code in JSON or write shape_word at layer offset 0x7A.,tools/fabric-editor/Resources/Vinyls/Community_Vinyls_2/29.png
shape_tab,3,Community_Vinyls_2,30,,,,Angled Flower Petals,1050806,0x1008b6,2230,0x08b6,8,182,1050806,2230,0,confirmed/import-tested type word,"Same order/code model as FH5 reference for this tab; FH6 importer writes the 16-bit shape word, not the whole 7-digit code.",Use full code in JSON or write shape_word at layer offset 0x7A.,tools/fabric-editor/Resources/Vinyls/Community_Vinyls_2/30.png
shape_tab,3,Community_Vinyls_2,31,,,,Line Thick Outer Shadow,1050807,0x1008b7,2231,0x08b7,8,183,1050807,2231,0,confirmed/import-tested type word,"Same order/code model as FH5 reference for this tab; FH6 importer writes the 16-bit shape word, not the whole 7-digit code.",Use full code in JSON or write shape_word at layer offset 0x7A.,tools/fabric-editor/Resources/Vinyls/Community_Vinyls_2/31.png
shape_tab,3,Community_Vinyls_2,32,,,,Line Thick Inner Shadow,1050808,0x1008b8,2232,0x08b8,8,184,1050808,2232,0,confirmed/import-tested type word,"Same order/code model as FH5 reference for this tab; FH6 importer writes the 16-bit shape word, not the whole 7-digit code.",Use full code in JSON or write shape_word at layer offset 0x7A.,tools/fabric-editor/Resources/Vinyls/Community_Vinyls_2/32.png
shape_tab,3,Community_Vinyls_2,33,,,,Line Thin Inner Shadow,1050809,0x1008b9,2233,0x08b9,8,185,1050809,2233,0,confirmed/import-tested type word,"Same order/code model as FH5 reference for this tab; FH6 importer writes the 16-bit shape word, not the whole 7-digit code.",Use full code in JSON or write shape_word at layer offset 0x7A.,tools/fabric-editor/Resources/Vinyls/Community_Vinyls_2/33.png
shape_tab,3,Community_Vinyls_2,34,,,,Lince Thin Outer Shadow,1050810,0x1008ba,2234,0x08ba,8,186,1050810,2234,0,confirmed/import-tested type word,"Same order/code model as FH5 reference for this tab; FH6 importer writes the 16-bit shape word, not the whole 7-digit code.",Use full code in JSON or write shape_word at layer offset 0x7A.,tools/fabric-editor/Resources/Vinyls/Community_Vinyls_2/34.png
shape_tab,3,Community_Vinyls_2,35,,,,1:4 Circle,1050811,0x1008bb,2235,0x08bb,8,187,1050811,2235,0,confirmed/import-tested type word,"Same order/code model as FH5 reference for this tab; FH6 importer writes the 16-bit shape word, not the whole 7-digit code.",Use full code in JSON or write shape_word at layer offset 0x7A.,tools/fabric-editor/Resources/Vinyls/Community_Vinyls_2/35.png
shape_tab,3,Community_Vinyls_2,36,,,,Whisp 6,1050812,0x1008bc,2236,0x08bc,8,188,1050812,2236,0,confirmed/import-tested type word,"Same order/code model as FH5 reference for this tab; FH6 importer writes the 16-bit shape word, not the whole 7-digit code.",Use full code in JSON or write shape_word at layer offset 0x7A.,tools/fabric-editor/Resources/Vinyls/Community_Vinyls_2/36.png
shape_tab,3,Community_Vinyls_2,37,,,,Long Curved Tear,1050813,0x1008bd,2237,0x08bd,8,189,1050813,2237,0,confirmed/import-tested type word,"Same order/code model as FH5 reference for this tab; FH6 importer writes the 16-bit shape word, not the whole 7-digit code.",Use full code in JSON or write shape_word at layer offset 0x7A.,tools/fabric-editor/Resources/Vinyls/Community_Vinyls_2/37.png
shape_tab,3,Community_Vinyls_2,38,,,,Solid Line 2/3rds Oval,1050814,0x1008be,2238,0x08be,8,190,1050814,2238,0,confirmed/import-tested type word,"Same order/code model as FH5 reference for this tab; FH6 importer writes the 16-bit shape word, not the whole 7-digit code.",Use full code in JSON or write shape_word at layer offset 0x7A.,tools/fabric-editor/Resources/Vinyls/Community_Vinyls_2/38.png
shape_tab,3,Community_Vinyls_2,39,,,,Thin Painted 3/4 Circle,1050815,0x1008bf,2239,0x08bf,8,191,1050815,2239,0,confirmed/import-tested type word,"Same order/code model as FH5 reference for this tab; FH6 importer writes the 16-bit shape word, not the whole 7-digit code.",Use full code in JSON or write shape_word at layer offset 0x7A.,tools/fabric-editor/Resources/Vinyls/Community_Vinyls_2/39.png
shape_tab,3,Community_Vinyls_2,40,,,,Dot Shaded Donut Shadow,1050816,0x1008c0,2240,0x08c0,8,192,1050816,2240,0,confirmed/import-tested type word,"Same order/code model as FH5 reference for this tab; FH6 importer writes the 16-bit shape word, not the whole 7-digit code.",Use full code in JSON or write shape_word at layer offset 0x7A.,tools/fabric-editor/Resources/Vinyls/Community_Vinyls_2/40.png
shape_tab,4,Community_Vinyls_3,1,,,,1 - 2 - 1 Swish,1050877,0x1008fd,2301,0x08fd,8,253,1050877,2301,0,confirmed/import-tested type word,"Same order/code model as FH5 reference for this tab; FH6 importer writes the 16-bit shape word, not the whole 7-digit code.",Use full code in JSON or write shape_word at layer offset 0x7A.,tools/fabric-editor/Resources/Vinyls/Community_Vinyls_3/1.png
shape_tab,4,Community_Vinyls_3,2,,,,2 - 1 - 2 Swish,1050878,0x1008fe,2302,0x08fe,8,254,1050878,2302,0,confirmed/import-tested type word,"Same order/code model as FH5 reference for this tab; FH6 importer writes the 16-bit shape word, not the whole 7-digit code.",Use full code in JSON or write shape_word at layer offset 0x7A.,tools/fabric-editor/Resources/Vinyls/Community_Vinyls_3/2.png
shape_tab,4,Community_Vinyls_3,3,,,,Three Corner Frosting,1050879,0x1008ff,2303,0x08ff,8,255,1050879,2303,0,confirmed/import-tested type word,"Same order/code model as FH5 reference for this tab; FH6 importer writes the 16-bit shape word, not the whole 7-digit code.",Use full code in JSON or write shape_word at layer offset 0x7A.,tools/fabric-editor/Resources/Vinyls/Community_Vinyls_3/3.png
shape_tab,4,Community_Vinyls_3,4,,,,Paint Splatter 1,1050880,0x100900,2304,0x0900,9,0,1050880,2304,0,confirmed/import-tested type word,"Same order/code model as FH5 reference for this tab; FH6 importer writes the 16-bit shape word, not the whole 7-digit code.",Use full code in JSON or write shape_word at layer offset 0x7A.,tools/fabric-editor/Resources/Vinyls/Community_Vinyls_3/4.png
shape_tab,4,Community_Vinyls_3,5,,,,Cracked Square 1,1050881,0x100901,2305,0x0901,9,1,1050881,2305,0,confirmed/import-tested type word,"Same order/code model as FH5 reference for this tab; FH6 importer writes the 16-bit shape word, not the whole 7-digit code.",Use full code in JSON or write shape_word at layer offset 0x7A.,tools/fabric-editor/Resources/Vinyls/Community_Vinyls_3/5.png
shape_tab,4,Community_Vinyls_3,6,,,,Paint Splatter 2,1050882,0x100902,2306,0x0902,9,2,1050882,2306,0,confirmed/import-tested type word,"Same order/code model as FH5 reference for this tab; FH6 importer writes the 16-bit shape word, not the whole 7-digit code.",Use full code in JSON or write shape_word at layer offset 0x7A.,tools/fabric-editor/Resources/Vinyls/Community_Vinyls_3/6.png
shape_tab,4,Community_Vinyls_3,7,,,,Paint Splatter 3,1050883,0x100903,2307,0x0903,9,3,1050883,2307,0,confirmed/import-tested type word,"Same order/code model as FH5 reference for this tab; FH6 importer writes the 16-bit shape word, not the whole 7-digit code.",Use full code in JSON or write shape_word at layer offset 0x7A.,tools/fabric-editor/Resources/Vinyls/Community_Vinyls_3/7.png
shape_tab,4,Community_Vinyls_3,8,,,,Paint Splatter Square,1050884,0x100904,2308,0x0904,9,4,1050884,2308,0,confirmed/import-tested type word,"Same order/code model as FH5 reference for this tab; FH6 importer writes the 16-bit shape word, not the whole 7-digit code.",Use full code in JSON or write shape_word at layer offset 0x7A.,tools/fabric-editor/Resources/Vinyls/Community_Vinyls_3/8.png
shape_tab,4,Community_Vinyls_3,9,,,,Square of Donuts,1050885,0x100905,2309,0x0905,9,5,1050885,2309,0,confirmed/import-tested type word,"Same order/code model as FH5 reference for this tab; FH6 importer writes the 16-bit shape word, not the whole 7-digit code.",Use full code in JSON or write shape_word at layer offset 0x7A.,tools/fabric-editor/Resources/Vinyls/Community_Vinyls_3/9.png
shape_tab,4,Community_Vinyls_3,10,,,,Puzzle Piece Outlines,1050886,0x100906,2310,0x0906,9,6,1050886,2310,0,confirmed/import-tested type word,"Same order/code model as FH5 reference for this tab; FH6 importer writes the 16-bit shape word, not the whole 7-digit code.",Use full code in JSON or write shape_word at layer offset 0x7A.,tools/fabric-editor/Resources/Vinyls/Community_Vinyls_3/10.png
shape_tab,4,Community_Vinyls_3,11,,,,1 - 2 Swish,1050887,0x100907,2311,0x0907,9,7,1050887,2311,0,confirmed/import-tested type word,"Same order/code model as FH5 reference for this tab; FH6 importer writes the 16-bit shape word, not the whole 7-digit code.",Use full code in JSON or write shape_word at layer offset 0x7A.,tools/fabric-editor/Resources/Vinyls/Community_Vinyls_3/11.png
shape_tab,4,Community_Vinyls_3,12,,,,1 - 1 Swish,1050888,0x100908,2312,0x0908,9,8,1050888,2312,0,confirmed/import-tested type word,"Same order/code model as FH5 reference for this tab; FH6 importer writes the 16-bit shape word, not the whole 7-digit code.",Use full code in JSON or write shape_word at layer offset 0x7A.,tools/fabric-editor/Resources/Vinyls/Community_Vinyls_3/12.png
shape_tab,4,Community_Vinyls_3,13,,,,Cracked Paint Splatter,1050889,0x100909,2313,0x0909,9,9,1050889,2313,0,confirmed/import-tested type word,"Same order/code model as FH5 reference for this tab; FH6 importer writes the 16-bit shape word, not the whole 7-digit code.",Use full code in JSON or write shape_word at layer offset 0x7A.,tools/fabric-editor/Resources/Vinyls/Community_Vinyls_3/13.png
shape_tab,4,Community_Vinyls_3,14,,,,Paint Splatter 4,1050890,0x10090a,2314,0x090a,9,10,1050890,2314,0,confirmed/import-tested type word,"Same order/code model as FH5 reference for this tab; FH6 importer writes the 16-bit shape word, not the whole 7-digit code.",Use full code in JSON or write shape_word at layer offset 0x7A.,tools/fabric-editor/Resources/Vinyls/Community_Vinyls_3/14.png
shape_tab,4,Community_Vinyls_3,15,,,,Cracked Square 2,1050891,0x10090b,2315,0x090b,9,11,1050891,2315,0,confirmed/import-tested type word,"Same order/code model as FH5 reference for this tab; FH6 importer writes the 16-bit shape word, not the whole 7-digit code.",Use full code in JSON or write shape_word at layer offset 0x7A.,tools/fabric-editor/Resources/Vinyls/Community_Vinyls_3/15.png
shape_tab,4,Community_Vinyls_3,16,,,,Paint Splatter 5,1050892,0x10090c,2316,0x090c,9,12,1050892,2316,0,confirmed/import-tested type word,"Same order/code model as FH5 reference for this tab; FH6 importer writes the 16-bit shape word, not the whole 7-digit code.",Use full code in JSON or write shape_word at layer offset 0x7A.,tools/fabric-editor/Resources/Vinyls/Community_Vinyls_3/16.png
shape_tab,4,Community_Vinyls_3,17,,,,3D Swirl 1,1050893,0x10090d,2317,0x090d,9,13,1050893,2317,0,confirmed/import-tested type word,"Same order/code model as FH5 reference for this tab; FH6 importer writes the 16-bit shape word, not the whole 7-digit code.",Use full code in JSON or write shape_word at layer offset 0x7A.,tools/fabric-editor/Resources/Vinyls/Community_Vinyls_3/17.png
shape_tab,4,Community_Vinyls_3,18,,,,Man of Cards,1050894,0x10090e,2318,0x090e,9,14,1050894,2318,0,confirmed/import-tested type word,"Same order/code model as FH5 reference for this tab; FH6 importer writes the 16-bit shape word, not the whole 7-digit code.",Use full code in JSON or write shape_word at layer offset 0x7A.,tools/fabric-editor/Resources/Vinyls/Community_Vinyls_3/18.png
shape_tab,4,Community_Vinyls_3,19,,,,Cinnamon Scrolls Square,1050895,0x10090f,2319,0x090f,9,15,1050895,2319,0,confirmed/import-tested type word,"Same order/code model as FH5 reference for this tab; FH6 importer writes the 16-bit shape word, not the whole 7-digit code.",Use full code in JSON or write shape_word at layer offset 0x7A.,tools/fabric-editor/Resources/Vinyls/Community_Vinyls_3/19.png
shape_tab,4,Community_Vinyls_3,20,,,,Flintstones Picture Frame,1050896,0x100910,2320,0x0910,9,16,1050896,2320,0,confirmed/import-tested type word,"Same order/code model as FH5 reference for this tab; FH6 importer writes the 16-bit shape word, not the whole 7-digit code.",Use full code in JSON or write shape_word at layer offset 0x7A.,tools/fabric-editor/Resources/Vinyls/Community_Vinyls_3/20.png
shape_tab,4,Community_Vinyls_3,21,,,,Crab Swish,1050897,0x100911,2321,0x0911,9,17,1050897,2321,0,confirmed/import-tested type word,"Same order/code model as FH5 reference for this tab; FH6 importer writes the 16-bit shape word, not the whole 7-digit code.",Use full code in JSON or write shape_word at layer offset 0x7A.,tools/fabric-editor/Resources/Vinyls/Community_Vinyls_3/21.png
shape_tab,4,Community_Vinyls_3,22,,,,1 - 2 Thick/Thin Swish,1050898,0x100912,2322,0x0912,9,18,1050898,2322,0,confirmed/import-tested type word,"Same order/code model as FH5 reference for this tab; FH6 importer writes the 16-bit shape word, not the whole 7-digit code.",Use full code in JSON or write shape_word at layer offset 0x7A.,tools/fabric-editor/Resources/Vinyls/Community_Vinyls_3/22.png
shape_tab,4,Community_Vinyls_3,23,,,,Paint Blotch,1050899,0x100913,2323,0x0913,9,19,1050899,2323,0,confirmed/import-tested type word,"Same order/code model as FH5 reference for this tab; FH6 importer writes the 16-bit shape word, not the whole 7-digit code.",Use full code in JSON or write shape_word at layer offset 0x7A.,tools/fabric-editor/Resources/Vinyls/Community_Vinyls_3/23.png
shape_tab,4,Community_Vinyls_3,24,,,,Paint Splatter 6,1050900,0x100914,2324,0x0914,9,20,1050900,2324,0,confirmed/import-tested type word,"Same order/code model as FH5 reference for this tab; FH6 importer writes the 16-bit shape word, not the whole 7-digit code.",Use full code in JSON or write shape_word at layer offset 0x7A.,tools/fabric-editor/Resources/Vinyls/Community_Vinyls_3/24.png
shape_tab,4,Community_Vinyls_3,25,,,,Cracked Donut,1050901,0x100915,2325,0x0915,9,21,1050901,2325,0,confirmed/import-tested type word,"Same order/code model as FH5 reference for this tab; FH6 importer writes the 16-bit shape word, not the whole 7-digit code.",Use full code in JSON or write shape_word at layer offset 0x7A.,tools/fabric-editor/Resources/Vinyls/Community_Vinyls_3/25.png
shape_tab,4,Community_Vinyls_3,26,,,,Paint Splatter 7,1050902,0x100916,2326,0x0916,9,22,1050902,2326,0,confirmed/import-tested type word,"Same order/code model as FH5 reference for this tab; FH6 importer writes the 16-bit shape word, not the whole 7-digit code.",Use full code in JSON or write shape_word at layer offset 0x7A.,tools/fabric-editor/Resources/Vinyls/Community_Vinyls_3/26.png
shape_tab,4,Community_Vinyls_3,27,,,,3D Swirl 2,1050903,0x100917,2327,0x0917,9,23,1050903,2327,0,confirmed/import-tested type word,"Same order/code model as FH5 reference for this tab; FH6 importer writes the 16-bit shape word, not the whole 7-digit code.",Use full code in JSON or write shape_word at layer offset 0x7A.,tools/fabric-editor/Resources/Vinyls/Community_Vinyls_3/27.png
shape_tab,4,Community_Vinyls_3,28,,,,Square of Half Tetrapods,1050904,0x100918,2328,0x0918,9,24,1050904,2328,0,confirmed/import-tested type word,"Same order/code model as FH5 reference for this tab; FH6 importer writes the 16-bit shape word, not the whole 7-digit code.",Use full code in JSON or write shape_word at layer offset 0x7A.,tools/fabric-editor/Resources/Vinyls/Community_Vinyls_3/28.png
shape_tab,4,Community_Vinyls_3,29,,,,Square of Stacked Cards,1050905,0x100919,2329,0x0919,9,25,1050905,2329,0,confirmed/import-tested type word,"Same order/code model as FH5 reference for this tab; FH6 importer writes the 16-bit shape word, not the whole 7-digit code.",Use full code in JSON or write shape_word at layer offset 0x7A.,tools/fabric-editor/Resources/Vinyls/Community_Vinyls_3/29.png
shape_tab,4,Community_Vinyls_3,30,,,,Cluster of Donuts,1050906,0x10091a,2330,0x091a,9,26,1050906,2330,0,confirmed/import-tested type word,"Same order/code model as FH5 reference for this tab; FH6 importer writes the 16-bit shape word, not the whole 7-digit code.",Use full code in JSON or write shape_word at layer offset 0x7A.,tools/fabric-editor/Resources/Vinyls/Community_Vinyls_3/30.png
shape_tab,4,Community_Vinyls_3,31,,,,2 - 1 - 3 Swirl,1050907,0x10091b,2331,0x091b,9,27,1050907,2331,0,confirmed/import-tested type word,"Same order/code model as FH5 reference for this tab; FH6 importer writes the 16-bit shape word, not the whole 7-digit code.",Use full code in JSON or write shape_word at layer offset 0x7A.,tools/fabric-editor/Resources/Vinyls/Community_Vinyls_3/31.png
shape_tab,4,Community_Vinyls_3,32,,,,Two Corner Frosting,1050908,0x10091c,2332,0x091c,9,28,1050908,2332,0,confirmed/import-tested type word,"Same order/code model as FH5 reference for this tab; FH6 importer writes the 16-bit shape word, not the whole 7-digit code.",Use full code in JSON or write shape_word at layer offset 0x7A.,tools/fabric-editor/Resources/Vinyls/Community_Vinyls_3/32.png
shape_tab,4,Community_Vinyls_3,33,,,,Paint Splatter 8,1050909,0x10091d,2333,0x091d,9,29,1050909,2333,0,confirmed/import-tested type word,"Same order/code model as FH5 reference for this tab; FH6 importer writes the 16-bit shape word, not the whole 7-digit code.",Use full code in JSON or write shape_word at layer offset 0x7A.,tools/fabric-editor/Resources/Vinyls/Community_Vinyls_3/33.png
shape_tab,4,Community_Vinyls_3,34,,,,Cracked Square 3,1050910,0x10091e,2334,0x091e,9,30,1050910,2334,0,confirmed/import-tested type word,"Same order/code model as FH5 reference for this tab; FH6 importer writes the 16-bit shape word, not the whole 7-digit code.",Use full code in JSON or write shape_word at layer offset 0x7A.,tools/fabric-editor/Resources/Vinyls/Community_Vinyls_3/34.png
shape_tab,4,Community_Vinyls_3,35,,,,Bent Pennant Flag Pole,1050911,0x10091f,2335,0x091f,9,31,1050911,2335,0,confirmed/import-tested type word,"Same order/code model as FH5 reference for this tab; FH6 importer writes the 16-bit shape word, not the whole 7-digit code.",Use full code in JSON or write shape_word at layer offset 0x7A.,tools/fabric-editor/Resources/Vinyls/Community_Vinyls_3/35.png
shape_tab,4,Community_Vinyls_3,36,,,,Paint Splatter 9,1050912,0x100920,2336,0x0920,9,32,1050912,2336,0,confirmed/import-tested type word,"Same order/code model as FH5 reference for this tab; FH6 importer writes the 16-bit shape word, not the whole 7-digit code.",Use full code in JSON or write shape_word at layer offset 0x7A.,tools/fabric-editor/Resources/Vinyls/Community_Vinyls_3/36.png
shape_tab,4,Community_Vinyls_3,37,,,,3D Swirl 3,1050913,0x100921,2337,0x0921,9,33,1050913,2337,0,confirmed/import-tested type word,"Same order/code model as FH5 reference for this tab; FH6 importer writes the 16-bit shape word, not the whole 7-digit code.",Use full code in JSON or write shape_word at layer offset 0x7A.,tools/fabric-editor/Resources/Vinyls/Community_Vinyls_3/37.png
shape_tab,4,Community_Vinyls_3,38,,,,Square of Melted Donuts,1050914,0x100922,2338,0x0922,9,34,1050914,2338,0,confirmed/import-tested type word,"Same order/code model as FH5 reference for this tab; FH6 importer writes the 16-bit shape word, not the whole 7-digit code.",Use full code in JSON or write shape_word at layer offset 0x7A.,tools/fabric-editor/Resources/Vinyls/Community_Vinyls_3/38.png
shape_tab,4,Community_Vinyls_3,39,,,,Cluster of Rough Rectangles,1050915,0x100923,2339,0x0923,9,35,1050915,2339,0,confirmed/import-tested type word,"Same order/code model as FH5 reference for this tab; FH6 importer writes the 16-bit shape word, not the whole 7-digit code.",Use full code in JSON or write shape_word at layer offset 0x7A.,tools/fabric-editor/Resources/Vinyls/Community_Vinyls_3/39.png
shape_tab,4,Community_Vinyls_3,40,,,,Cluster of Circles,1050916,0x100924,2340,0x0924,9,36,1050916,2340,0,confirmed/import-tested type word,"Same order/code model as FH5 reference for this tab; FH6 importer writes the 16-bit shape word, not the whole 7-digit code.",Use full code in JSON or write shape_word at layer offset 0x7A.,tools/fabric-editor/Resources/Vinyls/Community_Vinyls_3/40.png
shape_tab,5,Community_Vinyls_4,1,,,,1 - 2 - 1 Swish Gradient,1050977,0x100961,2401,0x0961,9,97,1050977,2401,0,confirmed/import-tested type word,"Same order/code model as FH5 reference for this tab; FH6 importer writes the 16-bit shape word, not the whole 7-digit code.",Use full code in JSON or write shape_word at layer offset 0x7A.,tools/fabric-editor/Resources/Vinyls/Community_Vinyls_4/1.png
shape_tab,5,Community_Vinyls_4,2,,,,2 - 1 - 2 Swish Gradient,1050978,0x100962,2402,0x0962,9,98,1050978,2402,0,confirmed/import-tested type word,"Same order/code model as FH5 reference for this tab; FH6 importer writes the 16-bit shape word, not the whole 7-digit code.",Use full code in JSON or write shape_word at layer offset 0x7A.,tools/fabric-editor/Resources/Vinyls/Community_Vinyls_4/2.png
shape_tab,5,Community_Vinyls_4,3,,,,Three Corner Frosting Gradient,1050979,0x100963,2403,0x0963,9,99,1050979,2403,0,confirmed/import-tested type word,"Same order/code model as FH5 reference for this tab; FH6 importer writes the 16-bit shape word, not the whole 7-digit code.",Use full code in JSON or write shape_word at layer offset 0x7A.,tools/fabric-editor/Resources/Vinyls/Community_Vinyls_4/3.png
shape_tab,5,Community_Vinyls_4,4,,,,Paint Splatter 1 Gradient,1050980,0x100964,2404,0x0964,9,100,1050980,2404,0,confirmed/import-tested type word,"Same order/code model as FH5 reference for this tab; FH6 importer writes the 16-bit shape word, not the whole 7-digit code.",Use full code in JSON or write shape_word at layer offset 0x7A.,tools/fabric-editor/Resources/Vinyls/Community_Vinyls_4/4.png
shape_tab,5,Community_Vinyls_4,5,,,,Cracked Square 1 Gradient,1050981,0x100965,2405,0x0965,9,101,1050981,2405,0,confirmed/import-tested type word,"Same order/code model as FH5 reference for this tab; FH6 importer writes the 16-bit shape word, not the whole 7-digit code.",Use full code in JSON or write shape_word at layer offset 0x7A.,tools/fabric-editor/Resources/Vinyls/Community_Vinyls_4/5.png
shape_tab,5,Community_Vinyls_4,6,,,,Narrowing Gradient Shape 1,1050982,0x100966,2406,0x0966,9,102,1050982,2406,0,confirmed/import-tested type word,"Same order/code model as FH5 reference for this tab; FH6 importer writes the 16-bit shape word, not the whole 7-digit code.",Use full code in JSON or write shape_word at layer offset 0x7A.,tools/fabric-editor/Resources/Vinyls/Community_Vinyls_4/6.png
shape_tab,5,Community_Vinyls_4,7,,,,Gradient Stripes Square 1,1050983,0x100967,2407,0x0967,9,103,1050983,2407,0,confirmed/import-tested type word,"Same order/code model as FH5 reference for this tab; FH6 importer writes the 16-bit shape word, not the whole 7-digit code.",Use full code in JSON or write shape_word at layer offset 0x7A.,tools/fabric-editor/Resources/Vinyls/Community_Vinyls_4/7.png
shape_tab,5,Community_Vinyls_4,8,,,,Gradient Stripes Square 2,1050984,0x100968,2408,0x0968,9,104,1050984,2408,0,confirmed/import-tested type word,"Same order/code model as FH5 reference for this tab; FH6 importer writes the 16-bit shape word, not the whole 7-digit code.",Use full code in JSON or write shape_word at layer offset 0x7A.,tools/fabric-editor/Resources/Vinyls/Community_Vinyls_4/8.png
shape_tab,5,Community_Vinyls_4,9,,,,Saturn Rings Circle 1,1050985,0x100969,2409,0x0969,9,105,1050985,2409,0,confirmed/import-tested type word,"Same order/code model as FH5 reference for this tab; FH6 importer writes the 16-bit shape word, not the whole 7-digit code.",Use full code in JSON or write shape_word at layer offset 0x7A.,tools/fabric-editor/Resources/Vinyls/Community_Vinyls_4/9.png
shape_tab,5,Community_Vinyls_4,10,,,,Saturn Rings Single,1050986,0x10096a,2410,0x096a,9,106,1050986,2410,0,confirmed/import-tested type word,"Same order/code model as FH5 reference for this tab; FH6 importer writes the 16-bit shape word, not the whole 7-digit code.",Use full code in JSON or write shape_word at layer offset 0x7A.,tools/fabric-editor/Resources/Vinyls/Community_Vinyls_4/10.png
shape_tab,5,Community_Vinyls_4,11,,,,1 - 2 Swish Gradient,1050987,0x10096b,2411,0x096b,9,107,1050987,2411,0,confirmed/import-tested type word,"Same order/code model as FH5 reference for this tab; FH6 importer writes the 16-bit shape word, not the whole 7-digit code.",Use full code in JSON or write shape_word at layer offset 0x7A.,tools/fabric-editor/Resources/Vinyls/Community_Vinyls_4/11.png
shape_tab,5,Community_Vinyls_4,12,,,,1 - 1 Swish Gradient,1050988,0x10096c,2412,0x096c,9,108,1050988,2412,0,confirmed/import-tested type word,"Same order/code model as FH5 reference for this tab; FH6 importer writes the 16-bit shape word, not the whole 7-digit code.",Use full code in JSON or write shape_word at layer offset 0x7A.,tools/fabric-editor/Resources/Vinyls/Community_Vinyls_4/12.png
shape_tab,5,Community_Vinyls_4,13,,,,Cracked Paint Splatter Gradient,1050989,0x10096d,2413,0x096d,9,109,1050989,2413,0,confirmed/import-tested type word,"Same order/code model as FH5 reference for this tab; FH6 importer writes the 16-bit shape word, not the whole 7-digit code.",Use full code in JSON or write shape_word at layer offset 0x7A.,tools/fabric-editor/Resources/Vinyls/Community_Vinyls_4/13.png
shape_tab,5,Community_Vinyls_4,14,,,,Paint Splatter 4 Gradient,1050990,0x10096e,2414,0x096e,9,110,1050990,2414,0,confirmed/import-tested type word,"Same order/code model as FH5 reference for this tab; FH6 importer writes the 16-bit shape word, not the whole 7-digit code.",Use full code in JSON or write shape_word at layer offset 0x7A.,tools/fabric-editor/Resources/Vinyls/Community_Vinyls_4/14.png
shape_tab,5,Community_Vinyls_4,15,,,,Cracked Square 2 Gradient,1050991,0x10096f,2415,0x096f,9,111,1050991,2415,0,confirmed/import-tested type word,"Same order/code model as FH5 reference for this tab; FH6 importer writes the 16-bit shape word, not the whole 7-digit code.",Use full code in JSON or write shape_word at layer offset 0x7A.,tools/fabric-editor/Resources/Vinyls/Community_Vinyls_4/15.png
shape_tab,5,Community_Vinyls_4,16,,,,Narrowing Gradient Shape 2,1050992,0x100970,2416,0x0970,9,112,1050992,2416,0,confirmed/import-tested type word,"Same order/code model as FH5 reference for this tab; FH6 importer writes the 16-bit shape word, not the whole 7-digit code.",Use full code in JSON or write shape_word at layer offset 0x7A.,tools/fabric-editor/Resources/Vinyls/Community_Vinyls_4/16.png
shape_tab,5,Community_Vinyls_4,17,,,,Gradient Stripes Square 3,1050993,0x100971,2417,0x0971,9,113,1050993,2417,0,confirmed/import-tested type word,"Same order/code model as FH5 reference for this tab; FH6 importer writes the 16-bit shape word, not the whole 7-digit code.",Use full code in JSON or write shape_word at layer offset 0x7A.,tools/fabric-editor/Resources/Vinyls/Community_Vinyls_4/17.png
shape_tab,5,Community_Vinyls_4,18,,,,Saturn Rings Donut 1,1050994,0x100972,2418,0x0972,9,114,1050994,2418,0,confirmed/import-tested type word,"Same order/code model as FH5 reference for this tab; FH6 importer writes the 16-bit shape word, not the whole 7-digit code.",Use full code in JSON or write shape_word at layer offset 0x7A.,tools/fabric-editor/Resources/Vinyls/Community_Vinyls_4/18.png
shape_tab,5,Community_Vinyls_4,19,,,,Saturn Rings Donut 2,1050995,0x100973,2419,0x0973,9,115,1050995,2419,0,confirmed/import-tested type word,"Same order/code model as FH5 reference for this tab; FH6 importer writes the 16-bit shape word, not the whole 7-digit code.",Use full code in JSON or write shape_word at layer offset 0x7A.,tools/fabric-editor/Resources/Vinyls/Community_Vinyls_4/19.png
shape_tab,5,Community_Vinyls_4,20,,,,Gradient Ball Shadow,1050996,0x100974,2420,0x0974,9,116,1050996,2420,0,confirmed/import-tested type word,"Same order/code model as FH5 reference for this tab; FH6 importer writes the 16-bit shape word, not the whole 7-digit code.",Use full code in JSON or write shape_word at layer offset 0x7A.,tools/fabric-editor/Resources/Vinyls/Community_Vinyls_4/20.png
shape_tab,5,Community_Vinyls_4,21,,,,Crab Swish Gradient,1050997,0x100975,2421,0x0975,9,117,1050997,2421,0,confirmed/import-tested type word,"Same order/code model as FH5 reference for this tab; FH6 importer writes the 16-bit shape word, not the whole 7-digit code.",Use full code in JSON or write shape_word at layer offset 0x7A.,tools/fabric-editor/Resources/Vinyls/Community_Vinyls_4/21.png
shape_tab,5,Community_Vinyls_4,22,,,,1 - 2 Thick/Thin Swish Gradient,1050998,0x100976,2422,0x0976,9,118,1050998,2422,0,confirmed/import-tested type word,"Same order/code model as FH5 reference for this tab; FH6 importer writes the 16-bit shape word, not the whole 7-digit code.",Use full code in JSON or write shape_word at layer offset 0x7A.,tools/fabric-editor/Resources/Vinyls/Community_Vinyls_4/22.png
shape_tab,5,Community_Vinyls_4,23,,,,Paint Blotch Gradient,1050999,0x100977,2423,0x0977,9,119,1050999,2423,0,confirmed/import-tested type word,"Same order/code model as FH5 reference for this tab; FH6 importer writes the 16-bit shape word, not the whole 7-digit code.",Use full code in JSON or write shape_word at layer offset 0x7A.,tools/fabric-editor/Resources/Vinyls/Community_Vinyls_4/23.png
shape_tab,5,Community_Vinyls_4,24,,,,Paint Splatter 6 Gradient,1051000,0x100978,2424,0x0978,9,120,1051000,2424,0,confirmed/import-tested type word,"Same order/code model as FH5 reference for this tab; FH6 importer writes the 16-bit shape word, not the whole 7-digit code.",Use full code in JSON or write shape_word at layer offset 0x7A.,tools/fabric-editor/Resources/Vinyls/Community_Vinyls_4/24.png
shape_tab,5,Community_Vinyls_4,25,,,,Cracked Donut Gradient,1051001,0x100979,2425,0x0979,9,121,1051001,2425,0,confirmed/import-tested type word,"Same order/code model as FH5 reference for this tab; FH6 importer writes the 16-bit shape word, not the whole 7-digit code.",Use full code in JSON or write shape_word at layer offset 0x7A.,tools/fabric-editor/Resources/Vinyls/Community_Vinyls_4/25.png
shape_tab,5,Community_Vinyls_4,26,,,,Gradient Stripes Square 4,1051002,0x10097a,2426,0x097a,9,122,1051002,2426,0,confirmed/import-tested type word,"Same order/code model as FH5 reference for this tab; FH6 importer writes the 16-bit shape word, not the whole 7-digit code.",Use full code in JSON or write shape_word at layer offset 0x7A.,tools/fabric-editor/Resources/Vinyls/Community_Vinyls_4/26.png
shape_tab,5,Community_Vinyls_4,27,,,,Gradient Stripes Square 5,1051003,0x10097b,2427,0x097b,9,123,1051003,2427,0,confirmed/import-tested type word,"Same order/code model as FH5 reference for this tab; FH6 importer writes the 16-bit shape word, not the whole 7-digit code.",Use full code in JSON or write shape_word at layer offset 0x7A.,tools/fabric-editor/Resources/Vinyls/Community_Vinyls_4/27.png
shape_tab,5,Community_Vinyls_4,28,,,,Saturn Rings Circle 2,1051004,0x10097c,2428,0x097c,9,124,1051004,2428,0,confirmed/import-tested type word,"Same order/code model as FH5 reference for this tab; FH6 importer writes the 16-bit shape word, not the whole 7-digit code.",Use full code in JSON or write shape_word at layer offset 0x7A.,tools/fabric-editor/Resources/Vinyls/Community_Vinyls_4/28.png
shape_tab,5,Community_Vinyls_4,29,,,,Saturn Rings Tilted 1,1051005,0x10097d,2429,0x097d,9,125,1051005,2429,0,confirmed/import-tested type word,"Same order/code model as FH5 reference for this tab; FH6 importer writes the 16-bit shape word, not the whole 7-digit code.",Use full code in JSON or write shape_word at layer offset 0x7A.,tools/fabric-editor/Resources/Vinyls/Community_Vinyls_4/29.png
shape_tab,5,Community_Vinyls_4,30,,,,Stacked Cards Shadow,1051006,0x10097e,2430,0x097e,9,126,1051006,2430,0,confirmed/import-tested type word,"Same order/code model as FH5 reference for this tab; FH6 importer writes the 16-bit shape word, not the whole 7-digit code.",Use full code in JSON or write shape_word at layer offset 0x7A.,tools/fabric-editor/Resources/Vinyls/Community_Vinyls_4/30.png
shape_tab,5,Community_Vinyls_4,31,,,,2 - 1 - 3 Swirl Gradient,1051007,0x10097f,2431,0x097f,9,127,1051007,2431,0,confirmed/import-tested type word,"Same order/code model as FH5 reference for this tab; FH6 importer writes the 16-bit shape word, not the whole 7-digit code.",Use full code in JSON or write shape_word at layer offset 0x7A.,tools/fabric-editor/Resources/Vinyls/Community_Vinyls_4/31.png
shape_tab,5,Community_Vinyls_4,32,,,,Two Corner Frosting Gradient,1051008,0x100980,2432,0x0980,9,128,1051008,2432,0,confirmed/import-tested type word,"Same order/code model as FH5 reference for this tab; FH6 importer writes the 16-bit shape word, not the whole 7-digit code.",Use full code in JSON or write shape_word at layer offset 0x7A.,tools/fabric-editor/Resources/Vinyls/Community_Vinyls_4/32.png
shape_tab,5,Community_Vinyls_4,33,,,,Paint Splatter 8 Gradient,1051009,0x100981,2433,0x0981,9,129,1051009,2433,0,confirmed/import-tested type word,"Same order/code model as FH5 reference for this tab; FH6 importer writes the 16-bit shape word, not the whole 7-digit code.",Use full code in JSON or write shape_word at layer offset 0x7A.,tools/fabric-editor/Resources/Vinyls/Community_Vinyls_4/33.png
shape_tab,5,Community_Vinyls_4,34,,,,Cracked Square 3 Gradient,1051010,0x100982,2434,0x0982,9,130,1051010,2434,0,confirmed/import-tested type word,"Same order/code model as FH5 reference for this tab; FH6 importer writes the 16-bit shape word, not the whole 7-digit code.",Use full code in JSON or write shape_word at layer offset 0x7A.,tools/fabric-editor/Resources/Vinyls/Community_Vinyls_4/34.png
shape_tab,5,Community_Vinyls_4,35,,,,Bent Pennant Flag Pole Gradient,1051011,0x100983,2435,0x0983,9,131,1051011,2435,0,confirmed/import-tested type word,"Same order/code model as FH5 reference for this tab; FH6 importer writes the 16-bit shape word, not the whole 7-digit code.",Use full code in JSON or write shape_word at layer offset 0x7A.,tools/fabric-editor/Resources/Vinyls/Community_Vinyls_4/35.png
shape_tab,5,Community_Vinyls_4,36,,,,Gradient Stripes Square 6,1051012,0x100984,2436,0x0984,9,132,1051012,2436,0,confirmed/import-tested type word,"Same order/code model as FH5 reference for this tab; FH6 importer writes the 16-bit shape word, not the whole 7-digit code.",Use full code in JSON or write shape_word at layer offset 0x7A.,tools/fabric-editor/Resources/Vinyls/Community_Vinyls_4/36.png
shape_tab,5,Community_Vinyls_4,37,,,,Gradient Stripes Square 7,1051013,0x100985,2437,0x0985,9,133,1051013,2437,0,confirmed/import-tested type word,"Same order/code model as FH5 reference for this tab; FH6 importer writes the 16-bit shape word, not the whole 7-digit code.",Use full code in JSON or write shape_word at layer offset 0x7A.,tools/fabric-editor/Resources/Vinyls/Community_Vinyls_4/37.png
shape_tab,5,Community_Vinyls_4,38,,,,Saturn Rings Donut 3,1051014,0x100986,2438,0x0986,9,134,1051014,2438,0,confirmed/import-tested type word,"Same order/code model as FH5 reference for this tab; FH6 importer writes the 16-bit shape word, not the whole 7-digit code.",Use full code in JSON or write shape_word at layer offset 0x7A.,tools/fabric-editor/Resources/Vinyls/Community_Vinyls_4/38.png
shape_tab,5,Community_Vinyls_4,39,,,,Saturn Rings Tilted 2,1051015,0x100987,2439,0x0987,9,135,1051015,2439,0,confirmed/import-tested type word,"Same order/code model as FH5 reference for this tab; FH6 importer writes the 16-bit shape word, not the whole 7-digit code.",Use full code in JSON or write shape_word at layer offset 0x7A.,tools/fabric-editor/Resources/Vinyls/Community_Vinyls_4/39.png
shape_tab,5,Community_Vinyls_4,40,,,,S Curve Gradient,1051016,0x100988,2440,0x0988,9,136,1051016,2440,0,confirmed/import-tested type word,"Same order/code model as FH5 reference for this tab; FH6 importer writes the 16-bit shape word, not the whole 7-digit code.",Use full code in JSON or write shape_word at layer offset 0x7A.,tools/fabric-editor/Resources/Vinyls/Community_Vinyls_4/40.png
shape_tab,6,Gradient_Shapes,1,,,,Dot Gradient Stripe 1,1048777,0x1000c9,201,0x00c9,0,201,1048777,201,0,confirmed/import-tested type word,"Same order/code model as FH5 reference for this tab; FH6 importer writes the 16-bit shape word, not the whole 7-digit code.",Use full code in JSON or write shape_word at layer offset 0x7A.,tools/fabric-editor/Resources/Vinyls/Gradient_Shapes/1.png
shape_tab,6,Gradient_Shapes,2,,,,Gradient Hook,1048778,0x1000ca,202,0x00ca,0,202,1048778,202,0,confirmed/import-tested type word,"Same order/code model as FH5 reference for this tab; FH6 importer writes the 16-bit shape word, not the whole 7-digit code.",Use full code in JSON or write shape_word at layer offset 0x7A.,tools/fabric-editor/Resources/Vinyls/Gradient_Shapes/2.png
shape_tab,6,Gradient_Shapes,3,,,,Gradient Race Flag 1,1048779,0x1000cb,203,0x00cb,0,203,1048779,203,0,confirmed/import-tested type word,"Same order/code model as FH5 reference for this tab; FH6 importer writes the 16-bit shape word, not the whole 7-digit code.",Use full code in JSON or write shape_word at layer offset 0x7A.,tools/fabric-editor/Resources/Vinyls/Gradient_Shapes/3.png
shape_tab,6,Gradient_Shapes,4,,,,Top - Bottom Gradient,1048780,0x1000cc,204,0x00cc,0,204,1048780,204,0,confirmed/import-tested type word,"Same order/code model as FH5 reference for this tab; FH6 importer writes the 16-bit shape word, not the whole 7-digit code.",Use full code in JSON or write shape_word at layer offset 0x7A.,tools/fabric-editor/Resources/Vinyls/Gradient_Shapes/4.png
shape_tab,6,Gradient_Shapes,5,,,,Centre - Sides Gradient,1048781,0x1000cd,205,0x00cd,0,205,1048781,205,0,confirmed/import-tested type word,"Same order/code model as FH5 reference for this tab; FH6 importer writes the 16-bit shape word, not the whole 7-digit code.",Use full code in JSON or write shape_word at layer offset 0x7A.,tools/fabric-editor/Resources/Vinyls/Gradient_Shapes/5.png
shape_tab,6,Gradient_Shapes,6,,,,Right - Left Gradient Triangle,1048782,0x1000ce,206,0x00ce,0,206,1048782,206,0,confirmed/import-tested type word,"Same order/code model as FH5 reference for this tab; FH6 importer writes the 16-bit shape word, not the whole 7-digit code.",Use full code in JSON or write shape_word at layer offset 0x7A.,tools/fabric-editor/Resources/Vinyls/Gradient_Shapes/6.png
shape_tab,6,Gradient_Shapes,7,,,,Right - Left Gradient Stripes 1,1048783,0x1000cf,207,0x00cf,0,207,1048783,207,0,confirmed/import-tested type word,"Same order/code model as FH5 reference for this tab; FH6 importer writes the 16-bit shape word, not the whole 7-digit code.",Use full code in JSON or write shape_word at layer offset 0x7A.,tools/fabric-editor/Resources/Vinyls/Gradient_Shapes/7.png
shape_tab,6,Gradient_Shapes,8,,,,Outer - Inner Gradient Circle,1048784,0x1000d0,208,0x00d0,0,208,1048784,208,0,confirmed/import-tested type word,"Same order/code model as FH5 reference for this tab; FH6 importer writes the 16-bit shape word, not the whole 7-digit code.",Use full code in JSON or write shape_word at layer offset 0x7A.,tools/fabric-editor/Resources/Vinyls/Gradient_Shapes/8.png
shape_tab,6,Gradient_Shapes,9,,,,Inner - Outer Gradient Star,1048785,0x1000d1,209,0x00d1,0,209,1048785,209,0,confirmed/import-tested type word,"Same order/code model as FH5 reference for this tab; FH6 importer writes the 16-bit shape word, not the whole 7-digit code.",Use full code in JSON or write shape_word at layer offset 0x7A.,tools/fabric-editor/Resources/Vinyls/Gradient_Shapes/9.png
shape_tab,6,Gradient_Shapes,10,,,,Gradient Flame 1,1048786,0x1000d2,210,0x00d2,0,210,1048786,210,0,confirmed/import-tested type word,"Same order/code model as FH5 reference for this tab; FH6 importer writes the 16-bit shape word, not the whole 7-digit code.",Use full code in JSON or write shape_word at layer offset 0x7A.,tools/fabric-editor/Resources/Vinyls/Gradient_Shapes/10.png
shape_tab,6,Gradient_Shapes,11,,,,Dot Gradient Stripe 2,1048787,0x1000d3,211,0x00d3,0,211,1048787,211,0,confirmed/import-tested type word,"Same order/code model as FH5 reference for this tab; FH6 importer writes the 16-bit shape word, not the whole 7-digit code.",Use full code in JSON or write shape_word at layer offset 0x7A.,tools/fabric-editor/Resources/Vinyls/Gradient_Shapes/11.png
shape_tab,6,Gradient_Shapes,12,,,,Dot Gradient Parallelogram Stripe,1048788,0x1000d4,212,0x00d4,0,212,1048788,212,0,confirmed/import-tested type word,"Same order/code model as FH5 reference for this tab; FH6 importer writes the 16-bit shape word, not the whole 7-digit code.",Use full code in JSON or write shape_word at layer offset 0x7A.,tools/fabric-editor/Resources/Vinyls/Gradient_Shapes/12.png
shape_tab,6,Gradient_Shapes,13,,,,Gradient Race Flag 2,1048789,0x1000d5,213,0x00d5,0,213,1048789,213,0,confirmed/import-tested type word,"Same order/code model as FH5 reference for this tab; FH6 importer writes the 16-bit shape word, not the whole 7-digit code.",Use full code in JSON or write shape_word at layer offset 0x7A.,tools/fabric-editor/Resources/Vinyls/Gradient_Shapes/13.png
shape_tab,6,Gradient_Shapes,14,,,,Centre - Edges Gradient,1048790,0x1000d6,214,0x00d6,0,214,1048790,214,0,confirmed/import-tested type word,"Same order/code model as FH5 reference for this tab; FH6 importer writes the 16-bit shape word, not the whole 7-digit code.",Use full code in JSON or write shape_word at layer offset 0x7A.,tools/fabric-editor/Resources/Vinyls/Gradient_Shapes/14.png
shape_tab,6,Gradient_Shapes,15,,,,Right - Left Gradient Stripes 2,1048791,0x1000d7,215,0x00d7,0,215,1048791,215,0,confirmed/import-tested type word,"Same order/code model as FH5 reference for this tab; FH6 importer writes the 16-bit shape word, not the whole 7-digit code.",Use full code in JSON or write shape_word at layer offset 0x7A.,tools/fabric-editor/Resources/Vinyls/Gradient_Shapes/15.png
shape_tab,6,Gradient_Shapes,16,,,,Left - Right Gradient Triangle,1048792,0x1000d8,216,0x00d8,0,216,1048792,216,0,confirmed/import-tested type word,"Same order/code model as FH5 reference for this tab; FH6 importer writes the 16-bit shape word, not the whole 7-digit code.",Use full code in JSON or write shape_word at layer offset 0x7A.,tools/fabric-editor/Resources/Vinyls/Gradient_Shapes/16.png
shape_tab,6,Gradient_Shapes,17,,,,Inner - Outer Gradient Circle,1048793,0x1000d9,217,0x00d9,0,217,1048793,217,0,confirmed/import-tested type word,"Same order/code model as FH5 reference for this tab; FH6 importer writes the 16-bit shape word, not the whole 7-digit code.",Use full code in JSON or write shape_word at layer offset 0x7A.,tools/fabric-editor/Resources/Vinyls/Gradient_Shapes/17.png
shape_tab,6,Gradient_Shapes,18,,,,Left - Right Gradient Half Pill,1048794,0x1000da,218,0x00da,0,218,1048794,218,0,confirmed/import-tested type word,"Same order/code model as FH5 reference for this tab; FH6 importer writes the 16-bit shape word, not the whole 7-digit code.",Use full code in JSON or write shape_word at layer offset 0x7A.,tools/fabric-editor/Resources/Vinyls/Gradient_Shapes/18.png
shape_tab,6,Gradient_Shapes,19,,,,Outer - Inner Gradient Star,1048795,0x1000db,219,0x00db,0,219,1048795,219,0,confirmed/import-tested type word,"Same order/code model as FH5 reference for this tab; FH6 importer writes the 16-bit shape word, not the whole 7-digit code.",Use full code in JSON or write shape_word at layer offset 0x7A.,tools/fabric-editor/Resources/Vinyls/Gradient_Shapes/19.png
shape_tab,6,Gradient_Shapes,20,,,,Gradient Flame 2,1048796,0x1000dc,220,0x00dc,0,220,1048796,220,0,confirmed/import-tested type word,"Same order/code model as FH5 reference for this tab; FH6 importer writes the 16-bit shape word, not the whole 7-digit code.",Use full code in JSON or write shape_word at layer offset 0x7A.,tools/fabric-editor/Resources/Vinyls/Gradient_Shapes/20.png
shape_tab,6,Gradient_Shapes,21,,,,Dot Gradient Stripe 3,1048797,0x1000dd,221,0x00dd,0,221,1048797,221,0,confirmed/import-tested type word,"Same order/code model as FH5 reference for this tab; FH6 importer writes the 16-bit shape word, not the whole 7-digit code.",Use full code in JSON or write shape_word at layer offset 0x7A.,tools/fabric-editor/Resources/Vinyls/Gradient_Shapes/21.png
shape_tab,6,Gradient_Shapes,22,,,,Gradient Race Flag 3,1048798,0x1000de,222,0x00de,0,222,1048798,222,0,confirmed/import-tested type word,"Same order/code model as FH5 reference for this tab; FH6 importer writes the 16-bit shape word, not the whole 7-digit code.",Use full code in JSON or write shape_word at layer offset 0x7A.,tools/fabric-editor/Resources/Vinyls/Gradient_Shapes/22.png
shape_tab,6,Gradient_Shapes,23,,,,Pyramid Gradient,1048799,0x1000df,223,0x00df,0,223,1048799,223,0,confirmed/import-tested type word,"Same order/code model as FH5 reference for this tab; FH6 importer writes the 16-bit shape word, not the whole 7-digit code.",Use full code in JSON or write shape_word at layer offset 0x7A.,tools/fabric-editor/Resources/Vinyls/Gradient_Shapes/23.png
shape_tab,6,Gradient_Shapes,24,,,,Edges - Centre Gradient Diamond,1048800,0x1000e0,224,0x00e0,0,224,1048800,224,0,confirmed/import-tested type word,"Same order/code model as FH5 reference for this tab; FH6 importer writes the 16-bit shape word, not the whole 7-digit code.",Use full code in JSON or write shape_word at layer offset 0x7A.,tools/fabric-editor/Resources/Vinyls/Gradient_Shapes/24.png
shape_tab,6,Gradient_Shapes,25,,,,Centre - Sides Gradient Stripes,1048801,0x1000e1,225,0x00e1,0,225,1048801,225,0,confirmed/import-tested type word,"Same order/code model as FH5 reference for this tab; FH6 importer writes the 16-bit shape word, not the whole 7-digit code.",Use full code in JSON or write shape_word at layer offset 0x7A.,tools/fabric-editor/Resources/Vinyls/Gradient_Shapes/25.png
shape_tab,6,Gradient_Shapes,26,,,,Right - Left Thin Gradient Arrow,1048802,0x1000e2,226,0x00e2,0,226,1048802,226,0,confirmed/import-tested type word,"Same order/code model as FH5 reference for this tab; FH6 importer writes the 16-bit shape word, not the whole 7-digit code.",Use full code in JSON or write shape_word at layer offset 0x7A.,tools/fabric-editor/Resources/Vinyls/Gradient_Shapes/26.png
shape_tab,6,Gradient_Shapes,27,,,,Top - Bottom Gradient Circle,1048803,0x1000e3,227,0x00e3,0,227,1048803,227,0,confirmed/import-tested type word,"Same order/code model as FH5 reference for this tab; FH6 importer writes the 16-bit shape word, not the whole 7-digit code.",Use full code in JSON or write shape_word at layer offset 0x7A.,tools/fabric-editor/Resources/Vinyls/Gradient_Shapes/27.png
shape_tab,6,Gradient_Shapes,28,,,,16 Pointed Gradient Star,1048804,0x1000e4,228,0x00e4,0,228,1048804,228,0,confirmed/import-tested type word,"Same order/code model as FH5 reference for this tab; FH6 importer writes the 16-bit shape word, not the whole 7-digit code.",Use full code in JSON or write shape_word at layer offset 0x7A.,tools/fabric-editor/Resources/Vinyls/Gradient_Shapes/28.png
shape_tab,6,Gradient_Shapes,29,,,,Gradient Lightning,1048805,0x1000e5,229,0x00e5,0,229,1048805,229,0,confirmed/import-tested type word,"Same order/code model as FH5 reference for this tab; FH6 importer writes the 16-bit shape word, not the whole 7-digit code.",Use full code in JSON or write shape_word at layer offset 0x7A.,tools/fabric-editor/Resources/Vinyls/Gradient_Shapes/29.png
shape_tab,6,Gradient_Shapes,30,,,,Gradient Flame 3,1048806,0x1000e6,230,0x00e6,0,230,1048806,230,0,confirmed/import-tested type word,"Same order/code model as FH5 reference for this tab; FH6 importer writes the 16-bit shape word, not the whole 7-digit code.",Use full code in JSON or write shape_word at layer offset 0x7A.,tools/fabric-editor/Resources/Vinyls/Gradient_Shapes/30.png
shape_tab,6,Gradient_Shapes,31,,,,Gradient Crescent,1048807,0x1000e7,231,0x00e7,0,231,1048807,231,0,confirmed/import-tested type word,"Same order/code model as FH5 reference for this tab; FH6 importer writes the 16-bit shape word, not the whole 7-digit code.",Use full code in JSON or write shape_word at layer offset 0x7A.,tools/fabric-editor/Resources/Vinyls/Gradient_Shapes/31.png
shape_tab,6,Gradient_Shapes,32,,,,Gradient Race Flag 4,1048808,0x1000e8,232,0x00e8,0,232,1048808,232,0,confirmed/import-tested type word,"Same order/code model as FH5 reference for this tab; FH6 importer writes the 16-bit shape word, not the whole 7-digit code.",Use full code in JSON or write shape_word at layer offset 0x7A.,tools/fabric-editor/Resources/Vinyls/Gradient_Shapes/32.png
shape_tab,6,Gradient_Shapes,33,,,,Top Right - Rest Gradient,1048809,0x1000e9,233,0x00e9,0,233,1048809,233,0,confirmed/import-tested type word,"Same order/code model as FH5 reference for this tab; FH6 importer writes the 16-bit shape word, not the whole 7-digit code.",Use full code in JSON or write shape_word at layer offset 0x7A.,tools/fabric-editor/Resources/Vinyls/Gradient_Shapes/33.png
shape_tab,6,Gradient_Shapes,34,,,,Rest - Top Right Gradient,1048810,0x1000ea,234,0x00ea,0,234,1048810,234,0,confirmed/import-tested type word,"Same order/code model as FH5 reference for this tab; FH6 importer writes the 16-bit shape word, not the whole 7-digit code.",Use full code in JSON or write shape_word at layer offset 0x7A.,tools/fabric-editor/Resources/Vinyls/Gradient_Shapes/34.png
shape_tab,6,Gradient_Shapes,35,,,,Sides - Centre Gradient,1048811,0x1000eb,235,0x00eb,0,235,1048811,235,0,confirmed/import-tested type word,"Same order/code model as FH5 reference for this tab; FH6 importer writes the 16-bit shape word, not the whole 7-digit code.",Use full code in JSON or write shape_word at layer offset 0x7A.,tools/fabric-editor/Resources/Vinyls/Gradient_Shapes/35.png
shape_tab,6,Gradient_Shapes,36,,,,Right - Left Thick Gradient Arrow,1048812,0x1000ec,236,0x00ec,0,236,1048812,236,0,confirmed/import-tested type word,"Same order/code model as FH5 reference for this tab; FH6 importer writes the 16-bit shape word, not the whole 7-digit code.",Use full code in JSON or write shape_word at layer offset 0x7A.,tools/fabric-editor/Resources/Vinyls/Gradient_Shapes/36.png
shape_tab,6,Gradient_Shapes,37,,,,Gradient Ball,1048813,0x1000ed,237,0x00ed,0,237,1048813,237,0,confirmed/import-tested type word,"Same order/code model as FH5 reference for this tab; FH6 importer writes the 16-bit shape word, not the whole 7-digit code.",Use full code in JSON or write shape_word at layer offset 0x7A.,tools/fabric-editor/Resources/Vinyls/Gradient_Shapes/37.png
shape_tab,6,Gradient_Shapes,38,,,,12 Pointed Gradient Star,1048814,0x1000ee,238,0x00ee,0,238,1048814,238,0,confirmed/import-tested type word,"Same order/code model as FH5 reference for this tab; FH6 importer writes the 16-bit shape word, not the whole 7-digit code.",Use full code in JSON or write shape_word at layer offset 0x7A.,tools/fabric-editor/Resources/Vinyls/Gradient_Shapes/38.png
shape_tab,6,Gradient_Shapes,39,,,,Gradient Curved Lightning,1048815,0x1000ef,239,0x00ef,0,239,1048815,239,0,confirmed/import-tested type word,"Same order/code model as FH5 reference for this tab; FH6 importer writes the 16-bit shape word, not the whole 7-digit code.",Use full code in JSON or write shape_word at layer offset 0x7A.,tools/fabric-editor/Resources/Vinyls/Gradient_Shapes/39.png
shape_tab,6,Gradient_Shapes,40,,,,Gradient Flame 4,1048816,0x1000f0,240,0x00f0,0,240,1048816,240,0,confirmed/import-tested type word,"Same order/code model as FH5 reference for this tab; FH6 importer writes the 16-bit shape word, not the whole 7-digit code.",Use full code in JSON or write shape_word at layer offset 0x7A.,tools/fabric-editor/Resources/Vinyls/Gradient_Shapes/40.png
shape_tab,7,Stripes,1,,,,Road Marking Stripe,1048877,0x10012d,301,0x012d,1,45,1048877,301,0,confirmed/import-tested type word,"Same order/code model as FH5 reference for this tab; FH6 importer writes the 16-bit shape word, not the whole 7-digit code.",Use full code in JSON or write shape_word at layer offset 0x7A.,tools/fabric-editor/Resources/Vinyls/Stripes/1.png
shape_tab,7,Stripes,2,,,,Double Disappearing Stripe,1048878,0x10012e,302,0x012e,1,46,1048878,302,0,confirmed/import-tested type word,"Same order/code model as FH5 reference for this tab; FH6 importer writes the 16-bit shape word, not the whole 7-digit code.",Use full code in JSON or write shape_word at layer offset 0x7A.,tools/fabric-editor/Resources/Vinyls/Stripes/2.png
shape_tab,7,Stripes,3,,,,Hexagon Cluster,1048879,0x10012f,303,0x012f,1,47,1048879,303,0,confirmed/import-tested type word,"Same order/code model as FH5 reference for this tab; FH6 importer writes the 16-bit shape word, not the whole 7-digit code.",Use full code in JSON or write shape_word at layer offset 0x7A.,tools/fabric-editor/Resources/Vinyls/Stripes/3.png
shape_tab,7,Stripes,4,,,,Lava Lamp Stripe,1048880,0x100130,304,0x0130,1,48,1048880,304,0,confirmed/import-tested type word,"Same order/code model as FH5 reference for this tab; FH6 importer writes the 16-bit shape word, not the whole 7-digit code.",Use full code in JSON or write shape_word at layer offset 0x7A.,tools/fabric-editor/Resources/Vinyls/Stripes/4.png
shape_tab,7,Stripes,5,,,,Barber Pole Stripe,1048881,0x100131,305,0x0131,1,49,1048881,305,0,confirmed/import-tested type word,"Same order/code model as FH5 reference for this tab; FH6 importer writes the 16-bit shape word, not the whole 7-digit code.",Use full code in JSON or write shape_word at layer offset 0x7A.,tools/fabric-editor/Resources/Vinyls/Stripes/5.png
shape_tab,7,Stripes,6,,,,Burnt Rubber Stripe,1048882,0x100132,306,0x0132,1,50,1048882,306,0,confirmed/import-tested type word,"Same order/code model as FH5 reference for this tab; FH6 importer writes the 16-bit shape word, not the whole 7-digit code.",Use full code in JSON or write shape_word at layer offset 0x7A.,tools/fabric-editor/Resources/Vinyls/Stripes/6.png
shape_tab,7,Stripes,7,,,,Curved Double Stripe 1,1048883,0x100133,307,0x0133,1,51,1048883,307,0,confirmed/import-tested type word,"Same order/code model as FH5 reference for this tab; FH6 importer writes the 16-bit shape word, not the whole 7-digit code.",Use full code in JSON or write shape_word at layer offset 0x7A.,tools/fabric-editor/Resources/Vinyls/Stripes/7.png
shape_tab,7,Stripes,8,,,,Triple Wave Stripe,1048884,0x100134,308,0x0134,1,52,1048884,308,0,confirmed/import-tested type word,"Same order/code model as FH5 reference for this tab; FH6 importer writes the 16-bit shape word, not the whole 7-digit code.",Use full code in JSON or write shape_word at layer offset 0x7A.,tools/fabric-editor/Resources/Vinyls/Stripes/8.png
shape_tab,7,Stripes,9,,,,Skeleton Stripe,1048885,0x100135,309,0x0135,1,53,1048885,309,0,confirmed/import-tested type word,"Same order/code model as FH5 reference for this tab; FH6 importer writes the 16-bit shape word, not the whole 7-digit code.",Use full code in JSON or write shape_word at layer offset 0x7A.,tools/fabric-editor/Resources/Vinyls/Stripes/9.png
shape_tab,7,Stripes,10,,,,Double Diversion Stripe,1048886,0x100136,310,0x0136,1,54,1048886,310,0,confirmed/import-tested type word,"Same order/code model as FH5 reference for this tab; FH6 importer writes the 16-bit shape word, not the whole 7-digit code.",Use full code in JSON or write shape_word at layer offset 0x7A.,tools/fabric-editor/Resources/Vinyls/Stripes/10.png
shape_tab,7,Stripes,11,,,,Fat - Thin Triple Stripe,1048887,0x100137,311,0x0137,1,55,1048887,311,0,confirmed/import-tested type word,"Same order/code model as FH5 reference for this tab; FH6 importer writes the 16-bit shape word, not the whole 7-digit code.",Use full code in JSON or write shape_word at layer offset 0x7A.,tools/fabric-editor/Resources/Vinyls/Stripes/11.png
shape_tab,7,Stripes,12,,,,Airplane Window Double Stripe,1048888,0x100138,312,0x0138,1,56,1048888,312,0,confirmed/import-tested type word,"Same order/code model as FH5 reference for this tab; FH6 importer writes the 16-bit shape word, not the whole 7-digit code.",Use full code in JSON or write shape_word at layer offset 0x7A.,tools/fabric-editor/Resources/Vinyls/Stripes/12.png
shape_tab,7,Stripes,13,,,,Honeycomb,1048889,0x100139,313,0x0139,1,57,1048889,313,0,confirmed/import-tested type word,"Same order/code model as FH5 reference for this tab; FH6 importer writes the 16-bit shape word, not the whole 7-digit code.",Use full code in JSON or write shape_word at layer offset 0x7A.,tools/fabric-editor/Resources/Vinyls/Stripes/13.png
shape_tab,7,Stripes,14,,,,Ladder on a Pole Stripe,1048890,0x10013a,314,0x013a,1,58,1048890,314,0,confirmed/import-tested type word,"Same order/code model as FH5 reference for this tab; FH6 importer writes the 16-bit shape word, not the whole 7-digit code.",Use full code in JSON or write shape_word at layer offset 0x7A.,tools/fabric-editor/Resources/Vinyls/Stripes/14.png
shape_tab,7,Stripes,15,,,,Cross Hatching,1048891,0x10013b,315,0x013b,1,59,1048891,315,0,confirmed/import-tested type word,"Same order/code model as FH5 reference for this tab; FH6 importer writes the 16-bit shape word, not the whole 7-digit code.",Use full code in JSON or write shape_word at layer offset 0x7A.,tools/fabric-editor/Resources/Vinyls/Stripes/15.png
shape_tab,7,Stripes,16,,,,Valley and Mountain Stripe,1048892,0x10013c,316,0x013c,1,60,1048892,316,0,confirmed/import-tested type word,"Same order/code model as FH5 reference for this tab; FH6 importer writes the 16-bit shape word, not the whole 7-digit code.",Use full code in JSON or write shape_word at layer offset 0x7A.,tools/fabric-editor/Resources/Vinyls/Stripes/16.png
shape_tab,7,Stripes,17,,,,Curved Double Stripe 2,1048893,0x10013d,317,0x013d,1,61,1048893,317,0,confirmed/import-tested type word,"Same order/code model as FH5 reference for this tab; FH6 importer writes the 16-bit shape word, not the whole 7-digit code.",Use full code in JSON or write shape_word at layer offset 0x7A.,tools/fabric-editor/Resources/Vinyls/Stripes/17.png
shape_tab,7,Stripes,18,,,,Triple Parallel Offset Stripe,1048894,0x10013e,318,0x013e,1,62,1048894,318,0,confirmed/import-tested type word,"Same order/code model as FH5 reference for this tab; FH6 importer writes the 16-bit shape word, not the whole 7-digit code.",Use full code in JSON or write shape_word at layer offset 0x7A.,tools/fabric-editor/Resources/Vinyls/Stripes/18.png
shape_tab,7,Stripes,19,,,,Twin Inverted DNA Stripe,1048895,0x10013f,319,0x013f,1,63,1048895,319,0,confirmed/import-tested type word,"Same order/code model as FH5 reference for this tab; FH6 importer writes the 16-bit shape word, not the whole 7-digit code.",Use full code in JSON or write shape_word at layer offset 0x7A.,tools/fabric-editor/Resources/Vinyls/Stripes/19.png
shape_tab,7,Stripes,20,,,,Randomised Square Cluster,1048896,0x100140,320,0x0140,1,64,1048896,320,0,confirmed/import-tested type word,"Same order/code model as FH5 reference for this tab; FH6 importer writes the 16-bit shape word, not the whole 7-digit code.",Use full code in JSON or write shape_word at layer offset 0x7A.,tools/fabric-editor/Resources/Vinyls/Stripes/20.png
shape_tab,7,Stripes,21,,,,Fat - Thin Quintuple Stripe,1048897,0x100141,321,0x0141,1,65,1048897,321,0,confirmed/import-tested type word,"Same order/code model as FH5 reference for this tab; FH6 importer writes the 16-bit shape word, not the whole 7-digit code.",Use full code in JSON or write shape_word at layer offset 0x7A.,tools/fabric-editor/Resources/Vinyls/Stripes/21.png
shape_tab,7,Stripes,22,,,,Canoe Double Stripe,1048898,0x100142,322,0x0142,1,66,1048898,322,0,confirmed/import-tested type word,"Same order/code model as FH5 reference for this tab; FH6 importer writes the 16-bit shape word, not the whole 7-digit code.",Use full code in JSON or write shape_word at layer offset 0x7A.,tools/fabric-editor/Resources/Vinyls/Stripes/22.png
shape_tab,7,Stripes,23,,,,Block Gradient Stripe,1048899,0x100143,323,0x0143,1,67,1048899,323,0,confirmed/import-tested type word,"Same order/code model as FH5 reference for this tab; FH6 importer writes the 16-bit shape word, not the whole 7-digit code.",Use full code in JSON or write shape_word at layer offset 0x7A.,tools/fabric-editor/Resources/Vinyls/Stripes/23.png
shape_tab,7,Stripes,24,,,,Misaligned Double Block Stripe,1048900,0x100144,324,0x0144,1,68,1048900,324,0,confirmed/import-tested type word,"Same order/code model as FH5 reference for this tab; FH6 importer writes the 16-bit shape word, not the whole 7-digit code.",Use full code in JSON or write shape_word at layer offset 0x7A.,tools/fabric-editor/Resources/Vinyls/Stripes/24.png
shape_tab,7,Stripes,25,,,,Rings Stripe,1048901,0x100145,325,0x0145,1,69,1048901,325,0,confirmed/import-tested type word,"Same order/code model as FH5 reference for this tab; FH6 importer writes the 16-bit shape word, not the whole 7-digit code.",Use full code in JSON or write shape_word at layer offset 0x7A.,tools/fabric-editor/Resources/Vinyls/Stripes/25.png
shape_tab,7,Stripes,26,,,,Wavy Moustache Stripe,1048902,0x100146,326,0x0146,1,70,1048902,326,0,confirmed/import-tested type word,"Same order/code model as FH5 reference for this tab; FH6 importer writes the 16-bit shape word, not the whole 7-digit code.",Use full code in JSON or write shape_word at layer offset 0x7A.,tools/fabric-editor/Resources/Vinyls/Stripes/26.png
shape_tab,7,Stripes,27,,,,Surf Curl Double Stripe,1048903,0x100147,327,0x0147,1,71,1048903,327,0,confirmed/import-tested type word,"Same order/code model as FH5 reference for this tab; FH6 importer writes the 16-bit shape word, not the whole 7-digit code.",Use full code in JSON or write shape_word at layer offset 0x7A.,tools/fabric-editor/Resources/Vinyls/Stripes/27.png
shape_tab,7,Stripes,28,,,,Sunburst,1048904,0x100148,328,0x0148,1,72,1048904,328,0,confirmed/import-tested type word,"Same order/code model as FH5 reference for this tab; FH6 importer writes the 16-bit shape word, not the whole 7-digit code.",Use full code in JSON or write shape_word at layer offset 0x7A.,tools/fabric-editor/Resources/Vinyls/Stripes/28.png
shape_tab,7,Stripes,29,,,,Diamonds of Diamonds Stripe,1048905,0x100149,329,0x0149,1,73,1048905,329,0,confirmed/import-tested type word,"Same order/code model as FH5 reference for this tab; FH6 importer writes the 16-bit shape word, not the whole 7-digit code.",Use full code in JSON or write shape_word at layer offset 0x7A.,tools/fabric-editor/Resources/Vinyls/Stripes/29.png
shape_tab,7,Stripes,30,,,,Curved Double Stripe 3,1048906,0x10014a,330,0x014a,1,74,1048906,330,0,confirmed/import-tested type word,"Same order/code model as FH5 reference for this tab; FH6 importer writes the 16-bit shape word, not the whole 7-digit code.",Use full code in JSON or write shape_word at layer offset 0x7A.,tools/fabric-editor/Resources/Vinyls/Stripes/30.png
shape_tab,7,Stripes,31,,,,Opposed Triangles Double Stripe,1048907,0x10014b,331,0x014b,1,75,1048907,331,0,confirmed/import-tested type word,"Same order/code model as FH5 reference for this tab; FH6 importer writes the 16-bit shape word, not the whole 7-digit code.",Use full code in JSON or write shape_word at layer offset 0x7A.,tools/fabric-editor/Resources/Vinyls/Stripes/31.png
shape_tab,7,Stripes,32,,,,Tall Chair Double Stripe,1048908,0x10014c,332,0x014c,1,76,1048908,332,0,confirmed/import-tested type word,"Same order/code model as FH5 reference for this tab; FH6 importer writes the 16-bit shape word, not the whole 7-digit code.",Use full code in JSON or write shape_word at layer offset 0x7A.,tools/fabric-editor/Resources/Vinyls/Stripes/32.png
shape_tab,7,Stripes,33,,,,Shooting Stars Stripe,1048909,0x10014d,333,0x014d,1,77,1048909,333,0,confirmed/import-tested type word,"Same order/code model as FH5 reference for this tab; FH6 importer writes the 16-bit shape word, not the whole 7-digit code.",Use full code in JSON or write shape_word at layer offset 0x7A.,tools/fabric-editor/Resources/Vinyls/Stripes/33.png
shape_tab,7,Stripes,34,,,,Swiss Cheese Square,1048910,0x10014e,334,0x014e,1,78,1048910,334,0,confirmed/import-tested type word,"Same order/code model as FH5 reference for this tab; FH6 importer writes the 16-bit shape word, not the whole 7-digit code.",Use full code in JSON or write shape_word at layer offset 0x7A.,tools/fabric-editor/Resources/Vinyls/Stripes/34.png
shape_tab,7,Stripes,35,,,,Barbed Wire Stripe,1048911,0x10014f,335,0x014f,1,79,1048911,335,0,confirmed/import-tested type word,"Same order/code model as FH5 reference for this tab; FH6 importer writes the 16-bit shape word, not the whole 7-digit code.",Use full code in JSON or write shape_word at layer offset 0x7A.,tools/fabric-editor/Resources/Vinyls/Stripes/35.png
shape_tab,7,Stripes,36,,,,Curved Double Stripe 4,1048912,0x100150,336,0x0150,1,80,1048912,336,0,confirmed/import-tested type word,"Same order/code model as FH5 reference for this tab; FH6 importer writes the 16-bit shape word, not the whole 7-digit code.",Use full code in JSON or write shape_word at layer offset 0x7A.,tools/fabric-editor/Resources/Vinyls/Stripes/36.png
shape_tab,7,Stripes,37,,,,Sextuple Wave Stripe,1048913,0x100151,337,0x0151,1,81,1048913,337,0,confirmed/import-tested type word,"Same order/code model as FH5 reference for this tab; FH6 importer writes the 16-bit shape word, not the whole 7-digit code.",Use full code in JSON or write shape_word at layer offset 0x7A.,tools/fabric-editor/Resources/Vinyls/Stripes/37.png
shape_tab,7,Stripes,38,,,,Torn Triple Stripe,1048914,0x100152,338,0x0152,1,82,1048914,338,0,confirmed/import-tested type word,"Same order/code model as FH5 reference for this tab; FH6 importer writes the 16-bit shape word, not the whole 7-digit code.",Use full code in JSON or write shape_word at layer offset 0x7A.,tools/fabric-editor/Resources/Vinyls/Stripes/38.png
shape_tab,7,Stripes,39,,,,Opposing Tubes Stripe,1048915,0x100153,339,0x0153,1,83,1048915,339,0,confirmed/import-tested type word,"Same order/code model as FH5 reference for this tab; FH6 importer writes the 16-bit shape word, not the whole 7-digit code.",Use full code in JSON or write shape_word at layer offset 0x7A.,tools/fabric-editor/Resources/Vinyls/Stripes/39.png
shape_tab,7,Stripes,40,,,,Randomised Circle Cluster,1048916,0x100154,340,0x0154,1,84,1048916,340,0,confirmed/import-tested type word,"Same order/code model as FH5 reference for this tab; FH6 importer writes the 16-bit shape word, not the whole 7-digit code.",Use full code in JSON or write shape_word at layer offset 0x7A.,tools/fabric-editor/Resources/Vinyls/Stripes/40.png
shape_tab,8,Tears,1,,,,Angled Heartbeat Tear,1048977,0x100191,401,0x0191,1,145,1048977,401,0,confirmed/import-tested type word,"Same order/code model as FH5 reference for this tab; FH6 importer writes the 16-bit shape word, not the whole 7-digit code.",Use full code in JSON or write shape_word at layer offset 0x7A.,tools/fabric-editor/Resources/Vinyls/Tears/1.png
shape_tab,8,Tears,2,,,,nM Tear,1048978,0x100192,402,0x0192,1,146,1048978,402,0,confirmed/import-tested type word,"Same order/code model as FH5 reference for this tab; FH6 importer writes the 16-bit shape word, not the whole 7-digit code.",Use full code in JSON or write shape_word at layer offset 0x7A.,tools/fabric-editor/Resources/Vinyls/Tears/2.png
shape_tab,8,Tears,3,,,,Tire Splash Tear,1048979,0x100193,403,0x0193,1,147,1048979,403,0,confirmed/import-tested type word,"Same order/code model as FH5 reference for this tab; FH6 importer writes the 16-bit shape word, not the whole 7-digit code.",Use full code in JSON or write shape_word at layer offset 0x7A.,tools/fabric-editor/Resources/Vinyls/Tears/3.png
shape_tab,8,Tears,4,,,,Spiky Tear,1048980,0x100194,404,0x0194,1,148,1048980,404,0,confirmed/import-tested type word,"Same order/code model as FH5 reference for this tab; FH6 importer writes the 16-bit shape word, not the whole 7-digit code.",Use full code in JSON or write shape_word at layer offset 0x7A.,tools/fabric-editor/Resources/Vinyls/Tears/4.png
shape_tab,8,Tears,5,,,,Digital Tear,1048981,0x100195,405,0x0195,1,149,1048981,405,0,confirmed/import-tested type word,"Same order/code model as FH5 reference for this tab; FH6 importer writes the 16-bit shape word, not the whole 7-digit code.",Use full code in JSON or write shape_word at layer offset 0x7A.,tools/fabric-editor/Resources/Vinyls/Tears/5.png
shape_tab,8,Tears,6,,,,Mohawk Tear,1048982,0x100196,406,0x0196,1,150,1048982,406,0,confirmed/import-tested type word,"Same order/code model as FH5 reference for this tab; FH6 importer writes the 16-bit shape word, not the whole 7-digit code.",Use full code in JSON or write shape_word at layer offset 0x7A.,tools/fabric-editor/Resources/Vinyls/Tears/6.png
shape_tab,8,Tears,7,,,,Pitted Faces Tear,1048983,0x100197,407,0x0197,1,151,1048983,407,0,confirmed/import-tested type word,"Same order/code model as FH5 reference for this tab; FH6 importer writes the 16-bit shape word, not the whole 7-digit code.",Use full code in JSON or write shape_word at layer offset 0x7A.,tools/fabric-editor/Resources/Vinyls/Tears/7.png
shape_tab,8,Tears,8,,,,Cartoon Monster Mouth Tear,1048984,0x100198,408,0x0198,1,152,1048984,408,0,confirmed/import-tested type word,"Same order/code model as FH5 reference for this tab; FH6 importer writes the 16-bit shape word, not the whole 7-digit code.",Use full code in JSON or write shape_word at layer offset 0x7A.,tools/fabric-editor/Resources/Vinyls/Tears/8.png
shape_tab,8,Tears,9,,,,Cluster of Tears,1048985,0x100199,409,0x0199,1,153,1048985,409,0,confirmed/import-tested type word,"Same order/code model as FH5 reference for this tab; FH6 importer writes the 16-bit shape word, not the whole 7-digit code.",Use full code in JSON or write shape_word at layer offset 0x7A.,tools/fabric-editor/Resources/Vinyls/Tears/9.png
shape_tab,8,Tears,10,,,,Thick Moustache Tear,1048986,0x10019a,410,0x019a,1,154,1048986,410,0,confirmed/import-tested type word,"Same order/code model as FH5 reference for this tab; FH6 importer writes the 16-bit shape word, not the whole 7-digit code.",Use full code in JSON or write shape_word at layer offset 0x7A.,tools/fabric-editor/Resources/Vinyls/Tears/10.png
shape_tab,8,Tears,11,,,,Thin Wavy Tear,1048987,0x10019b,411,0x019b,1,155,1048987,411,0,confirmed/import-tested type word,"Same order/code model as FH5 reference for this tab; FH6 importer writes the 16-bit shape word, not the whole 7-digit code.",Use full code in JSON or write shape_word at layer offset 0x7A.,tools/fabric-editor/Resources/Vinyls/Tears/11.png
shape_tab,8,Tears,12,,,,Cartoon Grass Tear,1048988,0x10019c,412,0x019c,1,156,1048988,412,0,confirmed/import-tested type word,"Same order/code model as FH5 reference for this tab; FH6 importer writes the 16-bit shape word, not the whole 7-digit code.",Use full code in JSON or write shape_word at layer offset 0x7A.,tools/fabric-editor/Resources/Vinyls/Tears/12.png
shape_tab,8,Tears,13,,,,Triple Tear With Claws,1048989,0x10019d,413,0x019d,1,157,1048989,413,0,confirmed/import-tested type word,"Same order/code model as FH5 reference for this tab; FH6 importer writes the 16-bit shape word, not the whole 7-digit code.",Use full code in JSON or write shape_word at layer offset 0x7A.,tools/fabric-editor/Resources/Vinyls/Tears/13.png
shape_tab,8,Tears,14,,,,Swept Back Tear,1048990,0x10019e,414,0x019e,1,158,1048990,414,0,confirmed/import-tested type word,"Same order/code model as FH5 reference for this tab; FH6 importer writes the 16-bit shape word, not the whole 7-digit code.",Use full code in JSON or write shape_word at layer offset 0x7A.,tools/fabric-editor/Resources/Vinyls/Tears/14.png
shape_tab,8,Tears,15,,,,Dual Digital Tear,1048991,0x10019f,415,0x019f,1,159,1048991,415,0,confirmed/import-tested type word,"Same order/code model as FH5 reference for this tab; FH6 importer writes the 16-bit shape word, not the whole 7-digit code.",Use full code in JSON or write shape_word at layer offset 0x7A.,tools/fabric-editor/Resources/Vinyls/Tears/15.png
shape_tab,8,Tears,16,,,,Slick Hair Tear,1048992,0x1001a0,416,0x01a0,1,160,1048992,416,0,confirmed/import-tested type word,"Same order/code model as FH5 reference for this tab; FH6 importer writes the 16-bit shape word, not the whole 7-digit code.",Use full code in JSON or write shape_word at layer offset 0x7A.,tools/fabric-editor/Resources/Vinyls/Tears/16.png
shape_tab,8,Tears,17,,,,Crooked Fingers Tear,1048993,0x1001a1,417,0x01a1,1,161,1048993,417,0,confirmed/import-tested type word,"Same order/code model as FH5 reference for this tab; FH6 importer writes the 16-bit shape word, not the whole 7-digit code.",Use full code in JSON or write shape_word at layer offset 0x7A.,tools/fabric-editor/Resources/Vinyls/Tears/17.png
shape_tab,8,Tears,18,,,,Peeling Wrap Tear,1048994,0x1001a2,418,0x01a2,1,162,1048994,418,0,confirmed/import-tested type word,"Same order/code model as FH5 reference for this tab; FH6 importer writes the 16-bit shape word, not the whole 7-digit code.",Use full code in JSON or write shape_word at layer offset 0x7A.,tools/fabric-editor/Resources/Vinyls/Tears/18.png
shape_tab,8,Tears,19,,,,Flaky Tear,1048995,0x1001a3,419,0x01a3,1,163,1048995,419,0,confirmed/import-tested type word,"Same order/code model as FH5 reference for this tab; FH6 importer writes the 16-bit shape word, not the whole 7-digit code.",Use full code in JSON or write shape_word at layer offset 0x7A.,tools/fabric-editor/Resources/Vinyls/Tears/19.png
shape_tab,8,Tears,20,,,,Screaming Pig Head Tear,1048996,0x1001a4,420,0x01a4,1,164,1048996,420,0,confirmed/import-tested type word,"Same order/code model as FH5 reference for this tab; FH6 importer writes the 16-bit shape word, not the whole 7-digit code.",Use full code in JSON or write shape_word at layer offset 0x7A.,tools/fabric-editor/Resources/Vinyls/Tears/20.png
shape_tab,8,Tears,21,,,,Thick Wavy Tear,1048997,0x1001a5,421,0x01a5,1,165,1048997,421,0,confirmed/import-tested type word,"Same order/code model as FH5 reference for this tab; FH6 importer writes the 16-bit shape word, not the whole 7-digit code.",Use full code in JSON or write shape_word at layer offset 0x7A.,tools/fabric-editor/Resources/Vinyls/Tears/21.png
shape_tab,8,Tears,22,,,,Straight Pinstripe Tear,1048998,0x1001a6,422,0x01a6,1,166,1048998,422,0,confirmed/import-tested type word,"Same order/code model as FH5 reference for this tab; FH6 importer writes the 16-bit shape word, not the whole 7-digit code.",Use full code in JSON or write shape_word at layer offset 0x7A.,tools/fabric-editor/Resources/Vinyls/Tears/22.png
shape_tab,8,Tears,23,,,,Hairy Arm Tear,1048999,0x1001a7,423,0x01a7,1,167,1048999,423,0,confirmed/import-tested type word,"Same order/code model as FH5 reference for this tab; FH6 importer writes the 16-bit shape word, not the whole 7-digit code.",Use full code in JSON or write shape_word at layer offset 0x7A.,tools/fabric-editor/Resources/Vinyls/Tears/23.png
shape_tab,8,Tears,24,,,,Smoother Tear,1049000,0x1001a8,424,0x01a8,1,168,1049000,424,0,confirmed/import-tested type word,"Same order/code model as FH5 reference for this tab; FH6 importer writes the 16-bit shape word, not the whole 7-digit code.",Use full code in JSON or write shape_word at layer offset 0x7A.,tools/fabric-editor/Resources/Vinyls/Tears/24.png
shape_tab,8,Tears,25,,,,Eye Lash Tear,1049001,0x1001a9,425,0x01a9,1,169,1049001,425,0,confirmed/import-tested type word,"Same order/code model as FH5 reference for this tab; FH6 importer writes the 16-bit shape word, not the whole 7-digit code.",Use full code in JSON or write shape_word at layer offset 0x7A.,tools/fabric-editor/Resources/Vinyls/Tears/25.png
shape_tab,8,Tears,26,,,,Snowy Plateaus Tear,1049002,0x1001aa,426,0x01aa,1,170,1049002,426,0,confirmed/import-tested type word,"Same order/code model as FH5 reference for this tab; FH6 importer writes the 16-bit shape word, not the whole 7-digit code.",Use full code in JSON or write shape_word at layer offset 0x7A.,tools/fabric-editor/Resources/Vinyls/Tears/26.png
shape_tab,8,Tears,27,,,,Triple Tear,1049003,0x1001ab,427,0x01ab,1,171,1049003,427,0,confirmed/import-tested type word,"Same order/code model as FH5 reference for this tab; FH6 importer writes the 16-bit shape word, not the whole 7-digit code.",Use full code in JSON or write shape_word at layer offset 0x7A.,tools/fabric-editor/Resources/Vinyls/Tears/27.png
shape_tab,8,Tears,28,,,,Right Arrow Tear,1049004,0x1001ac,428,0x01ac,1,172,1049004,428,0,confirmed/import-tested type word,"Same order/code model as FH5 reference for this tab; FH6 importer writes the 16-bit shape word, not the whole 7-digit code.",Use full code in JSON or write shape_word at layer offset 0x7A.,tools/fabric-editor/Resources/Vinyls/Tears/28.png
shape_tab,8,Tears,29,,,,Tear Around A Circle,1049005,0x1001ad,429,0x01ad,1,173,1049005,429,0,confirmed/import-tested type word,"Same order/code model as FH5 reference for this tab; FH6 importer writes the 16-bit shape word, not the whole 7-digit code.",Use full code in JSON or write shape_word at layer offset 0x7A.,tools/fabric-editor/Resources/Vinyls/Tears/29.png
shape_tab,8,Tears,30,,,,Tree Log Tear,1049006,0x1001ae,430,0x01ae,1,174,1049006,430,0,confirmed/import-tested type word,"Same order/code model as FH5 reference for this tab; FH6 importer writes the 16-bit shape word, not the whole 7-digit code.",Use full code in JSON or write shape_word at layer offset 0x7A.,tools/fabric-editor/Resources/Vinyls/Tears/30.png
shape_tab,8,Tears,31,,,,Pointed Tear,1049007,0x1001af,431,0x01af,1,175,1049007,431,0,confirmed/import-tested type word,"Same order/code model as FH5 reference for this tab; FH6 importer writes the 16-bit shape word, not the whole 7-digit code.",Use full code in JSON or write shape_word at layer offset 0x7A.,tools/fabric-editor/Resources/Vinyls/Tears/31.png
shape_tab,8,Tears,32,,,,Wavy Pinstripe Tear,1049008,0x1001b0,432,0x01b0,1,176,1049008,432,0,confirmed/import-tested type word,"Same order/code model as FH5 reference for this tab; FH6 importer writes the 16-bit shape word, not the whole 7-digit code.",Use full code in JSON or write shape_word at layer offset 0x7A.,tools/fabric-editor/Resources/Vinyls/Tears/32.png
shape_tab,8,Tears,33,,,,Paint Stroke Tear,1049009,0x1001b1,433,0x01b1,1,177,1049009,433,0,confirmed/import-tested type word,"Same order/code model as FH5 reference for this tab; FH6 importer writes the 16-bit shape word, not the whole 7-digit code.",Use full code in JSON or write shape_word at layer offset 0x7A.,tools/fabric-editor/Resources/Vinyls/Tears/33.png
shape_tab,8,Tears,34,,,,Ripped Tear,1049010,0x1001b2,434,0x01b2,1,178,1049010,434,0,confirmed/import-tested type word,"Same order/code model as FH5 reference for this tab; FH6 importer writes the 16-bit shape word, not the whole 7-digit code.",Use full code in JSON or write shape_word at layer offset 0x7A.,tools/fabric-editor/Resources/Vinyls/Tears/34.png
shape_tab,8,Tears,35,,,,Real Grass Tear,1049011,0x1001b3,435,0x01b3,1,179,1049011,435,0,confirmed/import-tested type word,"Same order/code model as FH5 reference for this tab; FH6 importer writes the 16-bit shape word, not the whole 7-digit code.",Use full code in JSON or write shape_word at layer offset 0x7A.,tools/fabric-editor/Resources/Vinyls/Tears/35.png
shape_tab,8,Tears,36,,,,Stern Face Tear,1049012,0x1001b4,436,0x01b4,1,180,1049012,436,0,confirmed/import-tested type word,"Same order/code model as FH5 reference for this tab; FH6 importer writes the 16-bit shape word, not the whole 7-digit code.",Use full code in JSON or write shape_word at layer offset 0x7A.,tools/fabric-editor/Resources/Vinyls/Tears/36.png
shape_tab,8,Tears,37,,,,Bite Mark Tear,1049013,0x1001b5,437,0x01b5,1,181,1049013,437,0,confirmed/import-tested type word,"Same order/code model as FH5 reference for this tab; FH6 importer writes the 16-bit shape word, not the whole 7-digit code.",Use full code in JSON or write shape_word at layer offset 0x7A.,tools/fabric-editor/Resources/Vinyls/Tears/37.png
shape_tab,8,Tears,38,,,,Comet Tear,1049014,0x1001b6,438,0x01b6,1,182,1049014,438,0,confirmed/import-tested type word,"Same order/code model as FH5 reference for this tab; FH6 importer writes the 16-bit shape word, not the whole 7-digit code.",Use full code in JSON or write shape_word at layer offset 0x7A.,tools/fabric-editor/Resources/Vinyls/Tears/38.png
shape_tab,8,Tears,39,,,,Moose Antler Tear,1049015,0x1001b7,439,0x01b7,1,183,1049015,439,0,confirmed/import-tested type word,"Same order/code model as FH5 reference for this tab; FH6 importer writes the 16-bit shape word, not the whole 7-digit code.",Use full code in JSON or write shape_word at layer offset 0x7A.,tools/fabric-editor/Resources/Vinyls/Tears/39.png
shape_tab,8,Tears,40,,,,Bullet Hole Tear,1049016,0x1001b8,440,0x01b8,1,184,1049016,440,0,confirmed/import-tested type word,"Same order/code model as FH5 reference for this tab; FH6 importer writes the 16-bit shape word, not the whole 7-digit code.",Use full code in JSON or write shape_word at layer offset 0x7A.,tools/fabric-editor/Resources/Vinyls/Tears/40.png
shape_tab,9,Racing_Icons,1,,,,Chequered Flag 1,1049077,0x1001f5,501,0x01f5,1,245,1049077,501,0,confirmed/import-tested type word,"Same order/code model as FH5 reference for this tab; FH6 importer writes the 16-bit shape word, not the whole 7-digit code.",Use full code in JSON or write shape_word at layer offset 0x7A.,tools/fabric-editor/Resources/Vinyls/Racing_Icons/1.png
shape_tab,9,Racing_Icons,2,,,,2 by 4 Chequer,1049078,0x1001f6,502,0x01f6,1,246,1049078,502,0,confirmed/import-tested type word,"Same order/code model as FH5 reference for this tab; FH6 importer writes the 16-bit shape word, not the whole 7-digit code.",Use full code in JSON or write shape_word at layer offset 0x7A.,tools/fabric-editor/Resources/Vinyls/Racing_Icons/2.png
shape_tab,9,Racing_Icons,3,,,,Long Chequered Flag 1,1049079,0x1001f7,503,0x01f7,1,247,1049079,503,0,confirmed/import-tested type word,"Same order/code model as FH5 reference for this tab; FH6 importer writes the 16-bit shape word, not the whole 7-digit code.",Use full code in JSON or write shape_word at layer offset 0x7A.,tools/fabric-editor/Resources/Vinyls/Racing_Icons/3.png
shape_tab,9,Racing_Icons,4,,,,Banner End Outline,1049080,0x1001f8,504,0x01f8,1,248,1049080,504,0,confirmed/import-tested type word,"Same order/code model as FH5 reference for this tab; FH6 importer writes the 16-bit shape word, not the whole 7-digit code.",Use full code in JSON or write shape_word at layer offset 0x7A.,tools/fabric-editor/Resources/Vinyls/Racing_Icons/4.png
shape_tab,9,Racing_Icons,5,,,,Long Chequered Flag 2,1049081,0x1001f9,505,0x01f9,1,249,1049081,505,0,confirmed/import-tested type word,"Same order/code model as FH5 reference for this tab; FH6 importer writes the 16-bit shape word, not the whole 7-digit code.",Use full code in JSON or write shape_word at layer offset 0x7A.,tools/fabric-editor/Resources/Vinyls/Racing_Icons/5.png
shape_tab,9,Racing_Icons,6,,,,Wide Tire Mark,1049082,0x1001fa,506,0x01fa,1,250,1049082,506,0,confirmed/import-tested type word,"Same order/code model as FH5 reference for this tab; FH6 importer writes the 16-bit shape word, not the whole 7-digit code.",Use full code in JSON or write shape_word at layer offset 0x7A.,tools/fabric-editor/Resources/Vinyls/Racing_Icons/6.png
shape_tab,9,Racing_Icons,7,,,,Clean Knobbly Tyre Mark,1049083,0x1001fb,507,0x01fb,1,251,1049083,507,0,confirmed/import-tested type word,"Same order/code model as FH5 reference for this tab; FH6 importer writes the 16-bit shape word, not the whole 7-digit code.",Use full code in JSON or write shape_word at layer offset 0x7A.,tools/fabric-editor/Resources/Vinyls/Racing_Icons/7.png
shape_tab,9,Racing_Icons,8,,,,Faint Tyre Mark,1049084,0x1001fc,508,0x01fc,1,252,1049084,508,0,confirmed/import-tested type word,"Same order/code model as FH5 reference for this tab; FH6 importer writes the 16-bit shape word, not the whole 7-digit code.",Use full code in JSON or write shape_word at layer offset 0x7A.,tools/fabric-editor/Resources/Vinyls/Racing_Icons/8.png
shape_tab,9,Racing_Icons,9,,,,Quarter Slot Car Track,1049085,0x1001fd,509,0x01fd,1,253,1049085,509,0,confirmed/import-tested type word,"Same order/code model as FH5 reference for this tab; FH6 importer writes the 16-bit shape word, not the whole 7-digit code.",Use full code in JSON or write shape_word at layer offset 0x7A.,tools/fabric-editor/Resources/Vinyls/Racing_Icons/9.png
shape_tab,9,Racing_Icons,10,,,,Wheelman,1049086,0x1001fe,510,0x01fe,1,254,1049086,510,0,confirmed/import-tested type word,"Same order/code model as FH5 reference for this tab; FH6 importer writes the 16-bit shape word, not the whole 7-digit code.",Use full code in JSON or write shape_word at layer offset 0x7A.,tools/fabric-editor/Resources/Vinyls/Racing_Icons/10.png
shape_tab,9,Racing_Icons,11,,,,Chequered Flag 2,1049087,0x1001ff,511,0x01ff,1,255,1049087,511,0,confirmed/import-tested type word,"Same order/code model as FH5 reference for this tab; FH6 importer writes the 16-bit shape word, not the whole 7-digit code.",Use full code in JSON or write shape_word at layer offset 0x7A.,tools/fabric-editor/Resources/Vinyls/Racing_Icons/11.png
shape_tab,9,Racing_Icons,12,,,,Long Chequered Flag 3,1049088,0x100200,512,0x0200,2,0,1049088,512,0,confirmed/import-tested type word,"Same order/code model as FH5 reference for this tab; FH6 importer writes the 16-bit shape word, not the whole 7-digit code.",Use full code in JSON or write shape_word at layer offset 0x7A.,tools/fabric-editor/Resources/Vinyls/Racing_Icons/12.png
shape_tab,9,Racing_Icons,13,,,,Chequered Flag Into Stripes,1049089,0x100201,513,0x0201,2,1,1049089,513,0,confirmed/import-tested type word,"Same order/code model as FH5 reference for this tab; FH6 importer writes the 16-bit shape word, not the whole 7-digit code.",Use full code in JSON or write shape_word at layer offset 0x7A.,tools/fabric-editor/Resources/Vinyls/Racing_Icons/13.png
shape_tab,9,Racing_Icons,14,,,,Three Part Banner Outline,1049090,0x100202,514,0x0202,2,2,1049090,514,0,confirmed/import-tested type word,"Same order/code model as FH5 reference for this tab; FH6 importer writes the 16-bit shape word, not the whole 7-digit code.",Use full code in JSON or write shape_word at layer offset 0x7A.,tools/fabric-editor/Resources/Vinyls/Racing_Icons/14.png
shape_tab,9,Racing_Icons,15,,,,Curved Chequers,1049091,0x100203,515,0x0203,2,3,1049091,515,0,confirmed/import-tested type word,"Same order/code model as FH5 reference for this tab; FH6 importer writes the 16-bit shape word, not the whole 7-digit code.",Use full code in JSON or write shape_word at layer offset 0x7A.,tools/fabric-editor/Resources/Vinyls/Racing_Icons/15.png
shape_tab,9,Racing_Icons,16,,,,Old Timer Tyre Mark,1049092,0x100204,516,0x0204,2,4,1049092,516,0,confirmed/import-tested type word,"Same order/code model as FH5 reference for this tab; FH6 importer writes the 16-bit shape word, not the whole 7-digit code.",Use full code in JSON or write shape_word at layer offset 0x7A.,tools/fabric-editor/Resources/Vinyls/Racing_Icons/16.png
shape_tab,9,Racing_Icons,17,,,,Messy Knobbly Tyre Mark,1049093,0x100205,517,0x0205,2,5,1049093,517,0,confirmed/import-tested type word,"Same order/code model as FH5 reference for this tab; FH6 importer writes the 16-bit shape word, not the whole 7-digit code.",Use full code in JSON or write shape_word at layer offset 0x7A.,tools/fabric-editor/Resources/Vinyls/Racing_Icons/17.png
shape_tab,9,Racing_Icons,18,,,,Mountain Bike Tyre Mark,1049094,0x100206,518,0x0206,2,6,1049094,518,0,confirmed/import-tested type word,"Same order/code model as FH5 reference for this tab; FH6 importer writes the 16-bit shape word, not the whole 7-digit code.",Use full code in JSON or write shape_word at layer offset 0x7A.,tools/fabric-editor/Resources/Vinyls/Racing_Icons/18.png
shape_tab,9,Racing_Icons,19,,,,Figure Eight Slot Car Track,1049095,0x100207,519,0x0207,2,7,1049095,519,0,confirmed/import-tested type word,"Same order/code model as FH5 reference for this tab; FH6 importer writes the 16-bit shape word, not the whole 7-digit code.",Use full code in JSON or write shape_word at layer offset 0x7A.,tools/fabric-editor/Resources/Vinyls/Racing_Icons/19.png
shape_tab,9,Racing_Icons,20,,,,Fuel Canister,1049096,0x100208,520,0x0208,2,8,1049096,520,0,confirmed/import-tested type word,"Same order/code model as FH5 reference for this tab; FH6 importer writes the 16-bit shape word, not the whole 7-digit code.",Use full code in JSON or write shape_word at layer offset 0x7A.,tools/fabric-editor/Resources/Vinyls/Racing_Icons/20.png
shape_tab,9,Racing_Icons,21,,,,Chequered Flag 3,1049097,0x100209,521,0x0209,2,9,1049097,521,0,confirmed/import-tested type word,"Same order/code model as FH5 reference for this tab; FH6 importer writes the 16-bit shape word, not the whole 7-digit code.",Use full code in JSON or write shape_word at layer offset 0x7A.,tools/fabric-editor/Resources/Vinyls/Racing_Icons/21.png
shape_tab,9,Racing_Icons,22,,,,Long Chequered Flag 4,1049098,0x10020a,522,0x020a,2,10,1049098,522,0,confirmed/import-tested type word,"Same order/code model as FH5 reference for this tab; FH6 importer writes the 16-bit shape word, not the whole 7-digit code.",Use full code in JSON or write shape_word at layer offset 0x7A.,tools/fabric-editor/Resources/Vinyls/Racing_Icons/22.png
shape_tab,9,Racing_Icons,23,,,,Two Part Banner Outline,1049099,0x10020b,523,0x020b,2,11,1049099,523,0,confirmed/import-tested type word,"Same order/code model as FH5 reference for this tab; FH6 importer writes the 16-bit shape word, not the whole 7-digit code.",Use full code in JSON or write shape_word at layer offset 0x7A.,tools/fabric-editor/Resources/Vinyls/Racing_Icons/23.png
shape_tab,9,Racing_Icons,24,,,,Pennant Flag,1049100,0x10020c,524,0x020c,2,12,1049100,524,0,confirmed/import-tested type word,"Same order/code model as FH5 reference for this tab; FH6 importer writes the 16-bit shape word, not the whole 7-digit code.",Use full code in JSON or write shape_word at layer offset 0x7A.,tools/fabric-editor/Resources/Vinyls/Racing_Icons/24.png
shape_tab,9,Racing_Icons,25,,,,Chequered Arch,1049101,0x10020d,525,0x020d,2,13,1049101,525,0,confirmed/import-tested type word,"Same order/code model as FH5 reference for this tab; FH6 importer writes the 16-bit shape word, not the whole 7-digit code.",Use full code in JSON or write shape_word at layer offset 0x7A.,tools/fabric-editor/Resources/Vinyls/Racing_Icons/25.png
shape_tab,9,Racing_Icons,26,,,,Off Road Tyre Mark,1049102,0x10020e,526,0x020e,2,14,1049102,526,0,confirmed/import-tested type word,"Same order/code model as FH5 reference for this tab; FH6 importer writes the 16-bit shape word, not the whole 7-digit code.",Use full code in JSON or write shape_word at layer offset 0x7A.,tools/fabric-editor/Resources/Vinyls/Racing_Icons/26.png
shape_tab,9,Racing_Icons,27,,,,Race Bike Tyre Mark,1049103,0x10020f,527,0x020f,2,15,1049103,527,0,confirmed/import-tested type word,"Same order/code model as FH5 reference for this tab; FH6 importer writes the 16-bit shape word, not the whole 7-digit code.",Use full code in JSON or write shape_word at layer offset 0x7A.,tools/fabric-editor/Resources/Vinyls/Racing_Icons/27.png
shape_tab,9,Racing_Icons,28,,,,Overlapping Slot Car Circuit,1049104,0x100210,528,0x0210,2,16,1049104,528,0,confirmed/import-tested type word,"Same order/code model as FH5 reference for this tab; FH6 importer writes the 16-bit shape word, not the whole 7-digit code.",Use full code in JSON or write shape_word at layer offset 0x7A.,tools/fabric-editor/Resources/Vinyls/Racing_Icons/28.png
shape_tab,9,Racing_Icons,29,,,,Old School Helmet,1049105,0x100211,529,0x0211,2,17,1049105,529,0,confirmed/import-tested type word,"Same order/code model as FH5 reference for this tab; FH6 importer writes the 16-bit shape word, not the whole 7-digit code.",Use full code in JSON or write shape_word at layer offset 0x7A.,tools/fabric-editor/Resources/Vinyls/Racing_Icons/29.png
shape_tab,9,Racing_Icons,30,,,,Old School Steering Wheel,1049106,0x100212,530,0x0212,2,18,1049106,530,0,confirmed/import-tested type word,"Same order/code model as FH5 reference for this tab; FH6 importer writes the 16-bit shape word, not the whole 7-digit code.",Use full code in JSON or write shape_word at layer offset 0x7A.,tools/fabric-editor/Resources/Vinyls/Racing_Icons/30.png
shape_tab,9,Racing_Icons,31,,,,Disappearing Chequered Flag,1049107,0x100213,531,0x0213,2,19,1049107,531,0,confirmed/import-tested type word,"Same order/code model as FH5 reference for this tab; FH6 importer writes the 16-bit shape word, not the whole 7-digit code.",Use full code in JSON or write shape_word at layer offset 0x7A.,tools/fabric-editor/Resources/Vinyls/Racing_Icons/31.png
shape_tab,9,Racing_Icons,32,,,,Chequered Flag 4,1049108,0x100214,532,0x0214,2,20,1049108,532,0,confirmed/import-tested type word,"Same order/code model as FH5 reference for this tab; FH6 importer writes the 16-bit shape word, not the whole 7-digit code.",Use full code in JSON or write shape_word at layer offset 0x7A.,tools/fabric-editor/Resources/Vinyls/Racing_Icons/32.png
shape_tab,9,Racing_Icons,33,,,,Full Banner Outline,1049109,0x100215,533,0x0215,2,21,1049109,533,0,confirmed/import-tested type word,"Same order/code model as FH5 reference for this tab; FH6 importer writes the 16-bit shape word, not the whole 7-digit code.",Use full code in JSON or write shape_word at layer offset 0x7A.,tools/fabric-editor/Resources/Vinyls/Racing_Icons/33.png
shape_tab,9,Racing_Icons,34,,,,Chequered Flag On A Pole,1049110,0x100216,534,0x0216,2,22,1049110,534,0,confirmed/import-tested type word,"Same order/code model as FH5 reference for this tab; FH6 importer writes the 16-bit shape word, not the whole 7-digit code.",Use full code in JSON or write shape_word at layer offset 0x7A.,tools/fabric-editor/Resources/Vinyls/Racing_Icons/34.png
shape_tab,9,Racing_Icons,35,,,,Chequered Circle,1049111,0x100217,535,0x0217,2,23,1049111,535,0,confirmed/import-tested type word,"Same order/code model as FH5 reference for this tab; FH6 importer writes the 16-bit shape word, not the whole 7-digit code.",Use full code in JSON or write shape_word at layer offset 0x7A.,tools/fabric-editor/Resources/Vinyls/Racing_Icons/35.png
shape_tab,9,Racing_Icons,36,,,,Track Mark,1049112,0x100218,536,0x0218,2,24,1049112,536,0,confirmed/import-tested type word,"Same order/code model as FH5 reference for this tab; FH6 importer writes the 16-bit shape word, not the whole 7-digit code.",Use full code in JSON or write shape_word at layer offset 0x7A.,tools/fabric-editor/Resources/Vinyls/Racing_Icons/36.png
shape_tab,9,Racing_Icons,37,,,,Motocross Bike Tyre Mark,1049113,0x100219,537,0x0219,2,25,1049113,537,0,confirmed/import-tested type word,"Same order/code model as FH5 reference for this tab; FH6 importer writes the 16-bit shape word, not the whole 7-digit code.",Use full code in JSON or write shape_word at layer offset 0x7A.,tools/fabric-editor/Resources/Vinyls/Racing_Icons/37.png
shape_tab,9,Racing_Icons,38,,,,Miniature Short Track Oval,1049114,0x10021a,538,0x021a,2,26,1049114,538,0,confirmed/import-tested type word,"Same order/code model as FH5 reference for this tab; FH6 importer writes the 16-bit shape word, not the whole 7-digit code.",Use full code in JSON or write shape_word at layer offset 0x7A.,tools/fabric-editor/Resources/Vinyls/Racing_Icons/38.png
shape_tab,9,Racing_Icons,39,,,,Modern Race Helmet,1049115,0x10021b,539,0x021b,2,27,1049115,539,0,confirmed/import-tested type word,"Same order/code model as FH5 reference for this tab; FH6 importer writes the 16-bit shape word, not the whole 7-digit code.",Use full code in JSON or write shape_word at layer offset 0x7A.,tools/fabric-editor/Resources/Vinyls/Racing_Icons/39.png
shape_tab,9,Racing_Icons,40,,,,Manual Gear Shift Knob,1049116,0x10021c,540,0x021c,2,28,1049116,540,0,confirmed/import-tested type word,"Same order/code model as FH5 reference for this tab; FH6 importer writes the 16-bit shape word, not the whole 7-digit code.",Use full code in JSON or write shape_word at layer offset 0x7A.,tools/fabric-editor/Resources/Vinyls/Racing_Icons/40.png
shape_tab,10,Flames,1,,,,1-2 Flame,1049177,0x100259,601,0x0259,2,89,1049177,601,0,confirmed/import-tested type word,"Same order/code model as FH5 reference for this tab; FH6 importer writes the 16-bit shape word, not the whole 7-digit code.",Use full code in JSON or write shape_word at layer offset 0x7A.,tools/fabric-editor/Resources/Vinyls/Flames/1.png
shape_tab,10,Flames,2,,,,Shooting Flames 1,1049178,0x10025a,602,0x025a,2,90,1049178,602,0,confirmed/import-tested type word,"Same order/code model as FH5 reference for this tab; FH6 importer writes the 16-bit shape word, not the whole 7-digit code.",Use full code in JSON or write shape_word at layer offset 0x7A.,tools/fabric-editor/Resources/Vinyls/Flames/2.png
shape_tab,10,Flames,3,,,,Bat Flame,1049179,0x10025b,603,0x025b,2,91,1049179,603,0,confirmed/import-tested type word,"Same order/code model as FH5 reference for this tab; FH6 importer writes the 16-bit shape word, not the whole 7-digit code.",Use full code in JSON or write shape_word at layer offset 0x7A.,tools/fabric-editor/Resources/Vinyls/Flames/3.png
shape_tab,10,Flames,4,,,,Shark Flame,1049180,0x10025c,604,0x025c,2,92,1049180,604,0,confirmed/import-tested type word,"Same order/code model as FH5 reference for this tab; FH6 importer writes the 16-bit shape word, not the whole 7-digit code.",Use full code in JSON or write shape_word at layer offset 0x7A.,tools/fabric-editor/Resources/Vinyls/Flames/4.png
shape_tab,10,Flames,5,,,,Triple Flame Cluster,1049181,0x10025d,605,0x025d,2,93,1049181,605,0,confirmed/import-tested type word,"Same order/code model as FH5 reference for this tab; FH6 importer writes the 16-bit shape word, not the whole 7-digit code.",Use full code in JSON or write shape_word at layer offset 0x7A.,tools/fabric-editor/Resources/Vinyls/Flames/5.png
shape_tab,10,Flames,6,,,,Ball of Flame 1,1049182,0x10025e,606,0x025e,2,94,1049182,606,0,confirmed/import-tested type word,"Same order/code model as FH5 reference for this tab; FH6 importer writes the 16-bit shape word, not the whole 7-digit code.",Use full code in JSON or write shape_word at layer offset 0x7A.,tools/fabric-editor/Resources/Vinyls/Flames/6.png
shape_tab,10,Flames,7,,,,Pterodactyl Flame,1049183,0x10025f,607,0x025f,2,95,1049183,607,0,confirmed/import-tested type word,"Same order/code model as FH5 reference for this tab; FH6 importer writes the 16-bit shape word, not the whole 7-digit code.",Use full code in JSON or write shape_word at layer offset 0x7A.,tools/fabric-editor/Resources/Vinyls/Flames/7.png
shape_tab,10,Flames,8,,,,Squared Off Flame,1049184,0x100260,608,0x0260,2,96,1049184,608,0,confirmed/import-tested type word,"Same order/code model as FH5 reference for this tab; FH6 importer writes the 16-bit shape word, not the whole 7-digit code.",Use full code in JSON or write shape_word at layer offset 0x7A.,tools/fabric-editor/Resources/Vinyls/Flames/8.png
shape_tab,10,Flames,9,,,,Ghostly Flame,1049185,0x100261,609,0x0261,2,97,1049185,609,0,confirmed/import-tested type word,"Same order/code model as FH5 reference for this tab; FH6 importer writes the 16-bit shape word, not the whole 7-digit code.",Use full code in JSON or write shape_word at layer offset 0x7A.,tools/fabric-editor/Resources/Vinyls/Flames/9.png
shape_tab,10,Flames,10,,,,Flame Emblem,1049186,0x100262,610,0x0262,2,98,1049186,610,0,confirmed/import-tested type word,"Same order/code model as FH5 reference for this tab; FH6 importer writes the 16-bit shape word, not the whole 7-digit code.",Use full code in JSON or write shape_word at layer offset 0x7A.,tools/fabric-editor/Resources/Vinyls/Flames/10.png
shape_tab,10,Flames,11,,,,Healthcare Logo Flame,1049187,0x100263,611,0x0263,2,99,1049187,611,0,confirmed/import-tested type word,"Same order/code model as FH5 reference for this tab; FH6 importer writes the 16-bit shape word, not the whole 7-digit code.",Use full code in JSON or write shape_word at layer offset 0x7A.,tools/fabric-editor/Resources/Vinyls/Flames/11.png
shape_tab,10,Flames,12,,,,Shooting Flames 2,1049188,0x100264,612,0x0264,2,100,1049188,612,0,confirmed/import-tested type word,"Same order/code model as FH5 reference for this tab; FH6 importer writes the 16-bit shape word, not the whole 7-digit code.",Use full code in JSON or write shape_word at layer offset 0x7A.,tools/fabric-editor/Resources/Vinyls/Flames/12.png
shape_tab,10,Flames,13,,,,Pincer Flame,1049189,0x100265,613,0x0265,2,101,1049189,613,0,confirmed/import-tested type word,"Same order/code model as FH5 reference for this tab; FH6 importer writes the 16-bit shape word, not the whole 7-digit code.",Use full code in JSON or write shape_word at layer offset 0x7A.,tools/fabric-editor/Resources/Vinyls/Flames/13.png
shape_tab,10,Flames,14,,,,1-2 Pincer Flame,1049190,0x100266,614,0x0266,2,102,1049190,614,0,confirmed/import-tested type word,"Same order/code model as FH5 reference for this tab; FH6 importer writes the 16-bit shape word, not the whole 7-digit code.",Use full code in JSON or write shape_word at layer offset 0x7A.,tools/fabric-editor/Resources/Vinyls/Flames/14.png
shape_tab,10,Flames,15,,,,Antler Flame,1049191,0x100267,615,0x0267,2,103,1049191,615,0,confirmed/import-tested type word,"Same order/code model as FH5 reference for this tab; FH6 importer writes the 16-bit shape word, not the whole 7-digit code.",Use full code in JSON or write shape_word at layer offset 0x7A.,tools/fabric-editor/Resources/Vinyls/Flames/15.png
shape_tab,10,Flames,16,,,,Ball of Flame 2,1049192,0x100268,616,0x0268,2,104,1049192,616,0,confirmed/import-tested type word,"Same order/code model as FH5 reference for this tab; FH6 importer writes the 16-bit shape word, not the whole 7-digit code.",Use full code in JSON or write shape_word at layer offset 0x7A.,tools/fabric-editor/Resources/Vinyls/Flames/16.png
shape_tab,10,Flames,17,,,,Four Pronged Flame,1049193,0x100269,617,0x0269,2,105,1049193,617,0,confirmed/import-tested type word,"Same order/code model as FH5 reference for this tab; FH6 importer writes the 16-bit shape word, not the whole 7-digit code.",Use full code in JSON or write shape_word at layer offset 0x7A.,tools/fabric-editor/Resources/Vinyls/Flames/17.png
shape_tab,10,Flames,18,,,,Flame Spine,1049194,0x10026a,618,0x026a,2,106,1049194,618,0,confirmed/import-tested type word,"Same order/code model as FH5 reference for this tab; FH6 importer writes the 16-bit shape word, not the whole 7-digit code.",Use full code in JSON or write shape_word at layer offset 0x7A.,tools/fabric-editor/Resources/Vinyls/Flames/18.png
shape_tab,10,Flames,19,,,,Flame Cluster,1049195,0x10026b,619,0x026b,2,107,1049195,619,0,confirmed/import-tested type word,"Same order/code model as FH5 reference for this tab; FH6 importer writes the 16-bit shape word, not the whole 7-digit code.",Use full code in JSON or write shape_word at layer offset 0x7A.,tools/fabric-editor/Resources/Vinyls/Flames/19.png
shape_tab,10,Flames,20,,,,Three Pronged Pincer Flame,1049196,0x10026c,620,0x026c,2,108,1049196,620,0,confirmed/import-tested type word,"Same order/code model as FH5 reference for this tab; FH6 importer writes the 16-bit shape word, not the whole 7-digit code.",Use full code in JSON or write shape_word at layer offset 0x7A.,tools/fabric-editor/Resources/Vinyls/Flames/20.png
shape_tab,10,Flames,21,,,,Rear of Arch Flame,1049197,0x10026d,621,0x026d,2,109,1049197,621,0,confirmed/import-tested type word,"Same order/code model as FH5 reference for this tab; FH6 importer writes the 16-bit shape word, not the whole 7-digit code.",Use full code in JSON or write shape_word at layer offset 0x7A.,tools/fabric-editor/Resources/Vinyls/Flames/21.png
shape_tab,10,Flames,22,,,,Hook Flame,1049198,0x10026e,622,0x026e,2,110,1049198,622,0,confirmed/import-tested type word,"Same order/code model as FH5 reference for this tab; FH6 importer writes the 16-bit shape word, not the whole 7-digit code.",Use full code in JSON or write shape_word at layer offset 0x7A.,tools/fabric-editor/Resources/Vinyls/Flames/22.png
shape_tab,10,Flames,23,,,,Snake Flame,1049199,0x10026f,623,0x026f,2,111,1049199,623,0,confirmed/import-tested type word,"Same order/code model as FH5 reference for this tab; FH6 importer writes the 16-bit shape word, not the whole 7-digit code.",Use full code in JSON or write shape_word at layer offset 0x7A.,tools/fabric-editor/Resources/Vinyls/Flames/23.png
shape_tab,10,Flames,24,,,,Hook and Pincer Flame,1049200,0x100270,624,0x0270,2,112,1049200,624,0,confirmed/import-tested type word,"Same order/code model as FH5 reference for this tab; FH6 importer writes the 16-bit shape word, not the whole 7-digit code.",Use full code in JSON or write shape_word at layer offset 0x7A.,tools/fabric-editor/Resources/Vinyls/Flames/24.png
shape_tab,10,Flames,25,,,,Flame with Tail,1049201,0x100271,625,0x0271,2,113,1049201,625,0,confirmed/import-tested type word,"Same order/code model as FH5 reference for this tab; FH6 importer writes the 16-bit shape word, not the whole 7-digit code.",Use full code in JSON or write shape_word at layer offset 0x7A.,tools/fabric-editor/Resources/Vinyls/Flames/25.png
shape_tab,10,Flames,26,,,,Hemisphere Licking Flames,1049202,0x100272,626,0x0272,2,114,1049202,626,0,confirmed/import-tested type word,"Same order/code model as FH5 reference for this tab; FH6 importer writes the 16-bit shape word, not the whole 7-digit code.",Use full code in JSON or write shape_word at layer offset 0x7A.,tools/fabric-editor/Resources/Vinyls/Flames/26.png
shape_tab,10,Flames,27,,,,Flame with Tip Outlines,1049203,0x100273,627,0x0273,2,115,1049203,627,0,confirmed/import-tested type word,"Same order/code model as FH5 reference for this tab; FH6 importer writes the 16-bit shape word, not the whole 7-digit code.",Use full code in JSON or write shape_word at layer offset 0x7A.,tools/fabric-editor/Resources/Vinyls/Flames/27.png
shape_tab,10,Flames,28,,,,Three Part Split Flame,1049204,0x100274,628,0x0274,2,116,1049204,628,0,confirmed/import-tested type word,"Same order/code model as FH5 reference for this tab; FH6 importer writes the 16-bit shape word, not the whole 7-digit code.",Use full code in JSON or write shape_word at layer offset 0x7A.,tools/fabric-editor/Resources/Vinyls/Flames/28.png
shape_tab,10,Flames,29,,,,Four Part Shooting Flame,1049205,0x100275,629,0x0275,2,117,1049205,629,0,confirmed/import-tested type word,"Same order/code model as FH5 reference for this tab; FH6 importer writes the 16-bit shape word, not the whole 7-digit code.",Use full code in JSON or write shape_word at layer offset 0x7A.,tools/fabric-editor/Resources/Vinyls/Flames/29.png
shape_tab,10,Flames,30,,,,Face in a Flame,1049206,0x100276,630,0x0276,2,118,1049206,630,0,confirmed/import-tested type word,"Same order/code model as FH5 reference for this tab; FH6 importer writes the 16-bit shape word, not the whole 7-digit code.",Use full code in JSON or write shape_word at layer offset 0x7A.,tools/fabric-editor/Resources/Vinyls/Flames/30.png
shape_tab,10,Flames,31,,,,Shooting Flames 3,1049207,0x100277,631,0x0277,2,119,1049207,631,0,confirmed/import-tested type word,"Same order/code model as FH5 reference for this tab; FH6 importer writes the 16-bit shape word, not the whole 7-digit code.",Use full code in JSON or write shape_word at layer offset 0x7A.,tools/fabric-editor/Resources/Vinyls/Flames/31.png
shape_tab,10,Flames,32,,,,Pincer and Hook Flame,1049208,0x100278,632,0x0278,2,120,1049208,632,0,confirmed/import-tested type word,"Same order/code model as FH5 reference for this tab; FH6 importer writes the 16-bit shape word, not the whole 7-digit code.",Use full code in JSON or write shape_word at layer offset 0x7A.,tools/fabric-editor/Resources/Vinyls/Flames/32.png
shape_tab,10,Flames,33,,,,Flying Flame,1049209,0x100279,633,0x0279,2,121,1049209,633,0,confirmed/import-tested type word,"Same order/code model as FH5 reference for this tab; FH6 importer writes the 16-bit shape word, not the whole 7-digit code.",Use full code in JSON or write shape_word at layer offset 0x7A.,tools/fabric-editor/Resources/Vinyls/Flames/33.png
shape_tab,10,Flames,34,,,,Two Headed Flame Monster,1049210,0x10027a,634,0x027a,2,122,1049210,634,0,confirmed/import-tested type word,"Same order/code model as FH5 reference for this tab; FH6 importer writes the 16-bit shape word, not the whole 7-digit code.",Use full code in JSON or write shape_word at layer offset 0x7A.,tools/fabric-editor/Resources/Vinyls/Flames/34.png
shape_tab,10,Flames,35,,,,Fin-Hook-Pincer Flame,1049211,0x10027b,635,0x027b,2,123,1049211,635,0,confirmed/import-tested type word,"Same order/code model as FH5 reference for this tab; FH6 importer writes the 16-bit shape word, not the whole 7-digit code.",Use full code in JSON or write shape_word at layer offset 0x7A.,tools/fabric-editor/Resources/Vinyls/Flames/35.png
shape_tab,10,Flames,36,,,,Exploding Flower Flame,1049212,0x10027c,636,0x027c,2,124,1049212,636,0,confirmed/import-tested type word,"Same order/code model as FH5 reference for this tab; FH6 importer writes the 16-bit shape word, not the whole 7-digit code.",Use full code in JSON or write shape_word at layer offset 0x7A.,tools/fabric-editor/Resources/Vinyls/Flames/36.png
shape_tab,10,Flames,37,,,,Ball of Flame 3,1049213,0x10027d,637,0x027d,2,125,1049213,637,0,confirmed/import-tested type word,"Same order/code model as FH5 reference for this tab; FH6 importer writes the 16-bit shape word, not the whole 7-digit code.",Use full code in JSON or write shape_word at layer offset 0x7A.,tools/fabric-editor/Resources/Vinyls/Flames/37.png
shape_tab,10,Flames,38,,,,Twisted Flames,1049214,0x10027e,638,0x027e,2,126,1049214,638,0,confirmed/import-tested type word,"Same order/code model as FH5 reference for this tab; FH6 importer writes the 16-bit shape word, not the whole 7-digit code.",Use full code in JSON or write shape_word at layer offset 0x7A.,tools/fabric-editor/Resources/Vinyls/Flames/38.png
shape_tab,10,Flames,39,,,,Flaming Bucket,1049215,0x10027f,639,0x027f,2,127,1049215,639,0,confirmed/import-tested type word,"Same order/code model as FH5 reference for this tab; FH6 importer writes the 16-bit shape word, not the whole 7-digit code.",Use full code in JSON or write shape_word at layer offset 0x7A.,tools/fabric-editor/Resources/Vinyls/Flames/39.png
shape_tab,10,Flames,40,,,,Thin Licks of Flame,1049216,0x100280,640,0x0280,2,128,1049216,640,0,confirmed/import-tested type word,"Same order/code model as FH5 reference for this tab; FH6 importer writes the 16-bit shape word, not the whole 7-digit code.",Use full code in JSON or write shape_word at layer offset 0x7A.,tools/fabric-editor/Resources/Vinyls/Flames/40.png
shape_tab,11,Paint_Splats,1,,,,Paint Splatter 1,1049277,0x1002bd,701,0x02bd,2,189,1049277,701,0,confirmed/import-tested type word,"Same order/code model as FH5 reference for this tab; FH6 importer writes the 16-bit shape word, not the whole 7-digit code.",Use full code in JSON or write shape_word at layer offset 0x7A.,tools/fabric-editor/Resources/Vinyls/Paint_Splats/1.png
shape_tab,11,Paint_Splats,2,,,,Paint Puddle 1,1049278,0x1002be,702,0x02be,2,190,1049278,702,0,confirmed/import-tested type word,"Same order/code model as FH5 reference for this tab; FH6 importer writes the 16-bit shape word, not the whole 7-digit code.",Use full code in JSON or write shape_word at layer offset 0x7A.,tools/fabric-editor/Resources/Vinyls/Paint_Splats/2.png
shape_tab,11,Paint_Splats,3,,,,Thought Cloud of Paint,1049279,0x1002bf,703,0x02bf,2,191,1049279,703,0,confirmed/import-tested type word,"Same order/code model as FH5 reference for this tab; FH6 importer writes the 16-bit shape word, not the whole 7-digit code.",Use full code in JSON or write shape_word at layer offset 0x7A.,tools/fabric-editor/Resources/Vinyls/Paint_Splats/3.png
shape_tab,11,Paint_Splats,4,,,,Rivers of Paint,1049280,0x1002c0,704,0x02c0,2,192,1049280,704,0,confirmed/import-tested type word,"Same order/code model as FH5 reference for this tab; FH6 importer writes the 16-bit shape word, not the whole 7-digit code.",Use full code in JSON or write shape_word at layer offset 0x7A.,tools/fabric-editor/Resources/Vinyls/Paint_Splats/4.png
shape_tab,11,Paint_Splats,5,,,,Running Man of Paint,1049281,0x1002c1,705,0x02c1,2,193,1049281,705,0,confirmed/import-tested type word,"Same order/code model as FH5 reference for this tab; FH6 importer writes the 16-bit shape word, not the whole 7-digit code.",Use full code in JSON or write shape_word at layer offset 0x7A.,tools/fabric-editor/Resources/Vinyls/Paint_Splats/5.png
shape_tab,11,Paint_Splats,6,,,,Modern Art Paint Dribble,1049282,0x1002c2,706,0x02c2,2,194,1049282,706,0,confirmed/import-tested type word,"Same order/code model as FH5 reference for this tab; FH6 importer writes the 16-bit shape word, not the whole 7-digit code.",Use full code in JSON or write shape_word at layer offset 0x7A.,tools/fabric-editor/Resources/Vinyls/Paint_Splats/6.png
shape_tab,11,Paint_Splats,7,,,,Paint Mohawk,1049283,0x1002c3,707,0x02c3,2,195,1049283,707,0,confirmed/import-tested type word,"Same order/code model as FH5 reference for this tab; FH6 importer writes the 16-bit shape word, not the whole 7-digit code.",Use full code in JSON or write shape_word at layer offset 0x7A.,tools/fabric-editor/Resources/Vinyls/Paint_Splats/7.png
shape_tab,11,Paint_Splats,8,,,,Paint Drops with Pin Holes,1049284,0x1002c4,708,0x02c4,2,196,1049284,708,0,confirmed/import-tested type word,"Same order/code model as FH5 reference for this tab; FH6 importer writes the 16-bit shape word, not the whole 7-digit code.",Use full code in JSON or write shape_word at layer offset 0x7A.,tools/fabric-editor/Resources/Vinyls/Paint_Splats/8.png
shape_tab,11,Paint_Splats,9,,,,Falling Paint Flame,1049285,0x1002c5,709,0x02c5,2,197,1049285,709,0,confirmed/import-tested type word,"Same order/code model as FH5 reference for this tab; FH6 importer writes the 16-bit shape word, not the whole 7-digit code.",Use full code in JSON or write shape_word at layer offset 0x7A.,tools/fabric-editor/Resources/Vinyls/Paint_Splats/9.png
shape_tab,11,Paint_Splats,10,,,,Arcing Paint Comet,1049286,0x1002c6,710,0x02c6,2,198,1049286,710,0,confirmed/import-tested type word,"Same order/code model as FH5 reference for this tab; FH6 importer writes the 16-bit shape word, not the whole 7-digit code.",Use full code in JSON or write shape_word at layer offset 0x7A.,tools/fabric-editor/Resources/Vinyls/Paint_Splats/10.png
shape_tab,11,Paint_Splats,11,,,,Paint Splatter 2,1049287,0x1002c7,711,0x02c7,2,199,1049287,711,0,confirmed/import-tested type word,"Same order/code model as FH5 reference for this tab; FH6 importer writes the 16-bit shape word, not the whole 7-digit code.",Use full code in JSON or write shape_word at layer offset 0x7A.,tools/fabric-editor/Resources/Vinyls/Paint_Splats/11.png
shape_tab,11,Paint_Splats,12,,,,Paint Puddle 2,1049288,0x1002c8,712,0x02c8,2,200,1049288,712,0,confirmed/import-tested type word,"Same order/code model as FH5 reference for this tab; FH6 importer writes the 16-bit shape word, not the whole 7-digit code.",Use full code in JSON or write shape_word at layer offset 0x7A.,tools/fabric-editor/Resources/Vinyls/Paint_Splats/12.png
shape_tab,11,Paint_Splats,13,,,,Speedy Paint Puddle,1049289,0x1002c9,713,0x02c9,2,201,1049289,713,0,confirmed/import-tested type word,"Same order/code model as FH5 reference for this tab; FH6 importer writes the 16-bit shape word, not the whole 7-digit code.",Use full code in JSON or write shape_word at layer offset 0x7A.,tools/fabric-editor/Resources/Vinyls/Paint_Splats/13.png
shape_tab,11,Paint_Splats,14,,,,Alligator Head of Paint,1049290,0x1002ca,714,0x02ca,2,202,1049290,714,0,confirmed/import-tested type word,"Same order/code model as FH5 reference for this tab; FH6 importer writes the 16-bit shape word, not the whole 7-digit code.",Use full code in JSON or write shape_word at layer offset 0x7A.,tools/fabric-editor/Resources/Vinyls/Paint_Splats/14.png
shape_tab,11,Paint_Splats,15,,,,Shooting Paint,1049291,0x1002cb,715,0x02cb,2,203,1049291,715,0,confirmed/import-tested type word,"Same order/code model as FH5 reference for this tab; FH6 importer writes the 16-bit shape word, not the whole 7-digit code.",Use full code in JSON or write shape_word at layer offset 0x7A.,tools/fabric-editor/Resources/Vinyls/Paint_Splats/15.png
shape_tab,11,Paint_Splats,16,,,,Rabbit Shaped Paint Puddle,1049292,0x1002cc,716,0x02cc,2,204,1049292,716,0,confirmed/import-tested type word,"Same order/code model as FH5 reference for this tab; FH6 importer writes the 16-bit shape word, not the whole 7-digit code.",Use full code in JSON or write shape_word at layer offset 0x7A.,tools/fabric-editor/Resources/Vinyls/Paint_Splats/16.png
shape_tab,11,Paint_Splats,17,,,,Paint_Splats #17,1049293,0x1002cd,717,0x02cd,2,205,1049293,717,0,type word confirmed; display name inferred,"Same order/code model as FH5 reference for this tab; FH6 importer writes the 16-bit shape word, not the whole 7-digit code.",Use full code in JSON or write shape_word at layer offset 0x7A.,tools/fabric-editor/Resources/Vinyls/Paint_Splats/17.png
shape_tab,11,Paint_Splats,18,,,,Paint_Splats #18,1049294,0x1002ce,718,0x02ce,2,206,1049294,718,0,type word confirmed; display name inferred,"Same order/code model as FH5 reference for this tab; FH6 importer writes the 16-bit shape word, not the whole 7-digit code.",Use full code in JSON or write shape_word at layer offset 0x7A.,tools/fabric-editor/Resources/Vinyls/Paint_Splats/18.png
shape_tab,11,Paint_Splats,19,,,,Paint_Splats #19,1049295,0x1002cf,719,0x02cf,2,207,1049295,719,0,type word confirmed; display name inferred,"Same order/code model as FH5 reference for this tab; FH6 importer writes the 16-bit shape word, not the whole 7-digit code.",Use full code in JSON or write shape_word at layer offset 0x7A.,tools/fabric-editor/Resources/Vinyls/Paint_Splats/19.png
shape_tab,11,Paint_Splats,20,,,,Paint_Splats #20,1049296,0x1002d0,720,0x02d0,2,208,1049296,720,0,type word confirmed; display name inferred,"Same order/code model as FH5 reference for this tab; FH6 importer writes the 16-bit shape word, not the whole 7-digit code.",Use full code in JSON or write shape_word at layer offset 0x7A.,tools/fabric-editor/Resources/Vinyls/Paint_Splats/20.png
shape_tab,11,Paint_Splats,21,,,,Paint_Splats #21,1049297,0x1002d1,721,0x02d1,2,209,1049297,721,0,type word confirmed; display name inferred,"Same order/code model as FH5 reference for this tab; FH6 importer writes the 16-bit shape word, not the whole 7-digit code.",Use full code in JSON or write shape_word at layer offset 0x7A.,tools/fabric-editor/Resources/Vinyls/Paint_Splats/21.png
shape_tab,11,Paint_Splats,22,,,,Paint_Splats #22,1049298,0x1002d2,722,0x02d2,2,210,1049298,722,0,type word confirmed; display name inferred,"Same order/code model as FH5 reference for this tab; FH6 importer writes the 16-bit shape word, not the whole 7-digit code.",Use full code in JSON or write shape_word at layer offset 0x7A.,tools/fabric-editor/Resources/Vinyls/Paint_Splats/22.png
shape_tab,11,Paint_Splats,23,,,,Paint_Splats #23,1049299,0x1002d3,723,0x02d3,2,211,1049299,723,0,type word confirmed; display name inferred,"Same order/code model as FH5 reference for this tab; FH6 importer writes the 16-bit shape word, not the whole 7-digit code.",Use full code in JSON or write shape_word at layer offset 0x7A.,tools/fabric-editor/Resources/Vinyls/Paint_Splats/23.png
shape_tab,11,Paint_Splats,24,,,,Paint_Splats #24,1049300,0x1002d4,724,0x02d4,2,212,1049300,724,0,type word confirmed; display name inferred,"Same order/code model as FH5 reference for this tab; FH6 importer writes the 16-bit shape word, not the whole 7-digit code.",Use full code in JSON or write shape_word at layer offset 0x7A.,tools/fabric-editor/Resources/Vinyls/Paint_Splats/24.png
shape_tab,11,Paint_Splats,25,,,,Paint_Splats #25,1049301,0x1002d5,725,0x02d5,2,213,1049301,725,0,type word confirmed; display name inferred,"Same order/code model as FH5 reference for this tab; FH6 importer writes the 16-bit shape word, not the whole 7-digit code.",Use full code in JSON or write shape_word at layer offset 0x7A.,tools/fabric-editor/Resources/Vinyls/Paint_Splats/25.png
shape_tab,11,Paint_Splats,26,,,,Paint_Splats #26,1049302,0x1002d6,726,0x02d6,2,214,1049302,726,0,type word confirmed; display name inferred,"Same order/code model as FH5 reference for this tab; FH6 importer writes the 16-bit shape word, not the whole 7-digit code.",Use full code in JSON or write shape_word at layer offset 0x7A.,tools/fabric-editor/Resources/Vinyls/Paint_Splats/26.png
shape_tab,11,Paint_Splats,27,,,,Paint_Splats #27,1049303,0x1002d7,727,0x02d7,2,215,1049303,727,0,type word confirmed; display name inferred,"Same order/code model as FH5 reference for this tab; FH6 importer writes the 16-bit shape word, not the whole 7-digit code.",Use full code in JSON or write shape_word at layer offset 0x7A.,tools/fabric-editor/Resources/Vinyls/Paint_Splats/27.png
shape_tab,11,Paint_Splats,28,,,,Paint_Splats #28,1049304,0x1002d8,728,0x02d8,2,216,1049304,728,0,type word confirmed; display name inferred,"Same order/code model as FH5 reference for this tab; FH6 importer writes the 16-bit shape word, not the whole 7-digit code.",Use full code in JSON or write shape_word at layer offset 0x7A.,tools/fabric-editor/Resources/Vinyls/Paint_Splats/28.png
shape_tab,11,Paint_Splats,29,,,,Paint_Splats #29,1049305,0x1002d9,729,0x02d9,2,217,1049305,729,0,type word confirmed; display name inferred,"Same order/code model as FH5 reference for this tab; FH6 importer writes the 16-bit shape word, not the whole 7-digit code.",Use full code in JSON or write shape_word at layer offset 0x7A.,tools/fabric-editor/Resources/Vinyls/Paint_Splats/29.png
shape_tab,11,Paint_Splats,30,,,,Paint_Splats #30,1049306,0x1002da,730,0x02da,2,218,1049306,730,0,type word confirmed; display name inferred,"Same order/code model as FH5 reference for this tab; FH6 importer writes the 16-bit shape word, not the whole 7-digit code.",Use full code in JSON or write shape_word at layer offset 0x7A.,tools/fabric-editor/Resources/Vinyls/Paint_Splats/30.png
shape_tab,11,Paint_Splats,31,,,,Paint_Splats #31,1049307,0x1002db,731,0x02db,2,219,1049307,731,0,type word confirmed; display name inferred,"Same order/code model as FH5 reference for this tab; FH6 importer writes the 16-bit shape word, not the whole 7-digit code.",Use full code in JSON or write shape_word at layer offset 0x7A.,tools/fabric-editor/Resources/Vinyls/Paint_Splats/31.png
shape_tab,11,Paint_Splats,32,,,,Paint_Splats #32,1049308,0x1002dc,732,0x02dc,2,220,1049308,732,0,type word confirmed; display name inferred,"Same order/code model as FH5 reference for this tab; FH6 importer writes the 16-bit shape word, not the whole 7-digit code.",Use full code in JSON or write shape_word at layer offset 0x7A.,tools/fabric-editor/Resources/Vinyls/Paint_Splats/32.png
shape_tab,11,Paint_Splats,33,,,,Paint_Splats #33,1049309,0x1002dd,733,0x02dd,2,221,1049309,733,0,type word confirmed; display name inferred,"Same order/code model as FH5 reference for this tab; FH6 importer writes the 16-bit shape word, not the whole 7-digit code.",Use full code in JSON or write shape_word at layer offset 0x7A.,tools/fabric-editor/Resources/Vinyls/Paint_Splats/33.png
shape_tab,11,Paint_Splats,34,,,,Paint_Splats #34,1049310,0x1002de,734,0x02de,2,222,1049310,734,0,type word confirmed; display name inferred,"Same order/code model as FH5 reference for this tab; FH6 importer writes the 16-bit shape word, not the whole 7-digit code.",Use full code in JSON or write shape_word at layer offset 0x7A.,tools/fabric-editor/Resources/Vinyls/Paint_Splats/34.png
shape_tab,11,Paint_Splats,35,,,,Paint_Splats #35,1049311,0x1002df,735,0x02df,2,223,1049311,735,0,type word confirmed; display name inferred,"Same order/code model as FH5 reference for this tab; FH6 importer writes the 16-bit shape word, not the whole 7-digit code.",Use full code in JSON or write shape_word at layer offset 0x7A.,tools/fabric-editor/Resources/Vinyls/Paint_Splats/35.png
shape_tab,11,Paint_Splats,36,,,,Paint_Splats #36,1049312,0x1002e0,736,0x02e0,2,224,1049312,736,0,type word confirmed; display name inferred,"Same order/code model as FH5 reference for this tab; FH6 importer writes the 16-bit shape word, not the whole 7-digit code.",Use full code in JSON or write shape_word at layer offset 0x7A.,tools/fabric-editor/Resources/Vinyls/Paint_Splats/36.png
shape_tab,11,Paint_Splats,37,,,,Paint_Splats #37,1049313,0x1002e1,737,0x02e1,2,225,1049313,737,0,type word confirmed; display name inferred,"Same order/code model as FH5 reference for this tab; FH6 importer writes the 16-bit shape word, not the whole 7-digit code.",Use full code in JSON or write shape_word at layer offset 0x7A.,tools/fabric-editor/Resources/Vinyls/Paint_Splats/37.png
shape_tab,11,Paint_Splats,38,,,,Paint_Splats #38,1049314,0x1002e2,738,0x02e2,2,226,1049314,738,0,type word confirmed; display name inferred,"Same order/code model as FH5 reference for this tab; FH6 importer writes the 16-bit shape word, not the whole 7-digit code.",Use full code in JSON or write shape_word at layer offset 0x7A.,tools/fabric-editor/Resources/Vinyls/Paint_Splats/38.png
shape_tab,11,Paint_Splats,39,,,,Paint_Splats #39,1049315,0x1002e3,739,0x02e3,2,227,1049315,739,0,type word confirmed; display name inferred,"Same order/code model as FH5 reference for this tab; FH6 importer writes the 16-bit shape word, not the whole 7-digit code.",Use full code in JSON or write shape_word at layer offset 0x7A.,tools/fabric-editor/Resources/Vinyls/Paint_Splats/39.png
shape_tab,11,Paint_Splats,40,,,,Paint_Splats #40,1049316,0x1002e4,740,0x02e4,2,228,1049316,740,0,type word confirmed; display name inferred,"Same order/code model as FH5 reference for this tab; FH6 importer writes the 16-bit shape word, not the whole 7-digit code.",Use full code in JSON or write shape_word at layer offset 0x7A.,tools/fabric-editor/Resources/Vinyls/Paint_Splats/40.png
shape_tab,12,Tribal,1,,,,Tribal inferred 1-1,1049377,0x100321,801,0x0321,3,33,1049377,801,0,type word confirmed; display name inferred,"Same order/code model as FH5 reference for this tab; FH6 importer writes the 16-bit shape word, not the whole 7-digit code.",Use full code in JSON or write shape_word at layer offset 0x7A.,tools/fabric-editor/Resources/Vinyls/Tribal/1.png
shape_tab,12,Tribal,2,,,,Tribal inferred 1-2,1049378,0x100322,802,0x0322,3,34,1049378,802,0,type word confirmed; display name inferred,"Same order/code model as FH5 reference for this tab; FH6 importer writes the 16-bit shape word, not the whole 7-digit code.",Use full code in JSON or write shape_word at layer offset 0x7A.,tools/fabric-editor/Resources/Vinyls/Tribal/2.png
shape_tab,12,Tribal,3,,,,Tribal inferred 1-3,1049379,0x100323,803,0x0323,3,35,1049379,803,0,type word confirmed; display name inferred,"Same order/code model as FH5 reference for this tab; FH6 importer writes the 16-bit shape word, not the whole 7-digit code.",Use full code in JSON or write shape_word at layer offset 0x7A.,tools/fabric-editor/Resources/Vinyls/Tribal/3.png
shape_tab,12,Tribal,4,,,,Tribal inferred 1-4,1049380,0x100324,804,0x0324,3,36,1049380,804,0,type word confirmed; display name inferred,"Same order/code model as FH5 reference for this tab; FH6 importer writes the 16-bit shape word, not the whole 7-digit code.",Use full code in JSON or write shape_word at layer offset 0x7A.,tools/fabric-editor/Resources/Vinyls/Tribal/4.png
shape_tab,12,Tribal,5,,,,Tribal inferred 1-5,1049381,0x100325,805,0x0325,3,37,1049381,805,0,type word confirmed; display name inferred,"Same order/code model as FH5 reference for this tab; FH6 importer writes the 16-bit shape word, not the whole 7-digit code.",Use full code in JSON or write shape_word at layer offset 0x7A.,tools/fabric-editor/Resources/Vinyls/Tribal/5.png
shape_tab,12,Tribal,6,,,,Tribal inferred 1-6,1049382,0x100326,806,0x0326,3,38,1049382,806,0,type word confirmed; display name inferred,"Same order/code model as FH5 reference for this tab; FH6 importer writes the 16-bit shape word, not the whole 7-digit code.",Use full code in JSON or write shape_word at layer offset 0x7A.,tools/fabric-editor/Resources/Vinyls/Tribal/6.png
shape_tab,12,Tribal,7,,,,Tribal inferred 1-7,1049383,0x100327,807,0x0327,3,39,1049383,807,0,type word confirmed; display name inferred,"Same order/code model as FH5 reference for this tab; FH6 importer writes the 16-bit shape word, not the whole 7-digit code.",Use full code in JSON or write shape_word at layer offset 0x7A.,tools/fabric-editor/Resources/Vinyls/Tribal/7.png
shape_tab,12,Tribal,8,,,,Tribal inferred 1-8,1049384,0x100328,808,0x0328,3,40,1049384,808,0,type word confirmed; display name inferred,"Same order/code model as FH5 reference for this tab; FH6 importer writes the 16-bit shape word, not the whole 7-digit code.",Use full code in JSON or write shape_word at layer offset 0x7A.,tools/fabric-editor/Resources/Vinyls/Tribal/8.png
shape_tab,12,Tribal,9,,,,Tribal inferred 1-9,1049385,0x100329,809,0x0329,3,41,1049385,809,0,type word confirmed; display name inferred,"Same order/code model as FH5 reference for this tab; FH6 importer writes the 16-bit shape word, not the whole 7-digit code.",Use full code in JSON or write shape_word at layer offset 0x7A.,tools/fabric-editor/Resources/Vinyls/Tribal/9.png
shape_tab,12,Tribal,10,,,,Tribal inferred 1-10,1049386,0x10032a,810,0x032a,3,42,1049386,810,0,type word confirmed; display name inferred,"Same order/code model as FH5 reference for this tab; FH6 importer writes the 16-bit shape word, not the whole 7-digit code.",Use full code in JSON or write shape_word at layer offset 0x7A.,tools/fabric-editor/Resources/Vinyls/Tribal/10.png
shape_tab,12,Tribal,11,,,,Tribal inferred 2-1,1049387,0x10032b,811,0x032b,3,43,1049387,811,0,type word confirmed; display name inferred,"Same order/code model as FH5 reference for this tab; FH6 importer writes the 16-bit shape word, not the whole 7-digit code.",Use full code in JSON or write shape_word at layer offset 0x7A.,tools/fabric-editor/Resources/Vinyls/Tribal/11.png
shape_tab,12,Tribal,12,,,,Tribal inferred 2-2,1049388,0x10032c,812,0x032c,3,44,1049388,812,0,type word confirmed; display name inferred,"Same order/code model as FH5 reference for this tab; FH6 importer writes the 16-bit shape word, not the whole 7-digit code.",Use full code in JSON or write shape_word at layer offset 0x7A.,tools/fabric-editor/Resources/Vinyls/Tribal/12.png
shape_tab,12,Tribal,13,,,,Tribal inferred 2-3,1049389,0x10032d,813,0x032d,3,45,1049389,813,0,type word confirmed; display name inferred,"Same order/code model as FH5 reference for this tab; FH6 importer writes the 16-bit shape word, not the whole 7-digit code.",Use full code in JSON or write shape_word at layer offset 0x7A.,tools/fabric-editor/Resources/Vinyls/Tribal/13.png
shape_tab,12,Tribal,14,,,,Tribal inferred 2-4,1049390,0x10032e,814,0x032e,3,46,1049390,814,0,type word confirmed; display name inferred,"Same order/code model as FH5 reference for this tab; FH6 importer writes the 16-bit shape word, not the whole 7-digit code.",Use full code in JSON or write shape_word at layer offset 0x7A.,tools/fabric-editor/Resources/Vinyls/Tribal/14.png
shape_tab,12,Tribal,15,,,,Tribal inferred 2-5,1049391,0x10032f,815,0x032f,3,47,1049391,815,0,type word confirmed; display name inferred,"Same order/code model as FH5 reference for this tab; FH6 importer writes the 16-bit shape word, not the whole 7-digit code.",Use full code in JSON or write shape_word at layer offset 0x7A.,tools/fabric-editor/Resources/Vinyls/Tribal/15.png
shape_tab,12,Tribal,16,,,,Tribal inferred 2-6,1049392,0x100330,816,0x0330,3,48,1049392,816,0,type word confirmed; display name inferred,"Same order/code model as FH5 reference for this tab; FH6 importer writes the 16-bit shape word, not the whole 7-digit code.",Use full code in JSON or write shape_word at layer offset 0x7A.,tools/fabric-editor/Resources/Vinyls/Tribal/16.png
shape_tab,12,Tribal,17,,,,Tribal inferred 2-7,1049393,0x100331,817,0x0331,3,49,1049393,817,0,type word confirmed; display name inferred,"Same order/code model as FH5 reference for this tab; FH6 importer writes the 16-bit shape word, not the whole 7-digit code.",Use full code in JSON or write shape_word at layer offset 0x7A.,tools/fabric-editor/Resources/Vinyls/Tribal/17.png
shape_tab,12,Tribal,18,,,,Tribal inferred 2-8,1049394,0x100332,818,0x0332,3,50,1049394,818,0,type word confirmed; display name inferred,"Same order/code model as FH5 reference for this tab; FH6 importer writes the 16-bit shape word, not the whole 7-digit code.",Use full code in JSON or write shape_word at layer offset 0x7A.,tools/fabric-editor/Resources/Vinyls/Tribal/18.png
shape_tab,12,Tribal,19,,,,Tribal inferred 2-9,1049395,0x100333,819,0x0333,3,51,1049395,819,0,type word confirmed; display name inferred,"Same order/code model as FH5 reference for this tab; FH6 importer writes the 16-bit shape word, not the whole 7-digit code.",Use full code in JSON or write shape_word at layer offset 0x7A.,tools/fabric-editor/Resources/Vinyls/Tribal/19.png
shape_tab,12,Tribal,20,,,,Tribal inferred 2-10,1049396,0x100334,820,0x0334,3,52,1049396,820,0,type word confirmed; display name inferred,"Same order/code model as FH5 reference for this tab; FH6 importer writes the 16-bit shape word, not the whole 7-digit code.",Use full code in JSON or write shape_word at layer offset 0x7A.,tools/fabric-editor/Resources/Vinyls/Tribal/20.png
shape_tab,12,Tribal,21,,,,Tribal inferred 3-1,1049397,0x100335,821,0x0335,3,53,1049397,821,0,type word confirmed; display name inferred,"Same order/code model as FH5 reference for this tab; FH6 importer writes the 16-bit shape word, not the whole 7-digit code.",Use full code in JSON or write shape_word at layer offset 0x7A.,tools/fabric-editor/Resources/Vinyls/Tribal/21.png
shape_tab,12,Tribal,22,,,,Tribal inferred 3-2,1049398,0x100336,822,0x0336,3,54,1049398,822,0,type word confirmed; display name inferred,"Same order/code model as FH5 reference for this tab; FH6 importer writes the 16-bit shape word, not the whole 7-digit code.",Use full code in JSON or write shape_word at layer offset 0x7A.,tools/fabric-editor/Resources/Vinyls/Tribal/22.png
shape_tab,12,Tribal,23,,,,Tribal inferred 3-3,1049399,0x100337,823,0x0337,3,55,1049399,823,0,type word confirmed; display name inferred,"Same order/code model as FH5 reference for this tab; FH6 importer writes the 16-bit shape word, not the whole 7-digit code.",Use full code in JSON or write shape_word at layer offset 0x7A.,tools/fabric-editor/Resources/Vinyls/Tribal/23.png
shape_tab,12,Tribal,24,,,,Tribal inferred 3-4,1049400,0x100338,824,0x0338,3,56,1049400,824,0,type word confirmed; display name inferred,"Same order/code model as FH5 reference for this tab; FH6 importer writes the 16-bit shape word, not the whole 7-digit code.",Use full code in JSON or write shape_word at layer offset 0x7A.,tools/fabric-editor/Resources/Vinyls/Tribal/24.png
shape_tab,12,Tribal,25,,,,Tribal inferred 3-5,1049401,0x100339,825,0x0339,3,57,1049401,825,0,type word confirmed; display name inferred,"Same order/code model as FH5 reference for this tab; FH6 importer writes the 16-bit shape word, not the whole 7-digit code.",Use full code in JSON or write shape_word at layer offset 0x7A.,tools/fabric-editor/Resources/Vinyls/Tribal/25.png
shape_tab,12,Tribal,26,,,,Tribal inferred 3-6,1049402,0x10033a,826,0x033a,3,58,1049402,826,0,type word confirmed; display name inferred,"Same order/code model as FH5 reference for this tab; FH6 importer writes the 16-bit shape word, not the whole 7-digit code.",Use full code in JSON or write shape_word at layer offset 0x7A.,tools/fabric-editor/Resources/Vinyls/Tribal/26.png
shape_tab,12,Tribal,27,,,,Tribal inferred 3-7,1049403,0x10033b,827,0x033b,3,59,1049403,827,0,type word confirmed; display name inferred,"Same order/code model as FH5 reference for this tab; FH6 importer writes the 16-bit shape word, not the whole 7-digit code.",Use full code in JSON or write shape_word at layer offset 0x7A.,tools/fabric-editor/Resources/Vinyls/Tribal/27.png
shape_tab,12,Tribal,28,,,,Tribal inferred 3-8,1049404,0x10033c,828,0x033c,3,60,1049404,828,0,type word confirmed; display name inferred,"Same order/code model as FH5 reference for this tab; FH6 importer writes the 16-bit shape word, not the whole 7-digit code.",Use full code in JSON or write shape_word at layer offset 0x7A.,tools/fabric-editor/Resources/Vinyls/Tribal/28.png
shape_tab,12,Tribal,29,,,,Tribal inferred 3-9,1049405,0x10033d,829,0x033d,3,61,1049405,829,0,type word confirmed; display name inferred,"Same order/code model as FH5 reference for this tab; FH6 importer writes the 16-bit shape word, not the whole 7-digit code.",Use full code in JSON or write shape_word at layer offset 0x7A.,tools/fabric-editor/Resources/Vinyls/Tribal/29.png
shape_tab,12,Tribal,30,,,,Tribal inferred 3-10,1049406,0x10033e,830,0x033e,3,62,1049406,830,0,type word confirmed; display name inferred,"Same order/code model as FH5 reference for this tab; FH6 importer writes the 16-bit shape word, not the whole 7-digit code.",Use full code in JSON or write shape_word at layer offset 0x7A.,tools/fabric-editor/Resources/Vinyls/Tribal/30.png
shape_tab,12,Tribal,31,,,,Tribal inferred 4-1,1049407,0x10033f,831,0x033f,3,63,1049407,831,0,type word confirmed; display name inferred,"Same order/code model as FH5 reference for this tab; FH6 importer writes the 16-bit shape word, not the whole 7-digit code.",Use full code in JSON or write shape_word at layer offset 0x7A.,tools/fabric-editor/Resources/Vinyls/Tribal/31.png
shape_tab,12,Tribal,32,,,,Tribal inferred 4-2,1049408,0x100340,832,0x0340,3,64,1049408,832,0,type word confirmed; display name inferred,"Same order/code model as FH5 reference for this tab; FH6 importer writes the 16-bit shape word, not the whole 7-digit code.",Use full code in JSON or write shape_word at layer offset 0x7A.,tools/fabric-editor/Resources/Vinyls/Tribal/32.png
shape_tab,12,Tribal,33,,,,Tribal inferred 4-3,1049409,0x100341,833,0x0341,3,65,1049409,833,0,type word confirmed; display name inferred,"Same order/code model as FH5 reference for this tab; FH6 importer writes the 16-bit shape word, not the whole 7-digit code.",Use full code in JSON or write shape_word at layer offset 0x7A.,tools/fabric-editor/Resources/Vinyls/Tribal/33.png
shape_tab,12,Tribal,34,,,,Tribal inferred 4-4,1049410,0x100342,834,0x0342,3,66,1049410,834,0,type word confirmed; display name inferred,"Same order/code model as FH5 reference for this tab; FH6 importer writes the 16-bit shape word, not the whole 7-digit code.",Use full code in JSON or write shape_word at layer offset 0x7A.,tools/fabric-editor/Resources/Vinyls/Tribal/34.png
shape_tab,12,Tribal,35,,,,Tribal inferred 4-5,1049411,0x100343,835,0x0343,3,67,1049411,835,0,type word confirmed; display name inferred,"Same order/code model as FH5 reference for this tab; FH6 importer writes the 16-bit shape word, not the whole 7-digit code.",Use full code in JSON or write shape_word at layer offset 0x7A.,tools/fabric-editor/Resources/Vinyls/Tribal/35.png
shape_tab,12,Tribal,36,,,,Tribal inferred 4-6,1049412,0x100344,836,0x0344,3,68,1049412,836,0,type word confirmed; display name inferred,"Same order/code model as FH5 reference for this tab; FH6 importer writes the 16-bit shape word, not the whole 7-digit code.",Use full code in JSON or write shape_word at layer offset 0x7A.,tools/fabric-editor/Resources/Vinyls/Tribal/36.png
shape_tab,12,Tribal,37,,,,Tribal inferred 4-7,1049413,0x100345,837,0x0345,3,69,1049413,837,0,type word confirmed; display name inferred,"Same order/code model as FH5 reference for this tab; FH6 importer writes the 16-bit shape word, not the whole 7-digit code.",Use full code in JSON or write shape_word at layer offset 0x7A.,tools/fabric-editor/Resources/Vinyls/Tribal/37.png
shape_tab,12,Tribal,38,,,,Tribal inferred 4-8,1049414,0x100346,838,0x0346,3,70,1049414,838,0,type word confirmed; display name inferred,"Same order/code model as FH5 reference for this tab; FH6 importer writes the 16-bit shape word, not the whole 7-digit code.",Use full code in JSON or write shape_word at layer offset 0x7A.,tools/fabric-editor/Resources/Vinyls/Tribal/38.png
shape_tab,12,Tribal,39,,,,Tribal inferred 4-9,1049415,0x100347,839,0x0347,3,71,1049415,839,0,type word confirmed; display name inferred,"Same order/code model as FH5 reference for this tab; FH6 importer writes the 16-bit shape word, not the whole 7-digit code.",Use full code in JSON or write shape_word at layer offset 0x7A.,tools/fabric-editor/Resources/Vinyls/Tribal/39.png
shape_tab,12,Tribal,40,,,,Tribal inferred 4-10,1049416,0x100348,840,0x0348,3,72,1049416,840,0,type word confirmed; display name inferred,"Same order/code model as FH5 reference for this tab; FH6 importer writes the 16-bit shape word, not the whole 7-digit code.",Use full code in JSON or write shape_word at layer offset 0x7A.,tools/fabric-editor/Resources/Vinyls/Tribal/40.png
shape_tab,13,Nature,1,,,,Nature inferred 1-1,1049477,0x100385,901,0x0385,3,133,1049477,901,0,type word confirmed; display name inferred,"Same order/code model as FH5 reference for this tab; FH6 importer writes the 16-bit shape word, not the whole 7-digit code.",Use full code in JSON or write shape_word at layer offset 0x7A.,tools/fabric-editor/Resources/Vinyls/Nature/1.png
shape_tab,13,Nature,2,,,,Nature inferred 1-2,1049478,0x100386,902,0x0386,3,134,1049478,902,0,type word confirmed; display name inferred,"Same order/code model as FH5 reference for this tab; FH6 importer writes the 16-bit shape word, not the whole 7-digit code.",Use full code in JSON or write shape_word at layer offset 0x7A.,tools/fabric-editor/Resources/Vinyls/Nature/2.png
shape_tab,13,Nature,3,,,,Nature inferred 1-3,1049479,0x100387,903,0x0387,3,135,1049479,903,0,type word confirmed; display name inferred,"Same order/code model as FH5 reference for this tab; FH6 importer writes the 16-bit shape word, not the whole 7-digit code.",Use full code in JSON or write shape_word at layer offset 0x7A.,tools/fabric-editor/Resources/Vinyls/Nature/3.png
shape_tab,13,Nature,4,,,,Nature inferred 1-4,1049480,0x100388,904,0x0388,3,136,1049480,904,0,type word confirmed; display name inferred,"Same order/code model as FH5 reference for this tab; FH6 importer writes the 16-bit shape word, not the whole 7-digit code.",Use full code in JSON or write shape_word at layer offset 0x7A.,tools/fabric-editor/Resources/Vinyls/Nature/4.png
shape_tab,13,Nature,5,,,,Nature inferred 1-5,1049481,0x100389,905,0x0389,3,137,1049481,905,0,type word confirmed; display name inferred,"Same order/code model as FH5 reference for this tab; FH6 importer writes the 16-bit shape word, not the whole 7-digit code.",Use full code in JSON or write shape_word at layer offset 0x7A.,tools/fabric-editor/Resources/Vinyls/Nature/5.png
shape_tab,13,Nature,6,,,,Nature inferred 1-6,1049482,0x10038a,906,0x038a,3,138,1049482,906,0,type word confirmed; display name inferred,"Same order/code model as FH5 reference for this tab; FH6 importer writes the 16-bit shape word, not the whole 7-digit code.",Use full code in JSON or write shape_word at layer offset 0x7A.,tools/fabric-editor/Resources/Vinyls/Nature/6.png
shape_tab,13,Nature,7,,,,Nature inferred 1-7,1049483,0x10038b,907,0x038b,3,139,1049483,907,0,type word confirmed; display name inferred,"Same order/code model as FH5 reference for this tab; FH6 importer writes the 16-bit shape word, not the whole 7-digit code.",Use full code in JSON or write shape_word at layer offset 0x7A.,tools/fabric-editor/Resources/Vinyls/Nature/7.png
shape_tab,13,Nature,8,,,,Nature inferred 1-8,1049484,0x10038c,908,0x038c,3,140,1049484,908,0,type word confirmed; display name inferred,"Same order/code model as FH5 reference for this tab; FH6 importer writes the 16-bit shape word, not the whole 7-digit code.",Use full code in JSON or write shape_word at layer offset 0x7A.,tools/fabric-editor/Resources/Vinyls/Nature/8.png
shape_tab,13,Nature,9,,,,Nature inferred 1-9,1049485,0x10038d,909,0x038d,3,141,1049485,909,0,type word confirmed; display name inferred,"Same order/code model as FH5 reference for this tab; FH6 importer writes the 16-bit shape word, not the whole 7-digit code.",Use full code in JSON or write shape_word at layer offset 0x7A.,tools/fabric-editor/Resources/Vinyls/Nature/9.png
shape_tab,13,Nature,10,,,,Nature inferred 1-10,1049486,0x10038e,910,0x038e,3,142,1049486,910,0,type word confirmed; display name inferred,"Same order/code model as FH5 reference for this tab; FH6 importer writes the 16-bit shape word, not the whole 7-digit code.",Use full code in JSON or write shape_word at layer offset 0x7A.,tools/fabric-editor/Resources/Vinyls/Nature/10.png
shape_tab,13,Nature,11,,,,Nature inferred 2-1,1049487,0x10038f,911,0x038f,3,143,1049487,911,0,type word confirmed; display name inferred,"Same order/code model as FH5 reference for this tab; FH6 importer writes the 16-bit shape word, not the whole 7-digit code.",Use full code in JSON or write shape_word at layer offset 0x7A.,tools/fabric-editor/Resources/Vinyls/Nature/11.png
shape_tab,13,Nature,12,,,,Nature inferred 2-2,1049488,0x100390,912,0x0390,3,144,1049488,912,0,type word confirmed; display name inferred,"Same order/code model as FH5 reference for this tab; FH6 importer writes the 16-bit shape word, not the whole 7-digit code.",Use full code in JSON or write shape_word at layer offset 0x7A.,tools/fabric-editor/Resources/Vinyls/Nature/12.png
shape_tab,13,Nature,13,,,,Nature inferred 2-3,1049489,0x100391,913,0x0391,3,145,1049489,913,0,type word confirmed; display name inferred,"Same order/code model as FH5 reference for this tab; FH6 importer writes the 16-bit shape word, not the whole 7-digit code.",Use full code in JSON or write shape_word at layer offset 0x7A.,tools/fabric-editor/Resources/Vinyls/Nature/13.png
shape_tab,13,Nature,14,,,,Nature inferred 2-4,1049490,0x100392,914,0x0392,3,146,1049490,914,0,type word confirmed; display name inferred,"Same order/code model as FH5 reference for this tab; FH6 importer writes the 16-bit shape word, not the whole 7-digit code.",Use full code in JSON or write shape_word at layer offset 0x7A.,tools/fabric-editor/Resources/Vinyls/Nature/14.png
shape_tab,13,Nature,15,,,,Nature inferred 2-5,1049491,0x100393,915,0x0393,3,147,1049491,915,0,type word confirmed; display name inferred,"Same order/code model as FH5 reference for this tab; FH6 importer writes the 16-bit shape word, not the whole 7-digit code.",Use full code in JSON or write shape_word at layer offset 0x7A.,tools/fabric-editor/Resources/Vinyls/Nature/15.png
shape_tab,13,Nature,16,,,,Nature inferred 2-6,1049492,0x100394,916,0x0394,3,148,1049492,916,0,type word confirmed; display name inferred,"Same order/code model as FH5 reference for this tab; FH6 importer writes the 16-bit shape word, not the whole 7-digit code.",Use full code in JSON or write shape_word at layer offset 0x7A.,tools/fabric-editor/Resources/Vinyls/Nature/16.png
shape_tab,13,Nature,17,,,,Nature inferred 2-7,1049493,0x100395,917,0x0395,3,149,1049493,917,0,type word confirmed; display name inferred,"Same order/code model as FH5 reference for this tab; FH6 importer writes the 16-bit shape word, not the whole 7-digit code.",Use full code in JSON or write shape_word at layer offset 0x7A.,tools/fabric-editor/Resources/Vinyls/Nature/17.png
shape_tab,13,Nature,18,,,,Nature inferred 2-8,1049494,0x100396,918,0x0396,3,150,1049494,918,0,type word confirmed; display name inferred,"Same order/code model as FH5 reference for this tab; FH6 importer writes the 16-bit shape word, not the whole 7-digit code.",Use full code in JSON or write shape_word at layer offset 0x7A.,tools/fabric-editor/Resources/Vinyls/Nature/18.png
shape_tab,13,Nature,19,,,,Nature inferred 2-9,1049495,0x100397,919,0x0397,3,151,1049495,919,0,type word confirmed; display name inferred,"Same order/code model as FH5 reference for this tab; FH6 importer writes the 16-bit shape word, not the whole 7-digit code.",Use full code in JSON or write shape_word at layer offset 0x7A.,tools/fabric-editor/Resources/Vinyls/Nature/19.png
shape_tab,13,Nature,20,,,,Nature inferred 2-10,1049496,0x100398,920,0x0398,3,152,1049496,920,0,type word confirmed; display name inferred,"Same order/code model as FH5 reference for this tab; FH6 importer writes the 16-bit shape word, not the whole 7-digit code.",Use full code in JSON or write shape_word at layer offset 0x7A.,tools/fabric-editor/Resources/Vinyls/Nature/20.png
shape_tab,13,Nature,21,,,,Nature inferred 3-1,1049497,0x100399,921,0x0399,3,153,1049497,921,0,type word confirmed; display name inferred,"Same order/code model as FH5 reference for this tab; FH6 importer writes the 16-bit shape word, not the whole 7-digit code.",Use full code in JSON or write shape_word at layer offset 0x7A.,tools/fabric-editor/Resources/Vinyls/Nature/21.png
shape_tab,13,Nature,22,,,,Nature inferred 3-2,1049498,0x10039a,922,0x039a,3,154,1049498,922,0,type word confirmed; display name inferred,"Same order/code model as FH5 reference for this tab; FH6 importer writes the 16-bit shape word, not the whole 7-digit code.",Use full code in JSON or write shape_word at layer offset 0x7A.,tools/fabric-editor/Resources/Vinyls/Nature/22.png
shape_tab,13,Nature,23,,,,Nature inferred 3-3,1049499,0x10039b,923,0x039b,3,155,1049499,923,0,type word confirmed; display name inferred,"Same order/code model as FH5 reference for this tab; FH6 importer writes the 16-bit shape word, not the whole 7-digit code.",Use full code in JSON or write shape_word at layer offset 0x7A.,tools/fabric-editor/Resources/Vinyls/Nature/23.png
shape_tab,13,Nature,24,,,,Nature inferred 3-4,1049500,0x10039c,924,0x039c,3,156,1049500,924,0,type word confirmed; display name inferred,"Same order/code model as FH5 reference for this tab; FH6 importer writes the 16-bit shape word, not the whole 7-digit code.",Use full code in JSON or write shape_word at layer offset 0x7A.,tools/fabric-editor/Resources/Vinyls/Nature/24.png
shape_tab,13,Nature,25,,,,Nature inferred 3-5,1049501,0x10039d,925,0x039d,3,157,1049501,925,0,type word confirmed; display name inferred,"Same order/code model as FH5 reference for this tab; FH6 importer writes the 16-bit shape word, not the whole 7-digit code.",Use full code in JSON or write shape_word at layer offset 0x7A.,tools/fabric-editor/Resources/Vinyls/Nature/25.png
shape_tab,13,Nature,26,,,,Nature inferred 3-6,1049502,0x10039e,926,0x039e,3,158,1049502,926,0,type word confirmed; display name inferred,"Same order/code model as FH5 reference for this tab; FH6 importer writes the 16-bit shape word, not the whole 7-digit code.",Use full code in JSON or write shape_word at layer offset 0x7A.,tools/fabric-editor/Resources/Vinyls/Nature/26.png
shape_tab,13,Nature,27,,,,Nature inferred 3-7,1049503,0x10039f,927,0x039f,3,159,1049503,927,0,type word confirmed; display name inferred,"Same order/code model as FH5 reference for this tab; FH6 importer writes the 16-bit shape word, not the whole 7-digit code.",Use full code in JSON or write shape_word at layer offset 0x7A.,tools/fabric-editor/Resources/Vinyls/Nature/27.png
shape_tab,13,Nature,28,,,,Nature inferred 3-8,1049504,0x1003a0,928,0x03a0,3,160,1049504,928,0,type word confirmed; display name inferred,"Same order/code model as FH5 reference for this tab; FH6 importer writes the 16-bit shape word, not the whole 7-digit code.",Use full code in JSON or write shape_word at layer offset 0x7A.,tools/fabric-editor/Resources/Vinyls/Nature/28.png
shape_tab,13,Nature,29,,,,Nature inferred 3-9,1049505,0x1003a1,929,0x03a1,3,161,1049505,929,0,type word confirmed; display name inferred,"Same order/code model as FH5 reference for this tab; FH6 importer writes the 16-bit shape word, not the whole 7-digit code.",Use full code in JSON or write shape_word at layer offset 0x7A.,tools/fabric-editor/Resources/Vinyls/Nature/29.png
shape_tab,13,Nature,30,,,,Nature inferred 3-10,1049506,0x1003a2,930,0x03a2,3,162,1049506,930,0,type word confirmed; display name inferred,"Same order/code model as FH5 reference for this tab; FH6 importer writes the 16-bit shape word, not the whole 7-digit code.",Use full code in JSON or write shape_word at layer offset 0x7A.,tools/fabric-editor/Resources/Vinyls/Nature/30.png
shape_tab,13,Nature,31,,,,Nature inferred 4-1,1049507,0x1003a3,931,0x03a3,3,163,1049507,931,0,type word confirmed; display name inferred,"Same order/code model as FH5 reference for this tab; FH6 importer writes the 16-bit shape word, not the whole 7-digit code.",Use full code in JSON or write shape_word at layer offset 0x7A.,tools/fabric-editor/Resources/Vinyls/Nature/31.png
shape_tab,13,Nature,32,,,,Nature inferred 4-2,1049508,0x1003a4,932,0x03a4,3,164,1049508,932,0,type word confirmed; display name inferred,"Same order/code model as FH5 reference for this tab; FH6 importer writes the 16-bit shape word, not the whole 7-digit code.",Use full code in JSON or write shape_word at layer offset 0x7A.,tools/fabric-editor/Resources/Vinyls/Nature/32.png
shape_tab,13,Nature,33,,,,Nature inferred 4-3,1049509,0x1003a5,933,0x03a5,3,165,1049509,933,0,type word confirmed; display name inferred,"Same order/code model as FH5 reference for this tab; FH6 importer writes the 16-bit shape word, not the whole 7-digit code.",Use full code in JSON or write shape_word at layer offset 0x7A.,tools/fabric-editor/Resources/Vinyls/Nature/33.png
shape_tab,13,Nature,34,,,,Nature inferred 4-4,1049510,0x1003a6,934,0x03a6,3,166,1049510,934,0,type word confirmed; display name inferred,"Same order/code model as FH5 reference for this tab; FH6 importer writes the 16-bit shape word, not the whole 7-digit code.",Use full code in JSON or write shape_word at layer offset 0x7A.,tools/fabric-editor/Resources/Vinyls/Nature/34.png
shape_tab,13,Nature,35,,,,Nature inferred 4-5,1049511,0x1003a7,935,0x03a7,3,167,1049511,935,0,type word confirmed; display name inferred,"Same order/code model as FH5 reference for this tab; FH6 importer writes the 16-bit shape word, not the whole 7-digit code.",Use full code in JSON or write shape_word at layer offset 0x7A.,tools/fabric-editor/Resources/Vinyls/Nature/35.png
shape_tab,13,Nature,36,,,,Nature inferred 4-6,1049512,0x1003a8,936,0x03a8,3,168,1049512,936,0,type word confirmed; display name inferred,"Same order/code model as FH5 reference for this tab; FH6 importer writes the 16-bit shape word, not the whole 7-digit code.",Use full code in JSON or write shape_word at layer offset 0x7A.,tools/fabric-editor/Resources/Vinyls/Nature/36.png
shape_tab,13,Nature,37,,,,Nature inferred 4-7,1049513,0x1003a9,937,0x03a9,3,169,1049513,937,0,type word confirmed; display name inferred,"Same order/code model as FH5 reference for this tab; FH6 importer writes the 16-bit shape word, not the whole 7-digit code.",Use full code in JSON or write shape_word at layer offset 0x7A.,tools/fabric-editor/Resources/Vinyls/Nature/37.png
shape_tab,13,Nature,38,,,,Nature inferred 4-8,1049514,0x1003aa,938,0x03aa,3,170,1049514,938,0,type word confirmed; display name inferred,"Same order/code model as FH5 reference for this tab; FH6 importer writes the 16-bit shape word, not the whole 7-digit code.",Use full code in JSON or write shape_word at layer offset 0x7A.,tools/fabric-editor/Resources/Vinyls/Nature/38.png
shape_tab,13,Nature,39,,,,Nature inferred 4-9,1049515,0x1003ab,939,0x03ab,3,171,1049515,939,0,type word confirmed; display name inferred,"Same order/code model as FH5 reference for this tab; FH6 importer writes the 16-bit shape word, not the whole 7-digit code.",Use full code in JSON or write shape_word at layer offset 0x7A.,tools/fabric-editor/Resources/Vinyls/Nature/39.png
shape_tab,13,Nature,40,,,,Nature inferred 4-10,1049516,0x1003ac,940,0x03ac,3,172,1049516,940,0,type word confirmed; display name inferred,"Same order/code model as FH5 reference for this tab; FH6 importer writes the 16-bit shape word, not the whole 7-digit code.",Use full code in JSON or write shape_word at layer offset 0x7A.,tools/fabric-editor/Resources/Vinyls/Nature/40.png
font_glyph,101,Forza_Font_1,,upper,A,A,Forza Font 1 Upper A,1050477,0x10076d,1901,0x076d,7,109,1050477,1901,0,confirmed from FH6 11-font anchor dump and inferred contiguous glyph blocks,"FH6 font glyph words are reordered vs FH5 for most fonts; use FH6 shape_word/full_code from this row, not the FH5 sheet code.",Text-field font shapes import through the universal/handmade type-code path.,
font_glyph,101,Forza_Font_1,,upper,B,B,Forza Font 1 Upper B,1050478,0x10076e,1902,0x076e,7,110,1050478,1902,0,confirmed from FH6 11-font anchor dump and inferred contiguous glyph blocks,"FH6 font glyph words are reordered vs FH5 for most fonts; use FH6 shape_word/full_code from this row, not the FH5 sheet code.",Text-field font shapes import through the universal/handmade type-code path.,
font_glyph,101,Forza_Font_1,,upper,C,C,Forza Font 1 Upper C,1050479,0x10076f,1903,0x076f,7,111,1050479,1903,0,confirmed from FH6 11-font anchor dump and inferred contiguous glyph blocks,"FH6 font glyph words are reordered vs FH5 for most fonts; use FH6 shape_word/full_code from this row, not the FH5 sheet code.",Text-field font shapes import through the universal/handmade type-code path.,
font_glyph,101,Forza_Font_1,,upper,D,D,Forza Font 1 Upper D,1050480,0x100770,1904,0x0770,7,112,1050480,1904,0,confirmed from FH6 11-font anchor dump and inferred contiguous glyph blocks,"FH6 font glyph words are reordered vs FH5 for most fonts; use FH6 shape_word/full_code from this row, not the FH5 sheet code.",Text-field font shapes import through the universal/handmade type-code path.,
font_glyph,101,Forza_Font_1,,upper,E,E,Forza Font 1 Upper E,1050481,0x100771,1905,0x0771,7,113,1050481,1905,0,confirmed from FH6 11-font anchor dump and inferred contiguous glyph blocks,"FH6 font glyph words are reordered vs FH5 for most fonts; use FH6 shape_word/full_code from this row, not the FH5 sheet code.",Text-field font shapes import through the universal/handmade type-code path.,
font_glyph,101,Forza_Font_1,,upper,F,F,Forza Font 1 Upper F,1050482,0x100772,1906,0x0772,7,114,1050482,1906,0,confirmed from FH6 11-font anchor dump and inferred contiguous glyph blocks,"FH6 font glyph words are reordered vs FH5 for most fonts; use FH6 shape_word/full_code from this row, not the FH5 sheet code.",Text-field font shapes import through the universal/handmade type-code path.,
font_glyph,101,Forza_Font_1,,upper,G,G,Forza Font 1 Upper G,1050483,0x100773,1907,0x0773,7,115,1050483,1907,0,confirmed from FH6 11-font anchor dump and inferred contiguous glyph blocks,"FH6 font glyph words are reordered vs FH5 for most fonts; use FH6 shape_word/full_code from this row, not the FH5 sheet code.",Text-field font shapes import through the universal/handmade type-code path.,
font_glyph,101,Forza_Font_1,,upper,H,H,Forza Font 1 Upper H,1050484,0x100774,1908,0x0774,7,116,1050484,1908,0,confirmed from FH6 11-font anchor dump and inferred contiguous glyph blocks,"FH6 font glyph words are reordered vs FH5 for most fonts; use FH6 shape_word/full_code from this row, not the FH5 sheet code.",Text-field font shapes import through the universal/handmade type-code path.,
font_glyph,101,Forza_Font_1,,upper,I,I,Forza Font 1 Upper I,1050485,0x100775,1909,0x0775,7,117,1050485,1909,0,confirmed from FH6 11-font anchor dump and inferred contiguous glyph blocks,"FH6 font glyph words are reordered vs FH5 for most fonts; use FH6 shape_word/full_code from this row, not the FH5 sheet code.",Text-field font shapes import through the universal/handmade type-code path.,
font_glyph,101,Forza_Font_1,,upper,J,J,Forza Font 1 Upper J,1050486,0x100776,1910,0x0776,7,118,1050486,1910,0,confirmed from FH6 11-font anchor dump and inferred contiguous glyph blocks,"FH6 font glyph words are reordered vs FH5 for most fonts; use FH6 shape_word/full_code from this row, not the FH5 sheet code.",Text-field font shapes import through the universal/handmade type-code path.,
font_glyph,101,Forza_Font_1,,upper,K,K,Forza Font 1 Upper K,1050487,0x100777,1911,0x0777,7,119,1050487,1911,0,confirmed from FH6 11-font anchor dump and inferred contiguous glyph blocks,"FH6 font glyph words are reordered vs FH5 for most fonts; use FH6 shape_word/full_code from this row, not the FH5 sheet code.",Text-field font shapes import through the universal/handmade type-code path.,
font_glyph,101,Forza_Font_1,,upper,L,L,Forza Font 1 Upper L,1050488,0x100778,1912,0x0778,7,120,1050488,1912,0,confirmed from FH6 11-font anchor dump and inferred contiguous glyph blocks,"FH6 font glyph words are reordered vs FH5 for most fonts; use FH6 shape_word/full_code from this row, not the FH5 sheet code.",Text-field font shapes import through the universal/handmade type-code path.,
font_glyph,101,Forza_Font_1,,upper,M,M,Forza Font 1 Upper M,1050489,0x100779,1913,0x0779,7,121,1050489,1913,0,confirmed from FH6 11-font anchor dump and inferred contiguous glyph blocks,"FH6 font glyph words are reordered vs FH5 for most fonts; use FH6 shape_word/full_code from this row, not the FH5 sheet code.",Text-field font shapes import through the universal/handmade type-code path.,
font_glyph,101,Forza_Font_1,,upper,N,N,Forza Font 1 Upper N,1050490,0x10077a,1914,0x077a,7,122,1050490,1914,0,confirmed from FH6 11-font anchor dump and inferred contiguous glyph blocks,"FH6 font glyph words are reordered vs FH5 for most fonts; use FH6 shape_word/full_code from this row, not the FH5 sheet code.",Text-field font shapes import through the universal/handmade type-code path.,
font_glyph,101,Forza_Font_1,,upper,O,O,Forza Font 1 Upper O,1050491,0x10077b,1915,0x077b,7,123,1050491,1915,0,confirmed from FH6 11-font anchor dump and inferred contiguous glyph blocks,"FH6 font glyph words are reordered vs FH5 for most fonts; use FH6 shape_word/full_code from this row, not the FH5 sheet code.",Text-field font shapes import through the universal/handmade type-code path.,
font_glyph,101,Forza_Font_1,,upper,P,P,Forza Font 1 Upper P,1050492,0x10077c,1916,0x077c,7,124,1050492,1916,0,confirmed from FH6 11-font anchor dump and inferred contiguous glyph blocks,"FH6 font glyph words are reordered vs FH5 for most fonts; use FH6 shape_word/full_code from this row, not the FH5 sheet code.",Text-field font shapes import through the universal/handmade type-code path.,
font_glyph,101,Forza_Font_1,,upper,Q,Q,Forza Font 1 Upper Q,1050493,0x10077d,1917,0x077d,7,125,1050493,1917,0,confirmed from FH6 11-font anchor dump and inferred contiguous glyph blocks,"FH6 font glyph words are reordered vs FH5 for most fonts; use FH6 shape_word/full_code from this row, not the FH5 sheet code.",Text-field font shapes import through the universal/handmade type-code path.,
font_glyph,101,Forza_Font_1,,upper,R,R,Forza Font 1 Upper R,1050494,0x10077e,1918,0x077e,7,126,1050494,1918,0,confirmed from FH6 11-font anchor dump and inferred contiguous glyph blocks,"FH6 font glyph words are reordered vs FH5 for most fonts; use FH6 shape_word/full_code from this row, not the FH5 sheet code.",Text-field font shapes import through the universal/handmade type-code path.,
font_glyph,101,Forza_Font_1,,upper,S,S,Forza Font 1 Upper S,1050495,0x10077f,1919,0x077f,7,127,1050495,1919,0,confirmed from FH6 11-font anchor dump and inferred contiguous glyph blocks,"FH6 font glyph words are reordered vs FH5 for most fonts; use FH6 shape_word/full_code from this row, not the FH5 sheet code.",Text-field font shapes import through the universal/handmade type-code path.,
font_glyph,101,Forza_Font_1,,upper,T,T,Forza Font 1 Upper T,1050496,0x100780,1920,0x0780,7,128,1050496,1920,0,confirmed from FH6 11-font anchor dump and inferred contiguous glyph blocks,"FH6 font glyph words are reordered vs FH5 for most fonts; use FH6 shape_word/full_code from this row, not the FH5 sheet code.",Text-field font shapes import through the universal/handmade type-code path.,
font_glyph,101,Forza_Font_1,,upper,U,U,Forza Font 1 Upper U,1050497,0x100781,1921,0x0781,7,129,1050497,1921,0,confirmed from FH6 11-font anchor dump and inferred contiguous glyph blocks,"FH6 font glyph words are reordered vs FH5 for most fonts; use FH6 shape_word/full_code from this row, not the FH5 sheet code.",Text-field font shapes import through the universal/handmade type-code path.,
font_glyph,101,Forza_Font_1,,upper,V,V,Forza Font 1 Upper V,1050498,0x100782,1922,0x0782,7,130,1050498,1922,0,confirmed from FH6 11-font anchor dump and inferred contiguous glyph blocks,"FH6 font glyph words are reordered vs FH5 for most fonts; use FH6 shape_word/full_code from this row, not the FH5 sheet code.",Text-field font shapes import through the universal/handmade type-code path.,
font_glyph,101,Forza_Font_1,,upper,W,W,Forza Font 1 Upper W,1050499,0x100783,1923,0x0783,7,131,1050499,1923,0,confirmed from FH6 11-font anchor dump and inferred contiguous glyph blocks,"FH6 font glyph words are reordered vs FH5 for most fonts; use FH6 shape_word/full_code from this row, not the FH5 sheet code.",Text-field font shapes import through the universal/handmade type-code path.,
font_glyph,101,Forza_Font_1,,upper,X,X,Forza Font 1 Upper X,1050500,0x100784,1924,0x0784,7,132,1050500,1924,0,confirmed from FH6 11-font anchor dump and inferred contiguous glyph blocks,"FH6 font glyph words are reordered vs FH5 for most fonts; use FH6 shape_word/full_code from this row, not the FH5 sheet code.",Text-field font shapes import through the universal/handmade type-code path.,
font_glyph,101,Forza_Font_1,,upper,Y,Y,Forza Font 1 Upper Y,1050501,0x100785,1925,0x0785,7,133,1050501,1925,0,confirmed from FH6 11-font anchor dump and inferred contiguous glyph blocks,"FH6 font glyph words are reordered vs FH5 for most fonts; use FH6 shape_word/full_code from this row, not the FH5 sheet code.",Text-field font shapes import through the universal/handmade type-code path.,
font_glyph,101,Forza_Font_1,,upper,Z,Z,Forza Font 1 Upper Z,1050502,0x100786,1926,0x0786,7,134,1050502,1926,0,confirmed from FH6 11-font anchor dump and inferred contiguous glyph blocks,"FH6 font glyph words are reordered vs FH5 for most fonts; use FH6 shape_word/full_code from this row, not the FH5 sheet code.",Text-field font shapes import through the universal/handmade type-code path.,
font_glyph,101,Forza_Font_1,,lower,a,A,Forza Font 1 Lower A,1050576,0x1007d0,2000,0x07d0,7,208,1050576,2000,0,confirmed from FH6 11-font anchor dump and inferred contiguous glyph blocks,"FH6 font glyph words are reordered vs FH5 for most fonts; use FH6 shape_word/full_code from this row, not the FH5 sheet code.",Text-field font shapes import through the universal/handmade type-code path.,
font_glyph,101,Forza_Font_1,,lower,b,B,Forza Font 1 Lower B,1050578,0x1007d2,2002,0x07d2,7,210,1050578,2002,0,confirmed from FH6 11-font anchor dump and inferred contiguous glyph blocks,"FH6 font glyph words are reordered vs FH5 for most fonts; use FH6 shape_word/full_code from this row, not the FH5 sheet code.",Text-field font shapes import through the universal/handmade type-code path.,
font_glyph,101,Forza_Font_1,,lower,c,C,Forza Font 1 Lower C,1050579,0x1007d3,2003,0x07d3,7,211,1050579,2003,0,confirmed from FH6 11-font anchor dump and inferred contiguous glyph blocks,"FH6 font glyph words are reordered vs FH5 for most fonts; use FH6 shape_word/full_code from this row, not the FH5 sheet code.",Text-field font shapes import through the universal/handmade type-code path.,
font_glyph,101,Forza_Font_1,,lower,d,D,Forza Font 1 Lower D,1050580,0x1007d4,2004,0x07d4,7,212,1050580,2004,0,confirmed from FH6 11-font anchor dump and inferred contiguous glyph blocks,"FH6 font glyph words are reordered vs FH5 for most fonts; use FH6 shape_word/full_code from this row, not the FH5 sheet code.",Text-field font shapes import through the universal/handmade type-code path.,
font_glyph,101,Forza_Font_1,,lower,e,E,Forza Font 1 Lower E,1050581,0x1007d5,2005,0x07d5,7,213,1050581,2005,0,confirmed from FH6 11-font anchor dump and inferred contiguous glyph blocks,"FH6 font glyph words are reordered vs FH5 for most fonts; use FH6 shape_word/full_code from this row, not the FH5 sheet code.",Text-field font shapes import through the universal/handmade type-code path.,
font_glyph,101,Forza_Font_1,,lower,f,F,Forza Font 1 Lower F,1050582,0x1007d6,2006,0x07d6,7,214,1050582,2006,0,confirmed from FH6 11-font anchor dump and inferred contiguous glyph blocks,"FH6 font glyph words are reordered vs FH5 for most fonts; use FH6 shape_word/full_code from this row, not the FH5 sheet code.",Text-field font shapes import through the universal/handmade type-code path.,
font_glyph,101,Forza_Font_1,,lower,g,G,Forza Font 1 Lower G,1050583,0x1007d7,2007,0x07d7,7,215,1050583,2007,0,confirmed from FH6 11-font anchor dump and inferred contiguous glyph blocks,"FH6 font glyph words are reordered vs FH5 for most fonts; use FH6 shape_word/full_code from this row, not the FH5 sheet code.",Text-field font shapes import through the universal/handmade type-code path.,
font_glyph,101,Forza_Font_1,,lower,h,H,Forza Font 1 Lower H,1050584,0x1007d8,2008,0x07d8,7,216,1050584,2008,0,confirmed from FH6 11-font anchor dump and inferred contiguous glyph blocks,"FH6 font glyph words are reordered vs FH5 for most fonts; use FH6 shape_word/full_code from this row, not the FH5 sheet code.",Text-field font shapes import through the universal/handmade type-code path.,
font_glyph,101,Forza_Font_1,,lower,i,I,Forza Font 1 Lower I,1050585,0x1007d9,2009,0x07d9,7,217,1050585,2009,0,confirmed from FH6 11-font anchor dump and inferred contiguous glyph blocks,"FH6 font glyph words are reordered vs FH5 for most fonts; use FH6 shape_word/full_code from this row, not the FH5 sheet code.",Text-field font shapes import through the universal/handmade type-code path.,
font_glyph,101,Forza_Font_1,,lower,j,J,Forza Font 1 Lower J,1050586,0x1007da,2010,0x07da,7,218,1050586,2010,0,confirmed from FH6 11-font anchor dump and inferred contiguous glyph blocks,"FH6 font glyph words are reordered vs FH5 for most fonts; use FH6 shape_word/full_code from this row, not the FH5 sheet code.",Text-field font shapes import through the universal/handmade type-code path.,
font_glyph,101,Forza_Font_1,,lower,k,K,Forza Font 1 Lower K,1050587,0x1007db,2011,0x07db,7,219,1050587,2011,0,confirmed from FH6 11-font anchor dump and inferred contiguous glyph blocks,"FH6 font glyph words are reordered vs FH5 for most fonts; use FH6 shape_word/full_code from this row, not the FH5 sheet code.",Text-field font shapes import through the universal/handmade type-code path.,
font_glyph,101,Forza_Font_1,,lower,l,L,Forza Font 1 Lower L,1050588,0x1007dc,2012,0x07dc,7,220,1050588,2012,0,confirmed from FH6 11-font anchor dump and inferred contiguous glyph blocks,"FH6 font glyph words are reordered vs FH5 for most fonts; use FH6 shape_word/full_code from this row, not the FH5 sheet code.",Text-field font shapes import through the universal/handmade type-code path.,
font_glyph,101,Forza_Font_1,,lower,m,M,Forza Font 1 Lower M,1050589,0x1007dd,2013,0x07dd,7,221,1050589,2013,0,confirmed from FH6 11-font anchor dump and inferred contiguous glyph blocks,"FH6 font glyph words are reordered vs FH5 for most fonts; use FH6 shape_word/full_code from this row, not the FH5 sheet code.",Text-field font shapes import through the universal/handmade type-code path.,
font_glyph,101,Forza_Font_1,,lower,n,N,Forza Font 1 Lower N,1050590,0x1007de,2014,0x07de,7,222,1050590,2014,0,confirmed from FH6 11-font anchor dump and inferred contiguous glyph blocks,"FH6 font glyph words are reordered vs FH5 for most fonts; use FH6 shape_word/full_code from this row, not the FH5 sheet code.",Text-field font shapes import through the universal/handmade type-code path.,
font_glyph,101,Forza_Font_1,,lower,o,O,Forza Font 1 Lower O,1050591,0x1007df,2015,0x07df,7,223,1050591,2015,0,confirmed from FH6 11-font anchor dump and inferred contiguous glyph blocks,"FH6 font glyph words are reordered vs FH5 for most fonts; use FH6 shape_word/full_code from this row, not the FH5 sheet code.",Text-field font shapes import through the universal/handmade type-code path.,
font_glyph,101,Forza_Font_1,,lower,p,P,Forza Font 1 Lower P,1050592,0x1007e0,2016,0x07e0,7,224,1050592,2016,0,confirmed from FH6 11-font anchor dump and inferred contiguous glyph blocks,"FH6 font glyph words are reordered vs FH5 for most fonts; use FH6 shape_word/full_code from this row, not the FH5 sheet code.",Text-field font shapes import through the universal/handmade type-code path.,
font_glyph,101,Forza_Font_1,,lower,q,Q,Forza Font 1 Lower Q,1050593,0x1007e1,2017,0x07e1,7,225,1050593,2017,0,confirmed from FH6 11-font anchor dump and inferred contiguous glyph blocks,"FH6 font glyph words are reordered vs FH5 for most fonts; use FH6 shape_word/full_code from this row, not the FH5 sheet code.",Text-field font shapes import through the universal/handmade type-code path.,
font_glyph,101,Forza_Font_1,,lower,r,R,Forza Font 1 Lower R,1050594,0x1007e2,2018,0x07e2,7,226,1050594,2018,0,confirmed from FH6 11-font anchor dump and inferred contiguous glyph blocks,"FH6 font glyph words are reordered vs FH5 for most fonts; use FH6 shape_word/full_code from this row, not the FH5 sheet code.",Text-field font shapes import through the universal/handmade type-code path.,
font_glyph,101,Forza_Font_1,,lower,s,S,Forza Font 1 Lower S,1050595,0x1007e3,2019,0x07e3,7,227,1050595,2019,0,confirmed from FH6 11-font anchor dump and inferred contiguous glyph blocks,"FH6 font glyph words are reordered vs FH5 for most fonts; use FH6 shape_word/full_code from this row, not the FH5 sheet code.",Text-field font shapes import through the universal/handmade type-code path.,
font_glyph,101,Forza_Font_1,,lower,t,T,Forza Font 1 Lower T,1050596,0x1007e4,2020,0x07e4,7,228,1050596,2020,0,confirmed from FH6 11-font anchor dump and inferred contiguous glyph blocks,"FH6 font glyph words are reordered vs FH5 for most fonts; use FH6 shape_word/full_code from this row, not the FH5 sheet code.",Text-field font shapes import through the universal/handmade type-code path.,
font_glyph,101,Forza_Font_1,,lower,u,U,Forza Font 1 Lower U,1050597,0x1007e5,2021,0x07e5,7,229,1050597,2021,0,confirmed from FH6 11-font anchor dump and inferred contiguous glyph blocks,"FH6 font glyph words are reordered vs FH5 for most fonts; use FH6 shape_word/full_code from this row, not the FH5 sheet code.",Text-field font shapes import through the universal/handmade type-code path.,
font_glyph,101,Forza_Font_1,,lower,v,V,Forza Font 1 Lower V,1050598,0x1007e6,2022,0x07e6,7,230,1050598,2022,0,confirmed from FH6 11-font anchor dump and inferred contiguous glyph blocks,"FH6 font glyph words are reordered vs FH5 for most fonts; use FH6 shape_word/full_code from this row, not the FH5 sheet code.",Text-field font shapes import through the universal/handmade type-code path.,
font_glyph,101,Forza_Font_1,,lower,w,W,Forza Font 1 Lower W,1050599,0x1007e7,2023,0x07e7,7,231,1050599,2023,0,confirmed from FH6 11-font anchor dump and inferred contiguous glyph blocks,"FH6 font glyph words are reordered vs FH5 for most fonts; use FH6 shape_word/full_code from this row, not the FH5 sheet code.",Text-field font shapes import through the universal/handmade type-code path.,
font_glyph,101,Forza_Font_1,,lower,x,X,Forza Font 1 Lower X,1050600,0x1007e8,2024,0x07e8,7,232,1050600,2024,0,confirmed from FH6 11-font anchor dump and inferred contiguous glyph blocks,"FH6 font glyph words are reordered vs FH5 for most fonts; use FH6 shape_word/full_code from this row, not the FH5 sheet code.",Text-field font shapes import through the universal/handmade type-code path.,
font_glyph,101,Forza_Font_1,,lower,y,Y,Forza Font 1 Lower Y,1050601,0x1007e9,2025,0x07e9,7,233,1050601,2025,0,confirmed from FH6 11-font anchor dump and inferred contiguous glyph blocks,"FH6 font glyph words are reordered vs FH5 for most fonts; use FH6 shape_word/full_code from this row, not the FH5 sheet code.",Text-field font shapes import through the universal/handmade type-code path.,
font_glyph,101,Forza_Font_1,,lower,z,Z,Forza Font 1 Lower Z,1050602,0x1007ea,2026,0x07ea,7,234,1050602,2026,0,confirmed from FH6 11-font anchor dump and inferred contiguous glyph blocks,"FH6 font glyph words are reordered vs FH5 for most fonts; use FH6 shape_word/full_code from this row, not the FH5 sheet code.",Text-field font shapes import through the universal/handmade type-code path.,
font_glyph,101,Forza_Font_1,,number,1,1,Forza Font 1 Number 1,1050503,0x100787,1927,0x0787,7,135,1050503,1927,0,confirmed from FH6 11-font anchor dump and inferred contiguous glyph blocks,"FH6 font glyph words are reordered vs FH5 for most fonts; use FH6 shape_word/full_code from this row, not the FH5 sheet code.",Text-field font shapes import through the universal/handmade type-code path.,
font_glyph,101,Forza_Font_1,,number,2,2,Forza Font 1 Number 2,1050504,0x100788,1928,0x0788,7,136,1050504,1928,0,confirmed from FH6 11-font anchor dump and inferred contiguous glyph blocks,"FH6 font glyph words are reordered vs FH5 for most fonts; use FH6 shape_word/full_code from this row, not the FH5 sheet code.",Text-field font shapes import through the universal/handmade type-code path.,
font_glyph,101,Forza_Font_1,,number,3,3,Forza Font 1 Number 3,1050505,0x100789,1929,0x0789,7,137,1050505,1929,0,confirmed from FH6 11-font anchor dump and inferred contiguous glyph blocks,"FH6 font glyph words are reordered vs FH5 for most fonts; use FH6 shape_word/full_code from this row, not the FH5 sheet code.",Text-field font shapes import through the universal/handmade type-code path.,
font_glyph,101,Forza_Font_1,,number,4,4,Forza Font 1 Number 4,1050506,0x10078a,1930,0x078a,7,138,1050506,1930,0,confirmed from FH6 11-font anchor dump and inferred contiguous glyph blocks,"FH6 font glyph words are reordered vs FH5 for most fonts; use FH6 shape_word/full_code from this row, not the FH5 sheet code.",Text-field font shapes import through the universal/handmade type-code path.,
font_glyph,101,Forza_Font_1,,number,5,5,Forza Font 1 Number 5,1050507,0x10078b,1931,0x078b,7,139,1050507,1931,0,confirmed from FH6 11-font anchor dump and inferred contiguous glyph blocks,"FH6 font glyph words are reordered vs FH5 for most fonts; use FH6 shape_word/full_code from this row, not the FH5 sheet code.",Text-field font shapes import through the universal/handmade type-code path.,
font_glyph,101,Forza_Font_1,,number,6,6,Forza Font 1 Number 6,1050508,0x10078c,1932,0x078c,7,140,1050508,1932,0,confirmed from FH6 11-font anchor dump and inferred contiguous glyph blocks,"FH6 font glyph words are reordered vs FH5 for most fonts; use FH6 shape_word/full_code from this row, not the FH5 sheet code.",Text-field font shapes import through the universal/handmade type-code path.,
font_glyph,101,Forza_Font_1,,number,7,7,Forza Font 1 Number 7,1050509,0x10078d,1933,0x078d,7,141,1050509,1933,0,confirmed from FH6 11-font anchor dump and inferred contiguous glyph blocks,"FH6 font glyph words are reordered vs FH5 for most fonts; use FH6 shape_word/full_code from this row, not the FH5 sheet code.",Text-field font shapes import through the universal/handmade type-code path.,
font_glyph,101,Forza_Font_1,,number,8,8,Forza Font 1 Number 8,1050510,0x10078e,1934,0x078e,7,142,1050510,1934,0,confirmed from FH6 11-font anchor dump and inferred contiguous glyph blocks,"FH6 font glyph words are reordered vs FH5 for most fonts; use FH6 shape_word/full_code from this row, not the FH5 sheet code.",Text-field font shapes import through the universal/handmade type-code path.,
font_glyph,101,Forza_Font_1,,number,9,9,Forza Font 1 Number 9,1050511,0x10078f,1935,0x078f,7,143,1050511,1935,0,confirmed from FH6 11-font anchor dump and inferred contiguous glyph blocks,"FH6 font glyph words are reordered vs FH5 for most fonts; use FH6 shape_word/full_code from this row, not the FH5 sheet code.",Text-field font shapes import through the universal/handmade type-code path.,
font_glyph,101,Forza_Font_1,,number,10,10,Forza Font 1 Number 10,1050512,0x100790,1936,0x0790,7,144,1050512,1936,0,confirmed from FH6 11-font anchor dump and inferred contiguous glyph blocks,"FH6 font glyph words are reordered vs FH5 for most fonts; use FH6 shape_word/full_code from this row, not the FH5 sheet code.",Text-field font shapes import through the universal/handmade type-code path.,
font_glyph,101,Forza_Font_1,,upper_symbol,!,!,Forza Font 1 Exclamation Mark,1050513,0x100791,1937,0x0791,7,145,1050513,1937,0,confirmed from FH6 11-font anchor dump and inferred contiguous glyph blocks,"FH6 font glyph words are reordered vs FH5 for most fonts; use FH6 shape_word/full_code from this row, not the FH5 sheet code.",Text-field font shapes import through the universal/handmade type-code path.,
font_glyph,101,Forza_Font_1,,upper_symbol,?,?,Forza Font 1 Question Mark,1050514,0x100792,1938,0x0792,7,146,1050514,1938,0,confirmed from FH6 11-font anchor dump and inferred contiguous glyph blocks,"FH6 font glyph words are reordered vs FH5 for most fonts; use FH6 shape_word/full_code from this row, not the FH5 sheet code.",Text-field font shapes import through the universal/handmade type-code path.,
font_glyph,101,Forza_Font_1,,upper_symbol,@,@,Forza Font 1 Upper At Symbol,1050515,0x100793,1939,0x0793,7,147,1050515,1939,0,confirmed from FH6 11-font anchor dump and inferred contiguous glyph blocks,"FH6 font glyph words are reordered vs FH5 for most fonts; use FH6 shape_word/full_code from this row, not the FH5 sheet code.",Text-field font shapes import through the universal/handmade type-code path.,
font_glyph,101,Forza_Font_1,,upper_symbol,&,&,Forza Font 1 Ampersand,1050516,0x100794,1940,0x0794,7,148,1050516,1940,0,confirmed from FH6 11-font anchor dump and inferred contiguous glyph blocks,"FH6 font glyph words are reordered vs FH5 for most fonts; use FH6 shape_word/full_code from this row, not the FH5 sheet code.",Text-field font shapes import through the universal/handmade type-code path.,
font_glyph,101,Forza_Font_1,,lower_symbol,$,$,Forza Font 1 Dollar Sign,1050603,0x1007eb,2027,0x07eb,7,235,1050603,2027,0,confirmed from FH6 11-font anchor dump and inferred contiguous glyph blocks,"FH6 font glyph words are reordered vs FH5 for most fonts; use FH6 shape_word/full_code from this row, not the FH5 sheet code.",Text-field font shapes import through the universal/handmade type-code path.,
font_glyph,101,Forza_Font_1,,lower_symbol,£,£,Forza Font 1 Pound Sign,1050604,0x1007ec,2028,0x07ec,7,236,1050604,2028,0,confirmed from FH6 11-font anchor dump and inferred contiguous glyph blocks,"FH6 font glyph words are reordered vs FH5 for most fonts; use FH6 shape_word/full_code from this row, not the FH5 sheet code.",Text-field font shapes import through the universal/handmade type-code path.,
font_glyph,101,Forza_Font_1,,lower_symbol,¥,¥,Forza Font 1 Yen Sign,1050605,0x1007ed,2029,0x07ed,7,237,1050605,2029,0,confirmed from FH6 11-font anchor dump and inferred contiguous glyph blocks,"FH6 font glyph words are reordered vs FH5 for most fonts; use FH6 shape_word/full_code from this row, not the FH5 sheet code.",Text-field font shapes import through the universal/handmade type-code path.,
font_glyph,101,Forza_Font_1,,lower_symbol,€,€,Forza Font 1 Euro Sign,1050606,0x1007ee,2030,0x07ee,7,238,1050606,2030,0,confirmed from FH6 11-font anchor dump and inferred contiguous glyph blocks,"FH6 font glyph words are reordered vs FH5 for most fonts; use FH6 shape_word/full_code from this row, not the FH5 sheet code.",Text-field font shapes import through the universal/handmade type-code path.,
font_glyph,101,Forza_Font_1,,lower_symbol,æ,æ,Forza Font 1 AE,1050607,0x1007ef,2031,0x07ef,7,239,1050607,2031,0,confirmed from FH6 11-font anchor dump and inferred contiguous glyph blocks,"FH6 font glyph words are reordered vs FH5 for most fonts; use FH6 shape_word/full_code from this row, not the FH5 sheet code.",Text-field font shapes import through the universal/handmade type-code path.,
font_glyph,101,Forza_Font_1,,lower_symbol,^,^,Forza Font 1 Caret Symbol,1050608,0x1007f0,2032,0x07f0,7,240,1050608,2032,0,confirmed from FH6 11-font anchor dump and inferred contiguous glyph blocks,"FH6 font glyph words are reordered vs FH5 for most fonts; use FH6 shape_word/full_code from this row, not the FH5 sheet code.",Text-field font shapes import through the universal/handmade type-code path.,
font_glyph,101,Forza_Font_1,,lower_symbol,ß,ß,Forza Font 1 Eszett Symbol,1050609,0x1007f1,2033,0x07f1,7,241,1050609,2033,0,confirmed from FH6 11-font anchor dump and inferred contiguous glyph blocks,"FH6 font glyph words are reordered vs FH5 for most fonts; use FH6 shape_word/full_code from this row, not the FH5 sheet code.",Text-field font shapes import through the universal/handmade type-code path.,
font_glyph,101,Forza_Font_1,,lower_symbol,@,@,Forza Font 1 Lower At Symbol,1050610,0x1007f2,2034,0x07f2,7,242,1050610,2034,0,confirmed from FH6 11-font anchor dump and inferred contiguous glyph blocks,"FH6 font glyph words are reordered vs FH5 for most fonts; use FH6 shape_word/full_code from this row, not the FH5 sheet code.",Text-field font shapes import through the universal/handmade type-code path.,
font_glyph,101,Forza_Font_1,,lower_symbol,#,#,Forza Font 1 Hash,1050611,0x1007f3,2035,0x07f3,7,243,1050611,2035,0,confirmed from FH6 11-font anchor dump and inferred contiguous glyph blocks,"FH6 font glyph words are reordered vs FH5 for most fonts; use FH6 shape_word/full_code from this row, not the FH5 sheet code.",Text-field font shapes import through the universal/handmade type-code path.,
font_glyph,101,Forza_Font_1,,lower_symbol,+,+,Forza Font 1 Plus Symbol,1050612,0x1007f4,2036,0x07f4,7,244,1050612,2036,0,confirmed from FH6 11-font anchor dump and inferred contiguous glyph blocks,"FH6 font glyph words are reordered vs FH5 for most fonts; use FH6 shape_word/full_code from this row, not the FH5 sheet code.",Text-field font shapes import through the universal/handmade type-code path.,
font_glyph,101,Forza_Font_1,,lower_symbol,%,%,Forza Font 1 Percent Sign,1050613,0x1007f5,2037,0x07f5,7,245,1050613,2037,0,confirmed from FH6 11-font anchor dump and inferred contiguous glyph blocks,"FH6 font glyph words are reordered vs FH5 for most fonts; use FH6 shape_word/full_code from this row, not the FH5 sheet code.",Text-field font shapes import through the universal/handmade type-code path.,
font_glyph,101,Forza_Font_1,,lower_symbol,:,:,Forza Font 1 Colon,1050614,0x1007f6,2038,0x07f6,7,246,1050614,2038,0,confirmed from FH6 11-font anchor dump and inferred contiguous glyph blocks,"FH6 font glyph words are reordered vs FH5 for most fonts; use FH6 shape_word/full_code from this row, not the FH5 sheet code.",Text-field font shapes import through the universal/handmade type-code path.,
font_glyph,101,Forza_Font_1,,lower_symbol,;,;,Forza Font 1 Semicolon,1050615,0x1007f7,2039,0x07f7,7,247,1050615,2039,0,confirmed from FH6 11-font anchor dump and inferred contiguous glyph blocks,"FH6 font glyph words are reordered vs FH5 for most fonts; use FH6 shape_word/full_code from this row, not the FH5 sheet code.",Text-field font shapes import through the universal/handmade type-code path.,
font_glyph,101,Forza_Font_1,,lower_symbol,/,/,Forza Font 1 Slash,1050616,0x1007f8,2040,0x07f8,7,248,1050616,2040,0,confirmed from FH6 11-font anchor dump and inferred contiguous glyph blocks,"FH6 font glyph words are reordered vs FH5 for most fonts; use FH6 shape_word/full_code from this row, not the FH5 sheet code.",Text-field font shapes import through the universal/handmade type-code path.,
font_glyph,102,Forza_Font_2,,upper,A,A,Forza Font 2 Upper A,1051077,0x1009c5,2501,0x09c5,9,197,1050477,1901,600,confirmed from FH6 11-font anchor dump and inferred contiguous glyph blocks,"FH6 font glyph words are reordered vs FH5 for most fonts; use FH6 shape_word/full_code from this row, not the FH5 sheet code.",Text-field font shapes import through the universal/handmade type-code path.,
font_glyph,102,Forza_Font_2,,upper,B,B,Forza Font 2 Upper B,1051078,0x1009c6,2502,0x09c6,9,198,1050478,1902,600,confirmed from FH6 11-font anchor dump and inferred contiguous glyph blocks,"FH6 font glyph words are reordered vs FH5 for most fonts; use FH6 shape_word/full_code from this row, not the FH5 sheet code.",Text-field font shapes import through the universal/handmade type-code path.,
font_glyph,102,Forza_Font_2,,upper,C,C,Forza Font 2 Upper C,1051079,0x1009c7,2503,0x09c7,9,199,1050479,1903,600,confirmed from FH6 11-font anchor dump and inferred contiguous glyph blocks,"FH6 font glyph words are reordered vs FH5 for most fonts; use FH6 shape_word/full_code from this row, not the FH5 sheet code.",Text-field font shapes import through the universal/handmade type-code path.,
font_glyph,102,Forza_Font_2,,upper,D,D,Forza Font 2 Upper D,1051080,0x1009c8,2504,0x09c8,9,200,1050480,1904,600,confirmed from FH6 11-font anchor dump and inferred contiguous glyph blocks,"FH6 font glyph words are reordered vs FH5 for most fonts; use FH6 shape_word/full_code from this row, not the FH5 sheet code.",Text-field font shapes import through the universal/handmade type-code path.,
font_glyph,102,Forza_Font_2,,upper,E,E,Forza Font 2 Upper E,1051081,0x1009c9,2505,0x09c9,9,201,1050481,1905,600,confirmed from FH6 11-font anchor dump and inferred contiguous glyph blocks,"FH6 font glyph words are reordered vs FH5 for most fonts; use FH6 shape_word/full_code from this row, not the FH5 sheet code.",Text-field font shapes import through the universal/handmade type-code path.,
font_glyph,102,Forza_Font_2,,upper,F,F,Forza Font 2 Upper F,1051082,0x1009ca,2506,0x09ca,9,202,1050482,1906,600,confirmed from FH6 11-font anchor dump and inferred contiguous glyph blocks,"FH6 font glyph words are reordered vs FH5 for most fonts; use FH6 shape_word/full_code from this row, not the FH5 sheet code.",Text-field font shapes import through the universal/handmade type-code path.,
font_glyph,102,Forza_Font_2,,upper,G,G,Forza Font 2 Upper G,1051083,0x1009cb,2507,0x09cb,9,203,1050483,1907,600,confirmed from FH6 11-font anchor dump and inferred contiguous glyph blocks,"FH6 font glyph words are reordered vs FH5 for most fonts; use FH6 shape_word/full_code from this row, not the FH5 sheet code.",Text-field font shapes import through the universal/handmade type-code path.,
font_glyph,102,Forza_Font_2,,upper,H,H,Forza Font 2 Upper H,1051084,0x1009cc,2508,0x09cc,9,204,1050484,1908,600,confirmed from FH6 11-font anchor dump and inferred contiguous glyph blocks,"FH6 font glyph words are reordered vs FH5 for most fonts; use FH6 shape_word/full_code from this row, not the FH5 sheet code.",Text-field font shapes import through the universal/handmade type-code path.,
font_glyph,102,Forza_Font_2,,upper,I,I,Forza Font 2 Upper I,1051085,0x1009cd,2509,0x09cd,9,205,1050485,1909,600,confirmed from FH6 11-font anchor dump and inferred contiguous glyph blocks,"FH6 font glyph words are reordered vs FH5 for most fonts; use FH6 shape_word/full_code from this row, not the FH5 sheet code.",Text-field font shapes import through the universal/handmade type-code path.,
font_glyph,102,Forza_Font_2,,upper,J,J,Forza Font 2 Upper J,1051086,0x1009ce,2510,0x09ce,9,206,1050486,1910,600,confirmed from FH6 11-font anchor dump and inferred contiguous glyph blocks,"FH6 font glyph words are reordered vs FH5 for most fonts; use FH6 shape_word/full_code from this row, not the FH5 sheet code.",Text-field font shapes import through the universal/handmade type-code path.,
font_glyph,102,Forza_Font_2,,upper,K,K,Forza Font 2 Upper K,1051087,0x1009cf,2511,0x09cf,9,207,1050487,1911,600,confirmed from FH6 11-font anchor dump and inferred contiguous glyph blocks,"FH6 font glyph words are reordered vs FH5 for most fonts; use FH6 shape_word/full_code from this row, not the FH5 sheet code.",Text-field font shapes import through the universal/handmade type-code path.,
font_glyph,102,Forza_Font_2,,upper,L,L,Forza Font 2 Upper L,1051088,0x1009d0,2512,0x09d0,9,208,1050488,1912,600,confirmed from FH6 11-font anchor dump and inferred contiguous glyph blocks,"FH6 font glyph words are reordered vs FH5 for most fonts; use FH6 shape_word/full_code from this row, not the FH5 sheet code.",Text-field font shapes import through the universal/handmade type-code path.,
font_glyph,102,Forza_Font_2,,upper,M,M,Forza Font 2 Upper M,1051089,0x1009d1,2513,0x09d1,9,209,1050489,1913,600,confirmed from FH6 11-font anchor dump and inferred contiguous glyph blocks,"FH6 font glyph words are reordered vs FH5 for most fonts; use FH6 shape_word/full_code from this row, not the FH5 sheet code.",Text-field font shapes import through the universal/handmade type-code path.,
font_glyph,102,Forza_Font_2,,upper,N,N,Forza Font 2 Upper N,1051090,0x1009d2,2514,0x09d2,9,210,1050490,1914,600,confirmed from FH6 11-font anchor dump and inferred contiguous glyph blocks,"FH6 font glyph words are reordered vs FH5 for most fonts; use FH6 shape_word/full_code from this row, not the FH5 sheet code.",Text-field font shapes import through the universal/handmade type-code path.,
font_glyph,102,Forza_Font_2,,upper,O,O,Forza Font 2 Upper O,1051091,0x1009d3,2515,0x09d3,9,211,1050491,1915,600,confirmed from FH6 11-font anchor dump and inferred contiguous glyph blocks,"FH6 font glyph words are reordered vs FH5 for most fonts; use FH6 shape_word/full_code from this row, not the FH5 sheet code.",Text-field font shapes import through the universal/handmade type-code path.,
font_glyph,102,Forza_Font_2,,upper,P,P,Forza Font 2 Upper P,1051092,0x1009d4,2516,0x09d4,9,212,1050492,1916,600,confirmed from FH6 11-font anchor dump and inferred contiguous glyph blocks,"FH6 font glyph words are reordered vs FH5 for most fonts; use FH6 shape_word/full_code from this row, not the FH5 sheet code.",Text-field font shapes import through the universal/handmade type-code path.,
font_glyph,102,Forza_Font_2,,upper,Q,Q,Forza Font 2 Upper Q,1051093,0x1009d5,2517,0x09d5,9,213,1050493,1917,600,confirmed from FH6 11-font anchor dump and inferred contiguous glyph blocks,"FH6 font glyph words are reordered vs FH5 for most fonts; use FH6 shape_word/full_code from this row, not the FH5 sheet code.",Text-field font shapes import through the universal/handmade type-code path.,
font_glyph,102,Forza_Font_2,,upper,R,R,Forza Font 2 Upper R,1051094,0x1009d6,2518,0x09d6,9,214,1050494,1918,600,confirmed from FH6 11-font anchor dump and inferred contiguous glyph blocks,"FH6 font glyph words are reordered vs FH5 for most fonts; use FH6 shape_word/full_code from this row, not the FH5 sheet code.",Text-field font shapes import through the universal/handmade type-code path.,
font_glyph,102,Forza_Font_2,,upper,S,S,Forza Font 2 Upper S,1051095,0x1009d7,2519,0x09d7,9,215,1050495,1919,600,confirmed from FH6 11-font anchor dump and inferred contiguous glyph blocks,"FH6 font glyph words are reordered vs FH5 for most fonts; use FH6 shape_word/full_code from this row, not the FH5 sheet code.",Text-field font shapes import through the universal/handmade type-code path.,
font_glyph,102,Forza_Font_2,,upper,T,T,Forza Font 2 Upper T,1051096,0x1009d8,2520,0x09d8,9,216,1050496,1920,600,confirmed from FH6 11-font anchor dump and inferred contiguous glyph blocks,"FH6 font glyph words are reordered vs FH5 for most fonts; use FH6 shape_word/full_code from this row, not the FH5 sheet code.",Text-field font shapes import through the universal/handmade type-code path.,
font_glyph,102,Forza_Font_2,,upper,U,U,Forza Font 2 Upper U,1051097,0x1009d9,2521,0x09d9,9,217,1050497,1921,600,confirmed from FH6 11-font anchor dump and inferred contiguous glyph blocks,"FH6 font glyph words are reordered vs FH5 for most fonts; use FH6 shape_word/full_code from this row, not the FH5 sheet code.",Text-field font shapes import through the universal/handmade type-code path.,
font_glyph,102,Forza_Font_2,,upper,V,V,Forza Font 2 Upper V,1051098,0x1009da,2522,0x09da,9,218,1050498,1922,600,confirmed from FH6 11-font anchor dump and inferred contiguous glyph blocks,"FH6 font glyph words are reordered vs FH5 for most fonts; use FH6 shape_word/full_code from this row, not the FH5 sheet code.",Text-field font shapes import through the universal/handmade type-code path.,
font_glyph,102,Forza_Font_2,,upper,W,W,Forza Font 2 Upper W,1051099,0x1009db,2523,0x09db,9,219,1050499,1923,600,confirmed from FH6 11-font anchor dump and inferred contiguous glyph blocks,"FH6 font glyph words are reordered vs FH5 for most fonts; use FH6 shape_word/full_code from this row, not the FH5 sheet code.",Text-field font shapes import through the universal/handmade type-code path.,
font_glyph,102,Forza_Font_2,,upper,X,X,Forza Font 2 Upper X,1051100,0x1009dc,2524,0x09dc,9,220,1050500,1924,600,confirmed from FH6 11-font anchor dump and inferred contiguous glyph blocks,"FH6 font glyph words are reordered vs FH5 for most fonts; use FH6 shape_word/full_code from this row, not the FH5 sheet code.",Text-field font shapes import through the universal/handmade type-code path.,
font_glyph,102,Forza_Font_2,,upper,Y,Y,Forza Font 2 Upper Y,1051101,0x1009dd,2525,0x09dd,9,221,1050501,1925,600,confirmed from FH6 11-font anchor dump and inferred contiguous glyph blocks,"FH6 font glyph words are reordered vs FH5 for most fonts; use FH6 shape_word/full_code from this row, not the FH5 sheet code.",Text-field font shapes import through the universal/handmade type-code path.,
font_glyph,102,Forza_Font_2,,upper,Z,Z,Forza Font 2 Upper Z,1051102,0x1009de,2526,0x09de,9,222,1050502,1926,600,confirmed from FH6 11-font anchor dump and inferred contiguous glyph blocks,"FH6 font glyph words are reordered vs FH5 for most fonts; use FH6 shape_word/full_code from this row, not the FH5 sheet code.",Text-field font shapes import through the universal/handmade type-code path.,
font_glyph,102,Forza_Font_2,,lower,a,A,Forza Font 2 Lower A,1051177,0x100a29,2601,0x0a29,10,41,1050576,2000,601,confirmed from FH6 11-font anchor dump and inferred contiguous glyph blocks,"FH6 font glyph words are reordered vs FH5 for most fonts; use FH6 shape_word/full_code from this row, not the FH5 sheet code.",Text-field font shapes import through the universal/handmade type-code path.,
font_glyph,102,Forza_Font_2,,lower,b,B,Forza Font 2 Lower B,1051179,0x100a2b,2603,0x0a2b,10,43,1050578,2002,601,confirmed from FH6 11-font anchor dump and inferred contiguous glyph blocks,"FH6 font glyph words are reordered vs FH5 for most fonts; use FH6 shape_word/full_code from this row, not the FH5 sheet code.",Text-field font shapes import through the universal/handmade type-code path.,
font_glyph,102,Forza_Font_2,,lower,c,C,Forza Font 2 Lower C,1051180,0x100a2c,2604,0x0a2c,10,44,1050579,2003,601,confirmed from FH6 11-font anchor dump and inferred contiguous glyph blocks,"FH6 font glyph words are reordered vs FH5 for most fonts; use FH6 shape_word/full_code from this row, not the FH5 sheet code.",Text-field font shapes import through the universal/handmade type-code path.,
font_glyph,102,Forza_Font_2,,lower,d,D,Forza Font 2 Lower D,1051181,0x100a2d,2605,0x0a2d,10,45,1050580,2004,601,confirmed from FH6 11-font anchor dump and inferred contiguous glyph blocks,"FH6 font glyph words are reordered vs FH5 for most fonts; use FH6 shape_word/full_code from this row, not the FH5 sheet code.",Text-field font shapes import through the universal/handmade type-code path.,
font_glyph,102,Forza_Font_2,,lower,e,E,Forza Font 2 Lower E,1051182,0x100a2e,2606,0x0a2e,10,46,1050581,2005,601,confirmed from FH6 11-font anchor dump and inferred contiguous glyph blocks,"FH6 font glyph words are reordered vs FH5 for most fonts; use FH6 shape_word/full_code from this row, not the FH5 sheet code.",Text-field font shapes import through the universal/handmade type-code path.,
font_glyph,102,Forza_Font_2,,lower,f,F,Forza Font 2 Lower F,1051183,0x100a2f,2607,0x0a2f,10,47,1050582,2006,601,confirmed from FH6 11-font anchor dump and inferred contiguous glyph blocks,"FH6 font glyph words are reordered vs FH5 for most fonts; use FH6 shape_word/full_code from this row, not the FH5 sheet code.",Text-field font shapes import through the universal/handmade type-code path.,
font_glyph,102,Forza_Font_2,,lower,g,G,Forza Font 2 Lower G,1051184,0x100a30,2608,0x0a30,10,48,1050583,2007,601,confirmed from FH6 11-font anchor dump and inferred contiguous glyph blocks,"FH6 font glyph words are reordered vs FH5 for most fonts; use FH6 shape_word/full_code from this row, not the FH5 sheet code.",Text-field font shapes import through the universal/handmade type-code path.,
font_glyph,102,Forza_Font_2,,lower,h,H,Forza Font 2 Lower H,1051185,0x100a31,2609,0x0a31,10,49,1050584,2008,601,confirmed from FH6 11-font anchor dump and inferred contiguous glyph blocks,"FH6 font glyph words are reordered vs FH5 for most fonts; use FH6 shape_word/full_code from this row, not the FH5 sheet code.",Text-field font shapes import through the universal/handmade type-code path.,
font_glyph,102,Forza_Font_2,,lower,i,I,Forza Font 2 Lower I,1051186,0x100a32,2610,0x0a32,10,50,1050585,2009,601,confirmed from FH6 11-font anchor dump and inferred contiguous glyph blocks,"FH6 font glyph words are reordered vs FH5 for most fonts; use FH6 shape_word/full_code from this row, not the FH5 sheet code.",Text-field font shapes import through the universal/handmade type-code path.,
font_glyph,102,Forza_Font_2,,lower,j,J,Forza Font 2 Lower J,1051187,0x100a33,2611,0x0a33,10,51,1050586,2010,601,confirmed from FH6 11-font anchor dump and inferred contiguous glyph blocks,"FH6 font glyph words are reordered vs FH5 for most fonts; use FH6 shape_word/full_code from this row, not the FH5 sheet code.",Text-field font shapes import through the universal/handmade type-code path.,
font_glyph,102,Forza_Font_2,,lower,k,K,Forza Font 2 Lower K,1051188,0x100a34,2612,0x0a34,10,52,1050587,2011,601,confirmed from FH6 11-font anchor dump and inferred contiguous glyph blocks,"FH6 font glyph words are reordered vs FH5 for most fonts; use FH6 shape_word/full_code from this row, not the FH5 sheet code.",Text-field font shapes import through the universal/handmade type-code path.,
font_glyph,102,Forza_Font_2,,lower,l,L,Forza Font 2 Lower L,1051189,0x100a35,2613,0x0a35,10,53,1050588,2012,601,confirmed from FH6 11-font anchor dump and inferred contiguous glyph blocks,"FH6 font glyph words are reordered vs FH5 for most fonts; use FH6 shape_word/full_code from this row, not the FH5 sheet code.",Text-field font shapes import through the universal/handmade type-code path.,
font_glyph,102,Forza_Font_2,,lower,m,M,Forza Font 2 Lower M,1051190,0x100a36,2614,0x0a36,10,54,1050589,2013,601,confirmed from FH6 11-font anchor dump and inferred contiguous glyph blocks,"FH6 font glyph words are reordered vs FH5 for most fonts; use FH6 shape_word/full_code from this row, not the FH5 sheet code.",Text-field font shapes import through the universal/handmade type-code path.,
font_glyph,102,Forza_Font_2,,lower,n,N,Forza Font 2 Lower N,1051191,0x100a37,2615,0x0a37,10,55,1050590,2014,601,confirmed from FH6 11-font anchor dump and inferred contiguous glyph blocks,"FH6 font glyph words are reordered vs FH5 for most fonts; use FH6 shape_word/full_code from this row, not the FH5 sheet code.",Text-field font shapes import through the universal/handmade type-code path.,
font_glyph,102,Forza_Font_2,,lower,o,O,Forza Font 2 Lower O,1051192,0x100a38,2616,0x0a38,10,56,1050591,2015,601,confirmed from FH6 11-font anchor dump and inferred contiguous glyph blocks,"FH6 font glyph words are reordered vs FH5 for most fonts; use FH6 shape_word/full_code from this row, not the FH5 sheet code.",Text-field font shapes import through the universal/handmade type-code path.,
font_glyph,102,Forza_Font_2,,lower,p,P,Forza Font 2 Lower P,1051193,0x100a39,2617,0x0a39,10,57,1050592,2016,601,confirmed from FH6 11-font anchor dump and inferred contiguous glyph blocks,"FH6 font glyph words are reordered vs FH5 for most fonts; use FH6 shape_word/full_code from this row, not the FH5 sheet code.",Text-field font shapes import through the universal/handmade type-code path.,
font_glyph,102,Forza_Font_2,,lower,q,Q,Forza Font 2 Lower Q,1051194,0x100a3a,2618,0x0a3a,10,58,1050593,2017,601,confirmed from FH6 11-font anchor dump and inferred contiguous glyph blocks,"FH6 font glyph words are reordered vs FH5 for most fonts; use FH6 shape_word/full_code from this row, not the FH5 sheet code.",Text-field font shapes import through the universal/handmade type-code path.,
font_glyph,102,Forza_Font_2,,lower,r,R,Forza Font 2 Lower R,1051195,0x100a3b,2619,0x0a3b,10,59,1050594,2018,601,confirmed from FH6 11-font anchor dump and inferred contiguous glyph blocks,"FH6 font glyph words are reordered vs FH5 for most fonts; use FH6 shape_word/full_code from this row, not the FH5 sheet code.",Text-field font shapes import through the universal/handmade type-code path.,
font_glyph,102,Forza_Font_2,,lower,s,S,Forza Font 2 Lower S,1051196,0x100a3c,2620,0x0a3c,10,60,1050595,2019,601,confirmed from FH6 11-font anchor dump and inferred contiguous glyph blocks,"FH6 font glyph words are reordered vs FH5 for most fonts; use FH6 shape_word/full_code from this row, not the FH5 sheet code.",Text-field font shapes import through the universal/handmade type-code path.,
font_glyph,102,Forza_Font_2,,lower,t,T,Forza Font 2 Lower T,1051197,0x100a3d,2621,0x0a3d,10,61,1050596,2020,601,confirmed from FH6 11-font anchor dump and inferred contiguous glyph blocks,"FH6 font glyph words are reordered vs FH5 for most fonts; use FH6 shape_word/full_code from this row, not the FH5 sheet code.",Text-field font shapes import through the universal/handmade type-code path.,
font_glyph,102,Forza_Font_2,,lower,u,U,Forza Font 2 Lower U,1051198,0x100a3e,2622,0x0a3e,10,62,1050597,2021,601,confirmed from FH6 11-font anchor dump and inferred contiguous glyph blocks,"FH6 font glyph words are reordered vs FH5 for most fonts; use FH6 shape_word/full_code from this row, not the FH5 sheet code.",Text-field font shapes import through the universal/handmade type-code path.,
font_glyph,102,Forza_Font_2,,lower,v,V,Forza Font 2 Lower V,1051199,0x100a3f,2623,0x0a3f,10,63,1050598,2022,601,confirmed from FH6 11-font anchor dump and inferred contiguous glyph blocks,"FH6 font glyph words are reordered vs FH5 for most fonts; use FH6 shape_word/full_code from this row, not the FH5 sheet code.",Text-field font shapes import through the universal/handmade type-code path.,
font_glyph,102,Forza_Font_2,,lower,w,W,Forza Font 2 Lower W,1051200,0x100a40,2624,0x0a40,10,64,1050599,2023,601,confirmed from FH6 11-font anchor dump and inferred contiguous glyph blocks,"FH6 font glyph words are reordered vs FH5 for most fonts; use FH6 shape_word/full_code from this row, not the FH5 sheet code.",Text-field font shapes import through the universal/handmade type-code path.,
font_glyph,102,Forza_Font_2,,lower,x,X,Forza Font 2 Lower X,1051201,0x100a41,2625,0x0a41,10,65,1050600,2024,601,confirmed from FH6 11-font anchor dump and inferred contiguous glyph blocks,"FH6 font glyph words are reordered vs FH5 for most fonts; use FH6 shape_word/full_code from this row, not the FH5 sheet code.",Text-field font shapes import through the universal/handmade type-code path.,
font_glyph,102,Forza_Font_2,,lower,y,Y,Forza Font 2 Lower Y,1051202,0x100a42,2626,0x0a42,10,66,1050601,2025,601,confirmed from FH6 11-font anchor dump and inferred contiguous glyph blocks,"FH6 font glyph words are reordered vs FH5 for most fonts; use FH6 shape_word/full_code from this row, not the FH5 sheet code.",Text-field font shapes import through the universal/handmade type-code path.,
font_glyph,102,Forza_Font_2,,lower,z,Z,Forza Font 2 Lower Z,1051203,0x100a43,2627,0x0a43,10,67,1050602,2026,601,confirmed from FH6 11-font anchor dump and inferred contiguous glyph blocks,"FH6 font glyph words are reordered vs FH5 for most fonts; use FH6 shape_word/full_code from this row, not the FH5 sheet code.",Text-field font shapes import through the universal/handmade type-code path.,
font_glyph,102,Forza_Font_2,,number,1,1,Forza Font 2 Number 1,1051103,0x1009df,2527,0x09df,9,223,1050503,1927,600,confirmed from FH6 11-font anchor dump and inferred contiguous glyph blocks,"FH6 font glyph words are reordered vs FH5 for most fonts; use FH6 shape_word/full_code from this row, not the FH5 sheet code.",Text-field font shapes import through the universal/handmade type-code path.,
font_glyph,102,Forza_Font_2,,number,2,2,Forza Font 2 Number 2,1051104,0x1009e0,2528,0x09e0,9,224,1050504,1928,600,confirmed from FH6 11-font anchor dump and inferred contiguous glyph blocks,"FH6 font glyph words are reordered vs FH5 for most fonts; use FH6 shape_word/full_code from this row, not the FH5 sheet code.",Text-field font shapes import through the universal/handmade type-code path.,
font_glyph,102,Forza_Font_2,,number,3,3,Forza Font 2 Number 3,1051105,0x1009e1,2529,0x09e1,9,225,1050505,1929,600,confirmed from FH6 11-font anchor dump and inferred contiguous glyph blocks,"FH6 font glyph words are reordered vs FH5 for most fonts; use FH6 shape_word/full_code from this row, not the FH5 sheet code.",Text-field font shapes import through the universal/handmade type-code path.,
font_glyph,102,Forza_Font_2,,number,4,4,Forza Font 2 Number 4,1051106,0x1009e2,2530,0x09e2,9,226,1050506,1930,600,confirmed from FH6 11-font anchor dump and inferred contiguous glyph blocks,"FH6 font glyph words are reordered vs FH5 for most fonts; use FH6 shape_word/full_code from this row, not the FH5 sheet code.",Text-field font shapes import through the universal/handmade type-code path.,
font_glyph,102,Forza_Font_2,,number,5,5,Forza Font 2 Number 5,1051107,0x1009e3,2531,0x09e3,9,227,1050507,1931,600,confirmed from FH6 11-font anchor dump and inferred contiguous glyph blocks,"FH6 font glyph words are reordered vs FH5 for most fonts; use FH6 shape_word/full_code from this row, not the FH5 sheet code.",Text-field font shapes import through the universal/handmade type-code path.,
font_glyph,102,Forza_Font_2,,number,6,6,Forza Font 2 Number 6,1051108,0x1009e4,2532,0x09e4,9,228,1050508,1932,600,confirmed from FH6 11-font anchor dump and inferred contiguous glyph blocks,"FH6 font glyph words are reordered vs FH5 for most fonts; use FH6 shape_word/full_code from this row, not the FH5 sheet code.",Text-field font shapes import through the universal/handmade type-code path.,
font_glyph,102,Forza_Font_2,,number,7,7,Forza Font 2 Number 7,1051109,0x1009e5,2533,0x09e5,9,229,1050509,1933,600,confirmed from FH6 11-font anchor dump and inferred contiguous glyph blocks,"FH6 font glyph words are reordered vs FH5 for most fonts; use FH6 shape_word/full_code from this row, not the FH5 sheet code.",Text-field font shapes import through the universal/handmade type-code path.,
font_glyph,102,Forza_Font_2,,number,8,8,Forza Font 2 Number 8,1051110,0x1009e6,2534,0x09e6,9,230,1050510,1934,600,confirmed from FH6 11-font anchor dump and inferred contiguous glyph blocks,"FH6 font glyph words are reordered vs FH5 for most fonts; use FH6 shape_word/full_code from this row, not the FH5 sheet code.",Text-field font shapes import through the universal/handmade type-code path.,
font_glyph,102,Forza_Font_2,,number,9,9,Forza Font 2 Number 9,1051111,0x1009e7,2535,0x09e7,9,231,1050511,1935,600,confirmed from FH6 11-font anchor dump and inferred contiguous glyph blocks,"FH6 font glyph words are reordered vs FH5 for most fonts; use FH6 shape_word/full_code from this row, not the FH5 sheet code.",Text-field font shapes import through the universal/handmade type-code path.,
font_glyph,102,Forza_Font_2,,number,10,10,Forza Font 2 Number 10,1051112,0x1009e8,2536,0x09e8,9,232,1050512,1936,600,confirmed from FH6 11-font anchor dump and inferred contiguous glyph blocks,"FH6 font glyph words are reordered vs FH5 for most fonts; use FH6 shape_word/full_code from this row, not the FH5 sheet code.",Text-field font shapes import through the universal/handmade type-code path.,
font_glyph,102,Forza_Font_2,,upper_symbol,!,!,Forza Font 2 Exclamation Mark,1051113,0x1009e9,2537,0x09e9,9,233,1050513,1937,600,confirmed from FH6 11-font anchor dump and inferred contiguous glyph blocks,"FH6 font glyph words are reordered vs FH5 for most fonts; use FH6 shape_word/full_code from this row, not the FH5 sheet code.",Text-field font shapes import through the universal/handmade type-code path.,
font_glyph,102,Forza_Font_2,,upper_symbol,?,?,Forza Font 2 Question Mark,1051114,0x1009ea,2538,0x09ea,9,234,1050514,1938,600,confirmed from FH6 11-font anchor dump and inferred contiguous glyph blocks,"FH6 font glyph words are reordered vs FH5 for most fonts; use FH6 shape_word/full_code from this row, not the FH5 sheet code.",Text-field font shapes import through the universal/handmade type-code path.,
font_glyph,102,Forza_Font_2,,upper_symbol,@,@,Forza Font 2 Upper At Symbol,1051115,0x1009eb,2539,0x09eb,9,235,1050515,1939,600,confirmed from FH6 11-font anchor dump and inferred contiguous glyph blocks,"FH6 font glyph words are reordered vs FH5 for most fonts; use FH6 shape_word/full_code from this row, not the FH5 sheet code.",Text-field font shapes import through the universal/handmade type-code path.,
font_glyph,102,Forza_Font_2,,upper_symbol,&,&,Forza Font 2 Ampersand,1051116,0x1009ec,2540,0x09ec,9,236,1050516,1940,600,confirmed from FH6 11-font anchor dump and inferred contiguous glyph blocks,"FH6 font glyph words are reordered vs FH5 for most fonts; use FH6 shape_word/full_code from this row, not the FH5 sheet code.",Text-field font shapes import through the universal/handmade type-code path.,
font_glyph,102,Forza_Font_2,,lower_symbol,$,$,Forza Font 2 Dollar Sign,1051203,0x100a43,2627,0x0a43,10,67,1050603,2027,600,confirmed from FH6 11-font anchor dump and inferred contiguous glyph blocks,"FH6 font glyph words are reordered vs FH5 for most fonts; use FH6 shape_word/full_code from this row, not the FH5 sheet code.",Text-field font shapes import through the universal/handmade type-code path.,
font_glyph,102,Forza_Font_2,,lower_symbol,£,£,Forza Font 2 Pound Sign,1051204,0x100a44,2628,0x0a44,10,68,1050604,2028,600,confirmed from FH6 11-font anchor dump and inferred contiguous glyph blocks,"FH6 font glyph words are reordered vs FH5 for most fonts; use FH6 shape_word/full_code from this row, not the FH5 sheet code.",Text-field font shapes import through the universal/handmade type-code path.,
font_glyph,102,Forza_Font_2,,lower_symbol,¥,¥,Forza Font 2 Yen Sign,1051205,0x100a45,2629,0x0a45,10,69,1050605,2029,600,confirmed from FH6 11-font anchor dump and inferred contiguous glyph blocks,"FH6 font glyph words are reordered vs FH5 for most fonts; use FH6 shape_word/full_code from this row, not the FH5 sheet code.",Text-field font shapes import through the universal/handmade type-code path.,
font_glyph,102,Forza_Font_2,,lower_symbol,€,€,Forza Font 2 Euro Sign,1051206,0x100a46,2630,0x0a46,10,70,1050606,2030,600,confirmed from FH6 11-font anchor dump and inferred contiguous glyph blocks,"FH6 font glyph words are reordered vs FH5 for most fonts; use FH6 shape_word/full_code from this row, not the FH5 sheet code.",Text-field font shapes import through the universal/handmade type-code path.,
font_glyph,102,Forza_Font_2,,lower_symbol,æ,æ,Forza Font 2 AE,1051207,0x100a47,2631,0x0a47,10,71,1050607,2031,600,confirmed from FH6 11-font anchor dump and inferred contiguous glyph blocks,"FH6 font glyph words are reordered vs FH5 for most fonts; use FH6 shape_word/full_code from this row, not the FH5 sheet code.",Text-field font shapes import through the universal/handmade type-code path.,
font_glyph,102,Forza_Font_2,,lower_symbol,^,^,Forza Font 2 Caret Symbol,1051208,0x100a48,2632,0x0a48,10,72,1050608,2032,600,confirmed from FH6 11-font anchor dump and inferred contiguous glyph blocks,"FH6 font glyph words are reordered vs FH5 for most fonts; use FH6 shape_word/full_code from this row, not the FH5 sheet code.",Text-field font shapes import through the universal/handmade type-code path.,
font_glyph,102,Forza_Font_2,,lower_symbol,ß,ß,Forza Font 2 Eszett Symbol,1051209,0x100a49,2633,0x0a49,10,73,1050609,2033,600,confirmed from FH6 11-font anchor dump and inferred contiguous glyph blocks,"FH6 font glyph words are reordered vs FH5 for most fonts; use FH6 shape_word/full_code from this row, not the FH5 sheet code.",Text-field font shapes import through the universal/handmade type-code path.,
font_glyph,102,Forza_Font_2,,lower_symbol,@,@,Forza Font 2 Lower At Symbol,1051210,0x100a4a,2634,0x0a4a,10,74,1050610,2034,600,confirmed from FH6 11-font anchor dump and inferred contiguous glyph blocks,"FH6 font glyph words are reordered vs FH5 for most fonts; use FH6 shape_word/full_code from this row, not the FH5 sheet code.",Text-field font shapes import through the universal/handmade type-code path.,
font_glyph,102,Forza_Font_2,,lower_symbol,#,#,Forza Font 2 Hash,1051211,0x100a4b,2635,0x0a4b,10,75,1050611,2035,600,confirmed from FH6 11-font anchor dump and inferred contiguous glyph blocks,"FH6 font glyph words are reordered vs FH5 for most fonts; use FH6 shape_word/full_code from this row, not the FH5 sheet code.",Text-field font shapes import through the universal/handmade type-code path.,
font_glyph,102,Forza_Font_2,,lower_symbol,+,+,Forza Font 2 Plus Symbol,1051212,0x100a4c,2636,0x0a4c,10,76,1050612,2036,600,confirmed from FH6 11-font anchor dump and inferred contiguous glyph blocks,"FH6 font glyph words are reordered vs FH5 for most fonts; use FH6 shape_word/full_code from this row, not the FH5 sheet code.",Text-field font shapes import through the universal/handmade type-code path.,
font_glyph,102,Forza_Font_2,,lower_symbol,%,%,Forza Font 2 Percent Sign,1051213,0x100a4d,2637,0x0a4d,10,77,1050613,2037,600,confirmed from FH6 11-font anchor dump and inferred contiguous glyph blocks,"FH6 font glyph words are reordered vs FH5 for most fonts; use FH6 shape_word/full_code from this row, not the FH5 sheet code.",Text-field font shapes import through the universal/handmade type-code path.,
font_glyph,102,Forza_Font_2,,lower_symbol,:,:,Forza Font 2 Colon,1051214,0x100a4e,2638,0x0a4e,10,78,1050614,2038,600,confirmed from FH6 11-font anchor dump and inferred contiguous glyph blocks,"FH6 font glyph words are reordered vs FH5 for most fonts; use FH6 shape_word/full_code from this row, not the FH5 sheet code.",Text-field font shapes import through the universal/handmade type-code path.,
font_glyph,102,Forza_Font_2,,lower_symbol,;,;,Forza Font 2 Semicolon,1051215,0x100a4f,2639,0x0a4f,10,79,1050615,2039,600,confirmed from FH6 11-font anchor dump and inferred contiguous glyph blocks,"FH6 font glyph words are reordered vs FH5 for most fonts; use FH6 shape_word/full_code from this row, not the FH5 sheet code.",Text-field font shapes import through the universal/handmade type-code path.,
font_glyph,102,Forza_Font_2,,lower_symbol,/,/,Forza Font 2 Slash,1051216,0x100a50,2640,0x0a50,10,80,1050616,2040,600,confirmed from FH6 11-font anchor dump and inferred contiguous glyph blocks,"FH6 font glyph words are reordered vs FH5 for most fonts; use FH6 shape_word/full_code from this row, not the FH5 sheet code.",Text-field font shapes import through the universal/handmade type-code path.,
font_glyph,103,Forza_Font_3,,upper,A,A,Forza Font 3 Upper A,1051877,0x100ce5,3301,0x0ce5,12,229,1050477,1901,1400,confirmed from FH6 11-font anchor dump and inferred contiguous glyph blocks,"FH6 font glyph words are reordered vs FH5 for most fonts; use FH6 shape_word/full_code from this row, not the FH5 sheet code.",Text-field font shapes import through the universal/handmade type-code path.,
font_glyph,103,Forza_Font_3,,upper,B,B,Forza Font 3 Upper B,1051878,0x100ce6,3302,0x0ce6,12,230,1050478,1902,1400,confirmed from FH6 11-font anchor dump and inferred contiguous glyph blocks,"FH6 font glyph words are reordered vs FH5 for most fonts; use FH6 shape_word/full_code from this row, not the FH5 sheet code.",Text-field font shapes import through the universal/handmade type-code path.,
font_glyph,103,Forza_Font_3,,upper,C,C,Forza Font 3 Upper C,1051879,0x100ce7,3303,0x0ce7,12,231,1050479,1903,1400,confirmed from FH6 11-font anchor dump and inferred contiguous glyph blocks,"FH6 font glyph words are reordered vs FH5 for most fonts; use FH6 shape_word/full_code from this row, not the FH5 sheet code.",Text-field font shapes import through the universal/handmade type-code path.,
font_glyph,103,Forza_Font_3,,upper,D,D,Forza Font 3 Upper D,1051880,0x100ce8,3304,0x0ce8,12,232,1050480,1904,1400,confirmed from FH6 11-font anchor dump and inferred contiguous glyph blocks,"FH6 font glyph words are reordered vs FH5 for most fonts; use FH6 shape_word/full_code from this row, not the FH5 sheet code.",Text-field font shapes import through the universal/handmade type-code path.,
font_glyph,103,Forza_Font_3,,upper,E,E,Forza Font 3 Upper E,1051881,0x100ce9,3305,0x0ce9,12,233,1050481,1905,1400,confirmed from FH6 11-font anchor dump and inferred contiguous glyph blocks,"FH6 font glyph words are reordered vs FH5 for most fonts; use FH6 shape_word/full_code from this row, not the FH5 sheet code.",Text-field font shapes import through the universal/handmade type-code path.,
font_glyph,103,Forza_Font_3,,upper,F,F,Forza Font 3 Upper F,1051882,0x100cea,3306,0x0cea,12,234,1050482,1906,1400,confirmed from FH6 11-font anchor dump and inferred contiguous glyph blocks,"FH6 font glyph words are reordered vs FH5 for most fonts; use FH6 shape_word/full_code from this row, not the FH5 sheet code.",Text-field font shapes import through the universal/handmade type-code path.,
font_glyph,103,Forza_Font_3,,upper,G,G,Forza Font 3 Upper G,1051883,0x100ceb,3307,0x0ceb,12,235,1050483,1907,1400,confirmed from FH6 11-font anchor dump and inferred contiguous glyph blocks,"FH6 font glyph words are reordered vs FH5 for most fonts; use FH6 shape_word/full_code from this row, not the FH5 sheet code.",Text-field font shapes import through the universal/handmade type-code path.,
font_glyph,103,Forza_Font_3,,upper,H,H,Forza Font 3 Upper H,1051884,0x100cec,3308,0x0cec,12,236,1050484,1908,1400,confirmed from FH6 11-font anchor dump and inferred contiguous glyph blocks,"FH6 font glyph words are reordered vs FH5 for most fonts; use FH6 shape_word/full_code from this row, not the FH5 sheet code.",Text-field font shapes import through the universal/handmade type-code path.,
font_glyph,103,Forza_Font_3,,upper,I,I,Forza Font 3 Upper I,1051885,0x100ced,3309,0x0ced,12,237,1050485,1909,1400,confirmed from FH6 11-font anchor dump and inferred contiguous glyph blocks,"FH6 font glyph words are reordered vs FH5 for most fonts; use FH6 shape_word/full_code from this row, not the FH5 sheet code.",Text-field font shapes import through the universal/handmade type-code path.,
font_glyph,103,Forza_Font_3,,upper,J,J,Forza Font 3 Upper J,1051886,0x100cee,3310,0x0cee,12,238,1050486,1910,1400,confirmed from FH6 11-font anchor dump and inferred contiguous glyph blocks,"FH6 font glyph words are reordered vs FH5 for most fonts; use FH6 shape_word/full_code from this row, not the FH5 sheet code.",Text-field font shapes import through the universal/handmade type-code path.,
font_glyph,103,Forza_Font_3,,upper,K,K,Forza Font 3 Upper K,1051887,0x100cef,3311,0x0cef,12,239,1050487,1911,1400,confirmed from FH6 11-font anchor dump and inferred contiguous glyph blocks,"FH6 font glyph words are reordered vs FH5 for most fonts; use FH6 shape_word/full_code from this row, not the FH5 sheet code.",Text-field font shapes import through the universal/handmade type-code path.,
font_glyph,103,Forza_Font_3,,upper,L,L,Forza Font 3 Upper L,1051888,0x100cf0,3312,0x0cf0,12,240,1050488,1912,1400,confirmed from FH6 11-font anchor dump and inferred contiguous glyph blocks,"FH6 font glyph words are reordered vs FH5 for most fonts; use FH6 shape_word/full_code from this row, not the FH5 sheet code.",Text-field font shapes import through the universal/handmade type-code path.,
font_glyph,103,Forza_Font_3,,upper,M,M,Forza Font 3 Upper M,1051889,0x100cf1,3313,0x0cf1,12,241,1050489,1913,1400,confirmed from FH6 11-font anchor dump and inferred contiguous glyph blocks,"FH6 font glyph words are reordered vs FH5 for most fonts; use FH6 shape_word/full_code from this row, not the FH5 sheet code.",Text-field font shapes import through the universal/handmade type-code path.,
font_glyph,103,Forza_Font_3,,upper,N,N,Forza Font 3 Upper N,1051890,0x100cf2,3314,0x0cf2,12,242,1050490,1914,1400,confirmed from FH6 11-font anchor dump and inferred contiguous glyph blocks,"FH6 font glyph words are reordered vs FH5 for most fonts; use FH6 shape_word/full_code from this row, not the FH5 sheet code.",Text-field font shapes import through the universal/handmade type-code path.,
font_glyph,103,Forza_Font_3,,upper,O,O,Forza Font 3 Upper O,1051891,0x100cf3,3315,0x0cf3,12,243,1050491,1915,1400,confirmed from FH6 11-font anchor dump and inferred contiguous glyph blocks,"FH6 font glyph words are reordered vs FH5 for most fonts; use FH6 shape_word/full_code from this row, not the FH5 sheet code.",Text-field font shapes import through the universal/handmade type-code path.,
font_glyph,103,Forza_Font_3,,upper,P,P,Forza Font 3 Upper P,1051892,0x100cf4,3316,0x0cf4,12,244,1050492,1916,1400,confirmed from FH6 11-font anchor dump and inferred contiguous glyph blocks,"FH6 font glyph words are reordered vs FH5 for most fonts; use FH6 shape_word/full_code from this row, not the FH5 sheet code.",Text-field font shapes import through the universal/handmade type-code path.,
font_glyph,103,Forza_Font_3,,upper,Q,Q,Forza Font 3 Upper Q,1051893,0x100cf5,3317,0x0cf5,12,245,1050493,1917,1400,confirmed from FH6 11-font anchor dump and inferred contiguous glyph blocks,"FH6 font glyph words are reordered vs FH5 for most fonts; use FH6 shape_word/full_code from this row, not the FH5 sheet code.",Text-field font shapes import through the universal/handmade type-code path.,
font_glyph,103,Forza_Font_3,,upper,R,R,Forza Font 3 Upper R,1051894,0x100cf6,3318,0x0cf6,12,246,1050494,1918,1400,confirmed from FH6 11-font anchor dump and inferred contiguous glyph blocks,"FH6 font glyph words are reordered vs FH5 for most fonts; use FH6 shape_word/full_code from this row, not the FH5 sheet code.",Text-field font shapes import through the universal/handmade type-code path.,
font_glyph,103,Forza_Font_3,,upper,S,S,Forza Font 3 Upper S,1051895,0x100cf7,3319,0x0cf7,12,247,1050495,1919,1400,confirmed from FH6 11-font anchor dump and inferred contiguous glyph blocks,"FH6 font glyph words are reordered vs FH5 for most fonts; use FH6 shape_word/full_code from this row, not the FH5 sheet code.",Text-field font shapes import through the universal/handmade type-code path.,
font_glyph,103,Forza_Font_3,,upper,T,T,Forza Font 3 Upper T,1051896,0x100cf8,3320,0x0cf8,12,248,1050496,1920,1400,confirmed from FH6 11-font anchor dump and inferred contiguous glyph blocks,"FH6 font glyph words are reordered vs FH5 for most fonts; use FH6 shape_word/full_code from this row, not the FH5 sheet code.",Text-field font shapes import through the universal/handmade type-code path.,
font_glyph,103,Forza_Font_3,,upper,U,U,Forza Font 3 Upper U,1051897,0x100cf9,3321,0x0cf9,12,249,1050497,1921,1400,confirmed from FH6 11-font anchor dump and inferred contiguous glyph blocks,"FH6 font glyph words are reordered vs FH5 for most fonts; use FH6 shape_word/full_code from this row, not the FH5 sheet code.",Text-field font shapes import through the universal/handmade type-code path.,
font_glyph,103,Forza_Font_3,,upper,V,V,Forza Font 3 Upper V,1051898,0x100cfa,3322,0x0cfa,12,250,1050498,1922,1400,confirmed from FH6 11-font anchor dump and inferred contiguous glyph blocks,"FH6 font glyph words are reordered vs FH5 for most fonts; use FH6 shape_word/full_code from this row, not the FH5 sheet code.",Text-field font shapes import through the universal/handmade type-code path.,
font_glyph,103,Forza_Font_3,,upper,W,W,Forza Font 3 Upper W,1051899,0x100cfb,3323,0x0cfb,12,251,1050499,1923,1400,confirmed from FH6 11-font anchor dump and inferred contiguous glyph blocks,"FH6 font glyph words are reordered vs FH5 for most fonts; use FH6 shape_word/full_code from this row, not the FH5 sheet code.",Text-field font shapes import through the universal/handmade type-code path.,
font_glyph,103,Forza_Font_3,,upper,X,X,Forza Font 3 Upper X,1051900,0x100cfc,3324,0x0cfc,12,252,1050500,1924,1400,confirmed from FH6 11-font anchor dump and inferred contiguous glyph blocks,"FH6 font glyph words are reordered vs FH5 for most fonts; use FH6 shape_word/full_code from this row, not the FH5 sheet code.",Text-field font shapes import through the universal/handmade type-code path.,
font_glyph,103,Forza_Font_3,,upper,Y,Y,Forza Font 3 Upper Y,1051901,0x100cfd,3325,0x0cfd,12,253,1050501,1925,1400,confirmed from FH6 11-font anchor dump and inferred contiguous glyph blocks,"FH6 font glyph words are reordered vs FH5 for most fonts; use FH6 shape_word/full_code from this row, not the FH5 sheet code.",Text-field font shapes import through the universal/handmade type-code path.,
font_glyph,103,Forza_Font_3,,upper,Z,Z,Forza Font 3 Upper Z,1051902,0x100cfe,3326,0x0cfe,12,254,1050502,1926,1400,confirmed from FH6 11-font anchor dump and inferred contiguous glyph blocks,"FH6 font glyph words are reordered vs FH5 for most fonts; use FH6 shape_word/full_code from this row, not the FH5 sheet code.",Text-field font shapes import through the universal/handmade type-code path.,
font_glyph,103,Forza_Font_3,,lower,a,A,Forza Font 3 Lower A,1051977,0x100d49,3401,0x0d49,13,73,1050576,2000,1401,confirmed from FH6 11-font anchor dump and inferred contiguous glyph blocks,"FH6 font glyph words are reordered vs FH5 for most fonts; use FH6 shape_word/full_code from this row, not the FH5 sheet code.",Text-field font shapes import through the universal/handmade type-code path.,
font_glyph,103,Forza_Font_3,,lower,b,B,Forza Font 3 Lower B,1051979,0x100d4b,3403,0x0d4b,13,75,1050578,2002,1401,confirmed from FH6 11-font anchor dump and inferred contiguous glyph blocks,"FH6 font glyph words are reordered vs FH5 for most fonts; use FH6 shape_word/full_code from this row, not the FH5 sheet code.",Text-field font shapes import through the universal/handmade type-code path.,
font_glyph,103,Forza_Font_3,,lower,c,C,Forza Font 3 Lower C,1051980,0x100d4c,3404,0x0d4c,13,76,1050579,2003,1401,confirmed from FH6 11-font anchor dump and inferred contiguous glyph blocks,"FH6 font glyph words are reordered vs FH5 for most fonts; use FH6 shape_word/full_code from this row, not the FH5 sheet code.",Text-field font shapes import through the universal/handmade type-code path.,
font_glyph,103,Forza_Font_3,,lower,d,D,Forza Font 3 Lower D,1051981,0x100d4d,3405,0x0d4d,13,77,1050580,2004,1401,confirmed from FH6 11-font anchor dump and inferred contiguous glyph blocks,"FH6 font glyph words are reordered vs FH5 for most fonts; use FH6 shape_word/full_code from this row, not the FH5 sheet code.",Text-field font shapes import through the universal/handmade type-code path.,
font_glyph,103,Forza_Font_3,,lower,e,E,Forza Font 3 Lower E,1051982,0x100d4e,3406,0x0d4e,13,78,1050581,2005,1401,confirmed from FH6 11-font anchor dump and inferred contiguous glyph blocks,"FH6 font glyph words are reordered vs FH5 for most fonts; use FH6 shape_word/full_code from this row, not the FH5 sheet code.",Text-field font shapes import through the universal/handmade type-code path.,
font_glyph,103,Forza_Font_3,,lower,f,F,Forza Font 3 Lower F,1051983,0x100d4f,3407,0x0d4f,13,79,1050582,2006,1401,confirmed from FH6 11-font anchor dump and inferred contiguous glyph blocks,"FH6 font glyph words are reordered vs FH5 for most fonts; use FH6 shape_word/full_code from this row, not the FH5 sheet code.",Text-field font shapes import through the universal/handmade type-code path.,
font_glyph,103,Forza_Font_3,,lower,g,G,Forza Font 3 Lower G,1051984,0x100d50,3408,0x0d50,13,80,1050583,2007,1401,confirmed from FH6 11-font anchor dump and inferred contiguous glyph blocks,"FH6 font glyph words are reordered vs FH5 for most fonts; use FH6 shape_word/full_code from this row, not the FH5 sheet code.",Text-field font shapes import through the universal/handmade type-code path.,
font_glyph,103,Forza_Font_3,,lower,h,H,Forza Font 3 Lower H,1051985,0x100d51,3409,0x0d51,13,81,1050584,2008,1401,confirmed from FH6 11-font anchor dump and inferred contiguous glyph blocks,"FH6 font glyph words are reordered vs FH5 for most fonts; use FH6 shape_word/full_code from this row, not the FH5 sheet code.",Text-field font shapes import through the universal/handmade type-code path.,
font_glyph,103,Forza_Font_3,,lower,i,I,Forza Font 3 Lower I,1051986,0x100d52,3410,0x0d52,13,82,1050585,2009,1401,confirmed from FH6 11-font anchor dump and inferred contiguous glyph blocks,"FH6 font glyph words are reordered vs FH5 for most fonts; use FH6 shape_word/full_code from this row, not the FH5 sheet code.",Text-field font shapes import through the universal/handmade type-code path.,
font_glyph,103,Forza_Font_3,,lower,j,J,Forza Font 3 Lower J,1051987,0x100d53,3411,0x0d53,13,83,1050586,2010,1401,confirmed from FH6 11-font anchor dump and inferred contiguous glyph blocks,"FH6 font glyph words are reordered vs FH5 for most fonts; use FH6 shape_word/full_code from this row, not the FH5 sheet code.",Text-field font shapes import through the universal/handmade type-code path.,
font_glyph,103,Forza_Font_3,,lower,k,K,Forza Font 3 Lower K,1051988,0x100d54,3412,0x0d54,13,84,1050587,2011,1401,confirmed from FH6 11-font anchor dump and inferred contiguous glyph blocks,"FH6 font glyph words are reordered vs FH5 for most fonts; use FH6 shape_word/full_code from this row, not the FH5 sheet code.",Text-field font shapes import through the universal/handmade type-code path.,
font_glyph,103,Forza_Font_3,,lower,l,L,Forza Font 3 Lower L,1051989,0x100d55,3413,0x0d55,13,85,1050588,2012,1401,confirmed from FH6 11-font anchor dump and inferred contiguous glyph blocks,"FH6 font glyph words are reordered vs FH5 for most fonts; use FH6 shape_word/full_code from this row, not the FH5 sheet code.",Text-field font shapes import through the universal/handmade type-code path.,
font_glyph,103,Forza_Font_3,,lower,m,M,Forza Font 3 Lower M,1051990,0x100d56,3414,0x0d56,13,86,1050589,2013,1401,confirmed from FH6 11-font anchor dump and inferred contiguous glyph blocks,"FH6 font glyph words are reordered vs FH5 for most fonts; use FH6 shape_word/full_code from this row, not the FH5 sheet code.",Text-field font shapes import through the universal/handmade type-code path.,
font_glyph,103,Forza_Font_3,,lower,n,N,Forza Font 3 Lower N,1051991,0x100d57,3415,0x0d57,13,87,1050590,2014,1401,confirmed from FH6 11-font anchor dump and inferred contiguous glyph blocks,"FH6 font glyph words are reordered vs FH5 for most fonts; use FH6 shape_word/full_code from this row, not the FH5 sheet code.",Text-field font shapes import through the universal/handmade type-code path.,
font_glyph,103,Forza_Font_3,,lower,o,O,Forza Font 3 Lower O,1051992,0x100d58,3416,0x0d58,13,88,1050591,2015,1401,confirmed from FH6 11-font anchor dump and inferred contiguous glyph blocks,"FH6 font glyph words are reordered vs FH5 for most fonts; use FH6 shape_word/full_code from this row, not the FH5 sheet code.",Text-field font shapes import through the universal/handmade type-code path.,
font_glyph,103,Forza_Font_3,,lower,p,P,Forza Font 3 Lower P,1051993,0x100d59,3417,0x0d59,13,89,1050592,2016,1401,confirmed from FH6 11-font anchor dump and inferred contiguous glyph blocks,"FH6 font glyph words are reordered vs FH5 for most fonts; use FH6 shape_word/full_code from this row, not the FH5 sheet code.",Text-field font shapes import through the universal/handmade type-code path.,
font_glyph,103,Forza_Font_3,,lower,q,Q,Forza Font 3 Lower Q,1051994,0x100d5a,3418,0x0d5a,13,90,1050593,2017,1401,confirmed from FH6 11-font anchor dump and inferred contiguous glyph blocks,"FH6 font glyph words are reordered vs FH5 for most fonts; use FH6 shape_word/full_code from this row, not the FH5 sheet code.",Text-field font shapes import through the universal/handmade type-code path.,
font_glyph,103,Forza_Font_3,,lower,r,R,Forza Font 3 Lower R,1051995,0x100d5b,3419,0x0d5b,13,91,1050594,2018,1401,confirmed from FH6 11-font anchor dump and inferred contiguous glyph blocks,"FH6 font glyph words are reordered vs FH5 for most fonts; use FH6 shape_word/full_code from this row, not the FH5 sheet code.",Text-field font shapes import through the universal/handmade type-code path.,
font_glyph,103,Forza_Font_3,,lower,s,S,Forza Font 3 Lower S,1051996,0x100d5c,3420,0x0d5c,13,92,1050595,2019,1401,confirmed from FH6 11-font anchor dump and inferred contiguous glyph blocks,"FH6 font glyph words are reordered vs FH5 for most fonts; use FH6 shape_word/full_code from this row, not the FH5 sheet code.",Text-field font shapes import through the universal/handmade type-code path.,
font_glyph,103,Forza_Font_3,,lower,t,T,Forza Font 3 Lower T,1051997,0x100d5d,3421,0x0d5d,13,93,1050596,2020,1401,confirmed from FH6 11-font anchor dump and inferred contiguous glyph blocks,"FH6 font glyph words are reordered vs FH5 for most fonts; use FH6 shape_word/full_code from this row, not the FH5 sheet code.",Text-field font shapes import through the universal/handmade type-code path.,
font_glyph,103,Forza_Font_3,,lower,u,U,Forza Font 3 Lower U,1051998,0x100d5e,3422,0x0d5e,13,94,1050597,2021,1401,confirmed from FH6 11-font anchor dump and inferred contiguous glyph blocks,"FH6 font glyph words are reordered vs FH5 for most fonts; use FH6 shape_word/full_code from this row, not the FH5 sheet code.",Text-field font shapes import through the universal/handmade type-code path.,
font_glyph,103,Forza_Font_3,,lower,v,V,Forza Font 3 Lower V,1051999,0x100d5f,3423,0x0d5f,13,95,1050598,2022,1401,confirmed from FH6 11-font anchor dump and inferred contiguous glyph blocks,"FH6 font glyph words are reordered vs FH5 for most fonts; use FH6 shape_word/full_code from this row, not the FH5 sheet code.",Text-field font shapes import through the universal/handmade type-code path.,
font_glyph,103,Forza_Font_3,,lower,w,W,Forza Font 3 Lower W,1052000,0x100d60,3424,0x0d60,13,96,1050599,2023,1401,confirmed from FH6 11-font anchor dump and inferred contiguous glyph blocks,"FH6 font glyph words are reordered vs FH5 for most fonts; use FH6 shape_word/full_code from this row, not the FH5 sheet code.",Text-field font shapes import through the universal/handmade type-code path.,
font_glyph,103,Forza_Font_3,,lower,x,X,Forza Font 3 Lower X,1052001,0x100d61,3425,0x0d61,13,97,1050600,2024,1401,confirmed from FH6 11-font anchor dump and inferred contiguous glyph blocks,"FH6 font glyph words are reordered vs FH5 for most fonts; use FH6 shape_word/full_code from this row, not the FH5 sheet code.",Text-field font shapes import through the universal/handmade type-code path.,
font_glyph,103,Forza_Font_3,,lower,y,Y,Forza Font 3 Lower Y,1052002,0x100d62,3426,0x0d62,13,98,1050601,2025,1401,confirmed from FH6 11-font anchor dump and inferred contiguous glyph blocks,"FH6 font glyph words are reordered vs FH5 for most fonts; use FH6 shape_word/full_code from this row, not the FH5 sheet code.",Text-field font shapes import through the universal/handmade type-code path.,
font_glyph,103,Forza_Font_3,,lower,z,Z,Forza Font 3 Lower Z,1052003,0x100d63,3427,0x0d63,13,99,1050602,2026,1401,confirmed from FH6 11-font anchor dump and inferred contiguous glyph blocks,"FH6 font glyph words are reordered vs FH5 for most fonts; use FH6 shape_word/full_code from this row, not the FH5 sheet code.",Text-field font shapes import through the universal/handmade type-code path.,
font_glyph,103,Forza_Font_3,,number,1,1,Forza Font 3 Number 1,1051903,0x100cff,3327,0x0cff,12,255,1050503,1927,1400,confirmed from FH6 11-font anchor dump and inferred contiguous glyph blocks,"FH6 font glyph words are reordered vs FH5 for most fonts; use FH6 shape_word/full_code from this row, not the FH5 sheet code.",Text-field font shapes import through the universal/handmade type-code path.,
font_glyph,103,Forza_Font_3,,number,2,2,Forza Font 3 Number 2,1051904,0x100d00,3328,0x0d00,13,0,1050504,1928,1400,confirmed from FH6 11-font anchor dump and inferred contiguous glyph blocks,"FH6 font glyph words are reordered vs FH5 for most fonts; use FH6 shape_word/full_code from this row, not the FH5 sheet code.",Text-field font shapes import through the universal/handmade type-code path.,
font_glyph,103,Forza_Font_3,,number,3,3,Forza Font 3 Number 3,1051905,0x100d01,3329,0x0d01,13,1,1050505,1929,1400,confirmed from FH6 11-font anchor dump and inferred contiguous glyph blocks,"FH6 font glyph words are reordered vs FH5 for most fonts; use FH6 shape_word/full_code from this row, not the FH5 sheet code.",Text-field font shapes import through the universal/handmade type-code path.,
font_glyph,103,Forza_Font_3,,number,4,4,Forza Font 3 Number 4,1051906,0x100d02,3330,0x0d02,13,2,1050506,1930,1400,confirmed from FH6 11-font anchor dump and inferred contiguous glyph blocks,"FH6 font glyph words are reordered vs FH5 for most fonts; use FH6 shape_word/full_code from this row, not the FH5 sheet code.",Text-field font shapes import through the universal/handmade type-code path.,
font_glyph,103,Forza_Font_3,,number,5,5,Forza Font 3 Number 5,1051907,0x100d03,3331,0x0d03,13,3,1050507,1931,1400,confirmed from FH6 11-font anchor dump and inferred contiguous glyph blocks,"FH6 font glyph words are reordered vs FH5 for most fonts; use FH6 shape_word/full_code from this row, not the FH5 sheet code.",Text-field font shapes import through the universal/handmade type-code path.,
font_glyph,103,Forza_Font_3,,number,6,6,Forza Font 3 Number 6,1051908,0x100d04,3332,0x0d04,13,4,1050508,1932,1400,confirmed from FH6 11-font anchor dump and inferred contiguous glyph blocks,"FH6 font glyph words are reordered vs FH5 for most fonts; use FH6 shape_word/full_code from this row, not the FH5 sheet code.",Text-field font shapes import through the universal/handmade type-code path.,
font_glyph,103,Forza_Font_3,,number,7,7,Forza Font 3 Number 7,1051909,0x100d05,3333,0x0d05,13,5,1050509,1933,1400,confirmed from FH6 11-font anchor dump and inferred contiguous glyph blocks,"FH6 font glyph words are reordered vs FH5 for most fonts; use FH6 shape_word/full_code from this row, not the FH5 sheet code.",Text-field font shapes import through the universal/handmade type-code path.,
font_glyph,103,Forza_Font_3,,number,8,8,Forza Font 3 Number 8,1051910,0x100d06,3334,0x0d06,13,6,1050510,1934,1400,confirmed from FH6 11-font anchor dump and inferred contiguous glyph blocks,"FH6 font glyph words are reordered vs FH5 for most fonts; use FH6 shape_word/full_code from this row, not the FH5 sheet code.",Text-field font shapes import through the universal/handmade type-code path.,
font_glyph,103,Forza_Font_3,,number,9,9,Forza Font 3 Number 9,1051911,0x100d07,3335,0x0d07,13,7,1050511,1935,1400,confirmed from FH6 11-font anchor dump and inferred contiguous glyph blocks,"FH6 font glyph words are reordered vs FH5 for most fonts; use FH6 shape_word/full_code from this row, not the FH5 sheet code.",Text-field font shapes import through the universal/handmade type-code path.,
font_glyph,103,Forza_Font_3,,number,10,10,Forza Font 3 Number 10,1051912,0x100d08,3336,0x0d08,13,8,1050512,1936,1400,confirmed from FH6 11-font anchor dump and inferred contiguous glyph blocks,"FH6 font glyph words are reordered vs FH5 for most fonts; use FH6 shape_word/full_code from this row, not the FH5 sheet code.",Text-field font shapes import through the universal/handmade type-code path.,
font_glyph,103,Forza_Font_3,,upper_symbol,!,!,Forza Font 3 Exclamation Mark,1051913,0x100d09,3337,0x0d09,13,9,1050513,1937,1400,confirmed from FH6 11-font anchor dump and inferred contiguous glyph blocks,"FH6 font glyph words are reordered vs FH5 for most fonts; use FH6 shape_word/full_code from this row, not the FH5 sheet code.",Text-field font shapes import through the universal/handmade type-code path.,
font_glyph,103,Forza_Font_3,,upper_symbol,?,?,Forza Font 3 Question Mark,1051914,0x100d0a,3338,0x0d0a,13,10,1050514,1938,1400,confirmed from FH6 11-font anchor dump and inferred contiguous glyph blocks,"FH6 font glyph words are reordered vs FH5 for most fonts; use FH6 shape_word/full_code from this row, not the FH5 sheet code.",Text-field font shapes import through the universal/handmade type-code path.,
font_glyph,103,Forza_Font_3,,upper_symbol,@,@,Forza Font 3 Upper At Symbol,1051915,0x100d0b,3339,0x0d0b,13,11,1050515,1939,1400,confirmed from FH6 11-font anchor dump and inferred contiguous glyph blocks,"FH6 font glyph words are reordered vs FH5 for most fonts; use FH6 shape_word/full_code from this row, not the FH5 sheet code.",Text-field font shapes import through the universal/handmade type-code path.,
font_glyph,103,Forza_Font_3,,upper_symbol,&,&,Forza Font 3 Ampersand,1051916,0x100d0c,3340,0x0d0c,13,12,1050516,1940,1400,confirmed from FH6 11-font anchor dump and inferred contiguous glyph blocks,"FH6 font glyph words are reordered vs FH5 for most fonts; use FH6 shape_word/full_code from this row, not the FH5 sheet code.",Text-field font shapes import through the universal/handmade type-code path.,
font_glyph,103,Forza_Font_3,,lower_symbol,$,$,Forza Font 3 Dollar Sign,1052003,0x100d63,3427,0x0d63,13,99,1050603,2027,1400,confirmed from FH6 11-font anchor dump and inferred contiguous glyph blocks,"FH6 font glyph words are reordered vs FH5 for most fonts; use FH6 shape_word/full_code from this row, not the FH5 sheet code.",Text-field font shapes import through the universal/handmade type-code path.,
font_glyph,103,Forza_Font_3,,lower_symbol,£,£,Forza Font 3 Pound Sign,1052004,0x100d64,3428,0x0d64,13,100,1050604,2028,1400,confirmed from FH6 11-font anchor dump and inferred contiguous glyph blocks,"FH6 font glyph words are reordered vs FH5 for most fonts; use FH6 shape_word/full_code from this row, not the FH5 sheet code.",Text-field font shapes import through the universal/handmade type-code path.,
font_glyph,103,Forza_Font_3,,lower_symbol,¥,¥,Forza Font 3 Yen Sign,1052005,0x100d65,3429,0x0d65,13,101,1050605,2029,1400,confirmed from FH6 11-font anchor dump and inferred contiguous glyph blocks,"FH6 font glyph words are reordered vs FH5 for most fonts; use FH6 shape_word/full_code from this row, not the FH5 sheet code.",Text-field font shapes import through the universal/handmade type-code path.,
font_glyph,103,Forza_Font_3,,lower_symbol,€,€,Forza Font 3 Euro Sign,1052006,0x100d66,3430,0x0d66,13,102,1050606,2030,1400,confirmed from FH6 11-font anchor dump and inferred contiguous glyph blocks,"FH6 font glyph words are reordered vs FH5 for most fonts; use FH6 shape_word/full_code from this row, not the FH5 sheet code.",Text-field font shapes import through the universal/handmade type-code path.,
font_glyph,103,Forza_Font_3,,lower_symbol,æ,æ,Forza Font 3 AE,1052007,0x100d67,3431,0x0d67,13,103,1050607,2031,1400,confirmed from FH6 11-font anchor dump and inferred contiguous glyph blocks,"FH6 font glyph words are reordered vs FH5 for most fonts; use FH6 shape_word/full_code from this row, not the FH5 sheet code.",Text-field font shapes import through the universal/handmade type-code path.,
font_glyph,103,Forza_Font_3,,lower_symbol,^,^,Forza Font 3 Caret Symbol,1052008,0x100d68,3432,0x0d68,13,104,1050608,2032,1400,confirmed from FH6 11-font anchor dump and inferred contiguous glyph blocks,"FH6 font glyph words are reordered vs FH5 for most fonts; use FH6 shape_word/full_code from this row, not the FH5 sheet code.",Text-field font shapes import through the universal/handmade type-code path.,
font_glyph,103,Forza_Font_3,,lower_symbol,ß,ß,Forza Font 3 Eszett Symbol,1052009,0x100d69,3433,0x0d69,13,105,1050609,2033,1400,confirmed from FH6 11-font anchor dump and inferred contiguous glyph blocks,"FH6 font glyph words are reordered vs FH5 for most fonts; use FH6 shape_word/full_code from this row, not the FH5 sheet code.",Text-field font shapes import through the universal/handmade type-code path.,
font_glyph,103,Forza_Font_3,,lower_symbol,@,@,Forza Font 3 Lower At Symbol,1052010,0x100d6a,3434,0x0d6a,13,106,1050610,2034,1400,confirmed from FH6 11-font anchor dump and inferred contiguous glyph blocks,"FH6 font glyph words are reordered vs FH5 for most fonts; use FH6 shape_word/full_code from this row, not the FH5 sheet code.",Text-field font shapes import through the universal/handmade type-code path.,
font_glyph,103,Forza_Font_3,,lower_symbol,#,#,Forza Font 3 Hash,1052011,0x100d6b,3435,0x0d6b,13,107,1050611,2035,1400,confirmed from FH6 11-font anchor dump and inferred contiguous glyph blocks,"FH6 font glyph words are reordered vs FH5 for most fonts; use FH6 shape_word/full_code from this row, not the FH5 sheet code.",Text-field font shapes import through the universal/handmade type-code path.,
font_glyph,103,Forza_Font_3,,lower_symbol,+,+,Forza Font 3 Plus Symbol,1052012,0x100d6c,3436,0x0d6c,13,108,1050612,2036,1400,confirmed from FH6 11-font anchor dump and inferred contiguous glyph blocks,"FH6 font glyph words are reordered vs FH5 for most fonts; use FH6 shape_word/full_code from this row, not the FH5 sheet code.",Text-field font shapes import through the universal/handmade type-code path.,
font_glyph,103,Forza_Font_3,,lower_symbol,%,%,Forza Font 3 Percent Sign,1052013,0x100d6d,3437,0x0d6d,13,109,1050613,2037,1400,confirmed from FH6 11-font anchor dump and inferred contiguous glyph blocks,"FH6 font glyph words are reordered vs FH5 for most fonts; use FH6 shape_word/full_code from this row, not the FH5 sheet code.",Text-field font shapes import through the universal/handmade type-code path.,
font_glyph,103,Forza_Font_3,,lower_symbol,:,:,Forza Font 3 Colon,1052014,0x100d6e,3438,0x0d6e,13,110,1050614,2038,1400,confirmed from FH6 11-font anchor dump and inferred contiguous glyph blocks,"FH6 font glyph words are reordered vs FH5 for most fonts; use FH6 shape_word/full_code from this row, not the FH5 sheet code.",Text-field font shapes import through the universal/handmade type-code path.,
font_glyph,103,Forza_Font_3,,lower_symbol,;,;,Forza Font 3 Semicolon,1052015,0x100d6f,3439,0x0d6f,13,111,1050615,2039,1400,confirmed from FH6 11-font anchor dump and inferred contiguous glyph blocks,"FH6 font glyph words are reordered vs FH5 for most fonts; use FH6 shape_word/full_code from this row, not the FH5 sheet code.",Text-field font shapes import through the universal/handmade type-code path.,
font_glyph,103,Forza_Font_3,,lower_symbol,/,/,Forza Font 3 Slash,1052016,0x100d70,3440,0x0d70,13,112,1050616,2040,1400,confirmed from FH6 11-font anchor dump and inferred contiguous glyph blocks,"FH6 font glyph words are reordered vs FH5 for most fonts; use FH6 shape_word/full_code from this row, not the FH5 sheet code.",Text-field font shapes import through the universal/handmade type-code path.,
font_glyph,104,Forza_Font_4,,upper,A,A,Forza Font 4 Upper A,1049877,0x100515,1301,0x0515,5,21,1050477,1901,-600,confirmed from FH6 11-font anchor dump and inferred contiguous glyph blocks,"FH6 font glyph words are reordered vs FH5 for most fonts; use FH6 shape_word/full_code from this row, not the FH5 sheet code.",Text-field font shapes import through the universal/handmade type-code path.,
font_glyph,104,Forza_Font_4,,upper,B,B,Forza Font 4 Upper B,1049878,0x100516,1302,0x0516,5,22,1050478,1902,-600,confirmed from FH6 11-font anchor dump and inferred contiguous glyph blocks,"FH6 font glyph words are reordered vs FH5 for most fonts; use FH6 shape_word/full_code from this row, not the FH5 sheet code.",Text-field font shapes import through the universal/handmade type-code path.,
font_glyph,104,Forza_Font_4,,upper,C,C,Forza Font 4 Upper C,1049879,0x100517,1303,0x0517,5,23,1050479,1903,-600,confirmed from FH6 11-font anchor dump and inferred contiguous glyph blocks,"FH6 font glyph words are reordered vs FH5 for most fonts; use FH6 shape_word/full_code from this row, not the FH5 sheet code.",Text-field font shapes import through the universal/handmade type-code path.,
font_glyph,104,Forza_Font_4,,upper,D,D,Forza Font 4 Upper D,1049880,0x100518,1304,0x0518,5,24,1050480,1904,-600,confirmed from FH6 11-font anchor dump and inferred contiguous glyph blocks,"FH6 font glyph words are reordered vs FH5 for most fonts; use FH6 shape_word/full_code from this row, not the FH5 sheet code.",Text-field font shapes import through the universal/handmade type-code path.,
font_glyph,104,Forza_Font_4,,upper,E,E,Forza Font 4 Upper E,1049881,0x100519,1305,0x0519,5,25,1050481,1905,-600,confirmed from FH6 11-font anchor dump and inferred contiguous glyph blocks,"FH6 font glyph words are reordered vs FH5 for most fonts; use FH6 shape_word/full_code from this row, not the FH5 sheet code.",Text-field font shapes import through the universal/handmade type-code path.,
font_glyph,104,Forza_Font_4,,upper,F,F,Forza Font 4 Upper F,1049882,0x10051a,1306,0x051a,5,26,1050482,1906,-600,confirmed from FH6 11-font anchor dump and inferred contiguous glyph blocks,"FH6 font glyph words are reordered vs FH5 for most fonts; use FH6 shape_word/full_code from this row, not the FH5 sheet code.",Text-field font shapes import through the universal/handmade type-code path.,
font_glyph,104,Forza_Font_4,,upper,G,G,Forza Font 4 Upper G,1049883,0x10051b,1307,0x051b,5,27,1050483,1907,-600,confirmed from FH6 11-font anchor dump and inferred contiguous glyph blocks,"FH6 font glyph words are reordered vs FH5 for most fonts; use FH6 shape_word/full_code from this row, not the FH5 sheet code.",Text-field font shapes import through the universal/handmade type-code path.,
font_glyph,104,Forza_Font_4,,upper,H,H,Forza Font 4 Upper H,1049884,0x10051c,1308,0x051c,5,28,1050484,1908,-600,confirmed from FH6 11-font anchor dump and inferred contiguous glyph blocks,"FH6 font glyph words are reordered vs FH5 for most fonts; use FH6 shape_word/full_code from this row, not the FH5 sheet code.",Text-field font shapes import through the universal/handmade type-code path.,
font_glyph,104,Forza_Font_4,,upper,I,I,Forza Font 4 Upper I,1049885,0x10051d,1309,0x051d,5,29,1050485,1909,-600,confirmed from FH6 11-font anchor dump and inferred contiguous glyph blocks,"FH6 font glyph words are reordered vs FH5 for most fonts; use FH6 shape_word/full_code from this row, not the FH5 sheet code.",Text-field font shapes import through the universal/handmade type-code path.,
font_glyph,104,Forza_Font_4,,upper,J,J,Forza Font 4 Upper J,1049886,0x10051e,1310,0x051e,5,30,1050486,1910,-600,confirmed from FH6 11-font anchor dump and inferred contiguous glyph blocks,"FH6 font glyph words are reordered vs FH5 for most fonts; use FH6 shape_word/full_code from this row, not the FH5 sheet code.",Text-field font shapes import through the universal/handmade type-code path.,
font_glyph,104,Forza_Font_4,,upper,K,K,Forza Font 4 Upper K,1049887,0x10051f,1311,0x051f,5,31,1050487,1911,-600,confirmed from FH6 11-font anchor dump and inferred contiguous glyph blocks,"FH6 font glyph words are reordered vs FH5 for most fonts; use FH6 shape_word/full_code from this row, not the FH5 sheet code.",Text-field font shapes import through the universal/handmade type-code path.,
font_glyph,104,Forza_Font_4,,upper,L,L,Forza Font 4 Upper L,1049888,0x100520,1312,0x0520,5,32,1050488,1912,-600,confirmed from FH6 11-font anchor dump and inferred contiguous glyph blocks,"FH6 font glyph words are reordered vs FH5 for most fonts; use FH6 shape_word/full_code from this row, not the FH5 sheet code.",Text-field font shapes import through the universal/handmade type-code path.,
font_glyph,104,Forza_Font_4,,upper,M,M,Forza Font 4 Upper M,1049889,0x100521,1313,0x0521,5,33,1050489,1913,-600,confirmed from FH6 11-font anchor dump and inferred contiguous glyph blocks,"FH6 font glyph words are reordered vs FH5 for most fonts; use FH6 shape_word/full_code from this row, not the FH5 sheet code.",Text-field font shapes import through the universal/handmade type-code path.,
font_glyph,104,Forza_Font_4,,upper,N,N,Forza Font 4 Upper N,1049890,0x100522,1314,0x0522,5,34,1050490,1914,-600,confirmed from FH6 11-font anchor dump and inferred contiguous glyph blocks,"FH6 font glyph words are reordered vs FH5 for most fonts; use FH6 shape_word/full_code from this row, not the FH5 sheet code.",Text-field font shapes import through the universal/handmade type-code path.,
font_glyph,104,Forza_Font_4,,upper,O,O,Forza Font 4 Upper O,1049891,0x100523,1315,0x0523,5,35,1050491,1915,-600,confirmed from FH6 11-font anchor dump and inferred contiguous glyph blocks,"FH6 font glyph words are reordered vs FH5 for most fonts; use FH6 shape_word/full_code from this row, not the FH5 sheet code.",Text-field font shapes import through the universal/handmade type-code path.,
font_glyph,104,Forza_Font_4,,upper,P,P,Forza Font 4 Upper P,1049892,0x100524,1316,0x0524,5,36,1050492,1916,-600,confirmed from FH6 11-font anchor dump and inferred contiguous glyph blocks,"FH6 font glyph words are reordered vs FH5 for most fonts; use FH6 shape_word/full_code from this row, not the FH5 sheet code.",Text-field font shapes import through the universal/handmade type-code path.,
font_glyph,104,Forza_Font_4,,upper,Q,Q,Forza Font 4 Upper Q,1049893,0x100525,1317,0x0525,5,37,1050493,1917,-600,confirmed from FH6 11-font anchor dump and inferred contiguous glyph blocks,"FH6 font glyph words are reordered vs FH5 for most fonts; use FH6 shape_word/full_code from this row, not the FH5 sheet code.",Text-field font shapes import through the universal/handmade type-code path.,
font_glyph,104,Forza_Font_4,,upper,R,R,Forza Font 4 Upper R,1049894,0x100526,1318,0x0526,5,38,1050494,1918,-600,confirmed from FH6 11-font anchor dump and inferred contiguous glyph blocks,"FH6 font glyph words are reordered vs FH5 for most fonts; use FH6 shape_word/full_code from this row, not the FH5 sheet code.",Text-field font shapes import through the universal/handmade type-code path.,
font_glyph,104,Forza_Font_4,,upper,S,S,Forza Font 4 Upper S,1049895,0x100527,1319,0x0527,5,39,1050495,1919,-600,confirmed from FH6 11-font anchor dump and inferred contiguous glyph blocks,"FH6 font glyph words are reordered vs FH5 for most fonts; use FH6 shape_word/full_code from this row, not the FH5 sheet code.",Text-field font shapes import through the universal/handmade type-code path.,
font_glyph,104,Forza_Font_4,,upper,T,T,Forza Font 4 Upper T,1049896,0x100528,1320,0x0528,5,40,1050496,1920,-600,confirmed from FH6 11-font anchor dump and inferred contiguous glyph blocks,"FH6 font glyph words are reordered vs FH5 for most fonts; use FH6 shape_word/full_code from this row, not the FH5 sheet code.",Text-field font shapes import through the universal/handmade type-code path.,
font_glyph,104,Forza_Font_4,,upper,U,U,Forza Font 4 Upper U,1049897,0x100529,1321,0x0529,5,41,1050497,1921,-600,confirmed from FH6 11-font anchor dump and inferred contiguous glyph blocks,"FH6 font glyph words are reordered vs FH5 for most fonts; use FH6 shape_word/full_code from this row, not the FH5 sheet code.",Text-field font shapes import through the universal/handmade type-code path.,
font_glyph,104,Forza_Font_4,,upper,V,V,Forza Font 4 Upper V,1049898,0x10052a,1322,0x052a,5,42,1050498,1922,-600,confirmed from FH6 11-font anchor dump and inferred contiguous glyph blocks,"FH6 font glyph words are reordered vs FH5 for most fonts; use FH6 shape_word/full_code from this row, not the FH5 sheet code.",Text-field font shapes import through the universal/handmade type-code path.,
font_glyph,104,Forza_Font_4,,upper,W,W,Forza Font 4 Upper W,1049899,0x10052b,1323,0x052b,5,43,1050499,1923,-600,confirmed from FH6 11-font anchor dump and inferred contiguous glyph blocks,"FH6 font glyph words are reordered vs FH5 for most fonts; use FH6 shape_word/full_code from this row, not the FH5 sheet code.",Text-field font shapes import through the universal/handmade type-code path.,
font_glyph,104,Forza_Font_4,,upper,X,X,Forza Font 4 Upper X,1049900,0x10052c,1324,0x052c,5,44,1050500,1924,-600,confirmed from FH6 11-font anchor dump and inferred contiguous glyph blocks,"FH6 font glyph words are reordered vs FH5 for most fonts; use FH6 shape_word/full_code from this row, not the FH5 sheet code.",Text-field font shapes import through the universal/handmade type-code path.,
font_glyph,104,Forza_Font_4,,upper,Y,Y,Forza Font 4 Upper Y,1049901,0x10052d,1325,0x052d,5,45,1050501,1925,-600,confirmed from FH6 11-font anchor dump and inferred contiguous glyph blocks,"FH6 font glyph words are reordered vs FH5 for most fonts; use FH6 shape_word/full_code from this row, not the FH5 sheet code.",Text-field font shapes import through the universal/handmade type-code path.,
font_glyph,104,Forza_Font_4,,upper,Z,Z,Forza Font 4 Upper Z,1049902,0x10052e,1326,0x052e,5,46,1050502,1926,-600,confirmed from FH6 11-font anchor dump and inferred contiguous glyph blocks,"FH6 font glyph words are reordered vs FH5 for most fonts; use FH6 shape_word/full_code from this row, not the FH5 sheet code.",Text-field font shapes import through the universal/handmade type-code path.,
font_glyph,104,Forza_Font_4,,lower,a,A,Forza Font 4 Lower A,1049977,0x100579,1401,0x0579,5,121,1050576,2000,-599,confirmed from FH6 11-font anchor dump and inferred contiguous glyph blocks,"FH6 font glyph words are reordered vs FH5 for most fonts; use FH6 shape_word/full_code from this row, not the FH5 sheet code.",Text-field font shapes import through the universal/handmade type-code path.,
font_glyph,104,Forza_Font_4,,lower,b,B,Forza Font 4 Lower B,1049979,0x10057b,1403,0x057b,5,123,1050578,2002,-599,confirmed from FH6 11-font anchor dump and inferred contiguous glyph blocks,"FH6 font glyph words are reordered vs FH5 for most fonts; use FH6 shape_word/full_code from this row, not the FH5 sheet code.",Text-field font shapes import through the universal/handmade type-code path.,
font_glyph,104,Forza_Font_4,,lower,c,C,Forza Font 4 Lower C,1049980,0x10057c,1404,0x057c,5,124,1050579,2003,-599,confirmed from FH6 11-font anchor dump and inferred contiguous glyph blocks,"FH6 font glyph words are reordered vs FH5 for most fonts; use FH6 shape_word/full_code from this row, not the FH5 sheet code.",Text-field font shapes import through the universal/handmade type-code path.,
font_glyph,104,Forza_Font_4,,lower,d,D,Forza Font 4 Lower D,1049981,0x10057d,1405,0x057d,5,125,1050580,2004,-599,confirmed from FH6 11-font anchor dump and inferred contiguous glyph blocks,"FH6 font glyph words are reordered vs FH5 for most fonts; use FH6 shape_word/full_code from this row, not the FH5 sheet code.",Text-field font shapes import through the universal/handmade type-code path.,
font_glyph,104,Forza_Font_4,,lower,e,E,Forza Font 4 Lower E,1049982,0x10057e,1406,0x057e,5,126,1050581,2005,-599,confirmed from FH6 11-font anchor dump and inferred contiguous glyph blocks,"FH6 font glyph words are reordered vs FH5 for most fonts; use FH6 shape_word/full_code from this row, not the FH5 sheet code.",Text-field font shapes import through the universal/handmade type-code path.,
font_glyph,104,Forza_Font_4,,lower,f,F,Forza Font 4 Lower F,1049983,0x10057f,1407,0x057f,5,127,1050582,2006,-599,confirmed from FH6 11-font anchor dump and inferred contiguous glyph blocks,"FH6 font glyph words are reordered vs FH5 for most fonts; use FH6 shape_word/full_code from this row, not the FH5 sheet code.",Text-field font shapes import through the universal/handmade type-code path.,
font_glyph,104,Forza_Font_4,,lower,g,G,Forza Font 4 Lower G,1049984,0x100580,1408,0x0580,5,128,1050583,2007,-599,confirmed from FH6 11-font anchor dump and inferred contiguous glyph blocks,"FH6 font glyph words are reordered vs FH5 for most fonts; use FH6 shape_word/full_code from this row, not the FH5 sheet code.",Text-field font shapes import through the universal/handmade type-code path.,
font_glyph,104,Forza_Font_4,,lower,h,H,Forza Font 4 Lower H,1049985,0x100581,1409,0x0581,5,129,1050584,2008,-599,confirmed from FH6 11-font anchor dump and inferred contiguous glyph blocks,"FH6 font glyph words are reordered vs FH5 for most fonts; use FH6 shape_word/full_code from this row, not the FH5 sheet code.",Text-field font shapes import through the universal/handmade type-code path.,
font_glyph,104,Forza_Font_4,,lower,i,I,Forza Font 4 Lower I,1049986,0x100582,1410,0x0582,5,130,1050585,2009,-599,confirmed from FH6 11-font anchor dump and inferred contiguous glyph blocks,"FH6 font glyph words are reordered vs FH5 for most fonts; use FH6 shape_word/full_code from this row, not the FH5 sheet code.",Text-field font shapes import through the universal/handmade type-code path.,
font_glyph,104,Forza_Font_4,,lower,j,J,Forza Font 4 Lower J,1049987,0x100583,1411,0x0583,5,131,1050586,2010,-599,confirmed from FH6 11-font anchor dump and inferred contiguous glyph blocks,"FH6 font glyph words are reordered vs FH5 for most fonts; use FH6 shape_word/full_code from this row, not the FH5 sheet code.",Text-field font shapes import through the universal/handmade type-code path.,
font_glyph,104,Forza_Font_4,,lower,k,K,Forza Font 4 Lower K,1049988,0x100584,1412,0x0584,5,132,1050587,2011,-599,confirmed from FH6 11-font anchor dump and inferred contiguous glyph blocks,"FH6 font glyph words are reordered vs FH5 for most fonts; use FH6 shape_word/full_code from this row, not the FH5 sheet code.",Text-field font shapes import through the universal/handmade type-code path.,
font_glyph,104,Forza_Font_4,,lower,l,L,Forza Font 4 Lower L,1049989,0x100585,1413,0x0585,5,133,1050588,2012,-599,confirmed from FH6 11-font anchor dump and inferred contiguous glyph blocks,"FH6 font glyph words are reordered vs FH5 for most fonts; use FH6 shape_word/full_code from this row, not the FH5 sheet code.",Text-field font shapes import through the universal/handmade type-code path.,
font_glyph,104,Forza_Font_4,,lower,m,M,Forza Font 4 Lower M,1049990,0x100586,1414,0x0586,5,134,1050589,2013,-599,confirmed from FH6 11-font anchor dump and inferred contiguous glyph blocks,"FH6 font glyph words are reordered vs FH5 for most fonts; use FH6 shape_word/full_code from this row, not the FH5 sheet code.",Text-field font shapes import through the universal/handmade type-code path.,
font_glyph,104,Forza_Font_4,,lower,n,N,Forza Font 4 Lower N,1049991,0x100587,1415,0x0587,5,135,1050590,2014,-599,confirmed from FH6 11-font anchor dump and inferred contiguous glyph blocks,"FH6 font glyph words are reordered vs FH5 for most fonts; use FH6 shape_word/full_code from this row, not the FH5 sheet code.",Text-field font shapes import through the universal/handmade type-code path.,
font_glyph,104,Forza_Font_4,,lower,o,O,Forza Font 4 Lower O,1049992,0x100588,1416,0x0588,5,136,1050591,2015,-599,confirmed from FH6 11-font anchor dump and inferred contiguous glyph blocks,"FH6 font glyph words are reordered vs FH5 for most fonts; use FH6 shape_word/full_code from this row, not the FH5 sheet code.",Text-field font shapes import through the universal/handmade type-code path.,
font_glyph,104,Forza_Font_4,,lower,p,P,Forza Font 4 Lower P,1049993,0x100589,1417,0x0589,5,137,1050592,2016,-599,confirmed from FH6 11-font anchor dump and inferred contiguous glyph blocks,"FH6 font glyph words are reordered vs FH5 for most fonts; use FH6 shape_word/full_code from this row, not the FH5 sheet code.",Text-field font shapes import through the universal/handmade type-code path.,
font_glyph,104,Forza_Font_4,,lower,q,Q,Forza Font 4 Lower Q,1049994,0x10058a,1418,0x058a,5,138,1050593,2017,-599,confirmed from FH6 11-font anchor dump and inferred contiguous glyph blocks,"FH6 font glyph words are reordered vs FH5 for most fonts; use FH6 shape_word/full_code from this row, not the FH5 sheet code.",Text-field font shapes import through the universal/handmade type-code path.,
font_glyph,104,Forza_Font_4,,lower,r,R,Forza Font 4 Lower R,1049995,0x10058b,1419,0x058b,5,139,1050594,2018,-599,confirmed from FH6 11-font anchor dump and inferred contiguous glyph blocks,"FH6 font glyph words are reordered vs FH5 for most fonts; use FH6 shape_word/full_code from this row, not the FH5 sheet code.",Text-field font shapes import through the universal/handmade type-code path.,
font_glyph,104,Forza_Font_4,,lower,s,S,Forza Font 4 Lower S,1049996,0x10058c,1420,0x058c,5,140,1050595,2019,-599,confirmed from FH6 11-font anchor dump and inferred contiguous glyph blocks,"FH6 font glyph words are reordered vs FH5 for most fonts; use FH6 shape_word/full_code from this row, not the FH5 sheet code.",Text-field font shapes import through the universal/handmade type-code path.,
font_glyph,104,Forza_Font_4,,lower,t,T,Forza Font 4 Lower T,1049997,0x10058d,1421,0x058d,5,141,1050596,2020,-599,confirmed from FH6 11-font anchor dump and inferred contiguous glyph blocks,"FH6 font glyph words are reordered vs FH5 for most fonts; use FH6 shape_word/full_code from this row, not the FH5 sheet code.",Text-field font shapes import through the universal/handmade type-code path.,
font_glyph,104,Forza_Font_4,,lower,u,U,Forza Font 4 Lower U,1049998,0x10058e,1422,0x058e,5,142,1050597,2021,-599,confirmed from FH6 11-font anchor dump and inferred contiguous glyph blocks,"FH6 font glyph words are reordered vs FH5 for most fonts; use FH6 shape_word/full_code from this row, not the FH5 sheet code.",Text-field font shapes import through the universal/handmade type-code path.,
font_glyph,104,Forza_Font_4,,lower,v,V,Forza Font 4 Lower V,1049999,0x10058f,1423,0x058f,5,143,1050598,2022,-599,confirmed from FH6 11-font anchor dump and inferred contiguous glyph blocks,"FH6 font glyph words are reordered vs FH5 for most fonts; use FH6 shape_word/full_code from this row, not the FH5 sheet code.",Text-field font shapes import through the universal/handmade type-code path.,
font_glyph,104,Forza_Font_4,,lower,w,W,Forza Font 4 Lower W,1050000,0x100590,1424,0x0590,5,144,1050599,2023,-599,confirmed from FH6 11-font anchor dump and inferred contiguous glyph blocks,"FH6 font glyph words are reordered vs FH5 for most fonts; use FH6 shape_word/full_code from this row, not the FH5 sheet code.",Text-field font shapes import through the universal/handmade type-code path.,
font_glyph,104,Forza_Font_4,,lower,x,X,Forza Font 4 Lower X,1050001,0x100591,1425,0x0591,5,145,1050600,2024,-599,confirmed from FH6 11-font anchor dump and inferred contiguous glyph blocks,"FH6 font glyph words are reordered vs FH5 for most fonts; use FH6 shape_word/full_code from this row, not the FH5 sheet code.",Text-field font shapes import through the universal/handmade type-code path.,
font_glyph,104,Forza_Font_4,,lower,y,Y,Forza Font 4 Lower Y,1050002,0x100592,1426,0x0592,5,146,1050601,2025,-599,confirmed from FH6 11-font anchor dump and inferred contiguous glyph blocks,"FH6 font glyph words are reordered vs FH5 for most fonts; use FH6 shape_word/full_code from this row, not the FH5 sheet code.",Text-field font shapes import through the universal/handmade type-code path.,
font_glyph,104,Forza_Font_4,,lower,z,Z,Forza Font 4 Lower Z,1050003,0x100593,1427,0x0593,5,147,1050602,2026,-599,confirmed from FH6 11-font anchor dump and inferred contiguous glyph blocks,"FH6 font glyph words are reordered vs FH5 for most fonts; use FH6 shape_word/full_code from this row, not the FH5 sheet code.",Text-field font shapes import through the universal/handmade type-code path.,
font_glyph,104,Forza_Font_4,,number,1,1,Forza Font 4 Number 1,1049903,0x10052f,1327,0x052f,5,47,1050503,1927,-600,confirmed from FH6 11-font anchor dump and inferred contiguous glyph blocks,"FH6 font glyph words are reordered vs FH5 for most fonts; use FH6 shape_word/full_code from this row, not the FH5 sheet code.",Text-field font shapes import through the universal/handmade type-code path.,
font_glyph,104,Forza_Font_4,,number,2,2,Forza Font 4 Number 2,1049904,0x100530,1328,0x0530,5,48,1050504,1928,-600,confirmed from FH6 11-font anchor dump and inferred contiguous glyph blocks,"FH6 font glyph words are reordered vs FH5 for most fonts; use FH6 shape_word/full_code from this row, not the FH5 sheet code.",Text-field font shapes import through the universal/handmade type-code path.,
font_glyph,104,Forza_Font_4,,number,3,3,Forza Font 4 Number 3,1049905,0x100531,1329,0x0531,5,49,1050505,1929,-600,confirmed from FH6 11-font anchor dump and inferred contiguous glyph blocks,"FH6 font glyph words are reordered vs FH5 for most fonts; use FH6 shape_word/full_code from this row, not the FH5 sheet code.",Text-field font shapes import through the universal/handmade type-code path.,
font_glyph,104,Forza_Font_4,,number,4,4,Forza Font 4 Number 4,1049906,0x100532,1330,0x0532,5,50,1050506,1930,-600,confirmed from FH6 11-font anchor dump and inferred contiguous glyph blocks,"FH6 font glyph words are reordered vs FH5 for most fonts; use FH6 shape_word/full_code from this row, not the FH5 sheet code.",Text-field font shapes import through the universal/handmade type-code path.,
font_glyph,104,Forza_Font_4,,number,5,5,Forza Font 4 Number 5,1049907,0x100533,1331,0x0533,5,51,1050507,1931,-600,confirmed from FH6 11-font anchor dump and inferred contiguous glyph blocks,"FH6 font glyph words are reordered vs FH5 for most fonts; use FH6 shape_word/full_code from this row, not the FH5 sheet code.",Text-field font shapes import through the universal/handmade type-code path.,
font_glyph,104,Forza_Font_4,,number,6,6,Forza Font 4 Number 6,1049908,0x100534,1332,0x0534,5,52,1050508,1932,-600,confirmed from FH6 11-font anchor dump and inferred contiguous glyph blocks,"FH6 font glyph words are reordered vs FH5 for most fonts; use FH6 shape_word/full_code from this row, not the FH5 sheet code.",Text-field font shapes import through the universal/handmade type-code path.,
font_glyph,104,Forza_Font_4,,number,7,7,Forza Font 4 Number 7,1049909,0x100535,1333,0x0535,5,53,1050509,1933,-600,confirmed from FH6 11-font anchor dump and inferred contiguous glyph blocks,"FH6 font glyph words are reordered vs FH5 for most fonts; use FH6 shape_word/full_code from this row, not the FH5 sheet code.",Text-field font shapes import through the universal/handmade type-code path.,
font_glyph,104,Forza_Font_4,,number,8,8,Forza Font 4 Number 8,1049910,0x100536,1334,0x0536,5,54,1050510,1934,-600,confirmed from FH6 11-font anchor dump and inferred contiguous glyph blocks,"FH6 font glyph words are reordered vs FH5 for most fonts; use FH6 shape_word/full_code from this row, not the FH5 sheet code.",Text-field font shapes import through the universal/handmade type-code path.,
font_glyph,104,Forza_Font_4,,number,9,9,Forza Font 4 Number 9,1049911,0x100537,1335,0x0537,5,55,1050511,1935,-600,confirmed from FH6 11-font anchor dump and inferred contiguous glyph blocks,"FH6 font glyph words are reordered vs FH5 for most fonts; use FH6 shape_word/full_code from this row, not the FH5 sheet code.",Text-field font shapes import through the universal/handmade type-code path.,
font_glyph,104,Forza_Font_4,,number,10,10,Forza Font 4 Number 10,1049912,0x100538,1336,0x0538,5,56,1050512,1936,-600,confirmed from FH6 11-font anchor dump and inferred contiguous glyph blocks,"FH6 font glyph words are reordered vs FH5 for most fonts; use FH6 shape_word/full_code from this row, not the FH5 sheet code.",Text-field font shapes import through the universal/handmade type-code path.,
font_glyph,104,Forza_Font_4,,upper_symbol,!,!,Forza Font 4 Exclamation Mark,1049913,0x100539,1337,0x0539,5,57,1050513,1937,-600,confirmed from FH6 11-font anchor dump and inferred contiguous glyph blocks,"FH6 font glyph words are reordered vs FH5 for most fonts; use FH6 shape_word/full_code from this row, not the FH5 sheet code.",Text-field font shapes import through the universal/handmade type-code path.,
font_glyph,104,Forza_Font_4,,upper_symbol,?,?,Forza Font 4 Question Mark,1049914,0x10053a,1338,0x053a,5,58,1050514,1938,-600,confirmed from FH6 11-font anchor dump and inferred contiguous glyph blocks,"FH6 font glyph words are reordered vs FH5 for most fonts; use FH6 shape_word/full_code from this row, not the FH5 sheet code.",Text-field font shapes import through the universal/handmade type-code path.,
font_glyph,104,Forza_Font_4,,upper_symbol,@,@,Forza Font 4 Upper At Symbol,1049915,0x10053b,1339,0x053b,5,59,1050515,1939,-600,confirmed from FH6 11-font anchor dump and inferred contiguous glyph blocks,"FH6 font glyph words are reordered vs FH5 for most fonts; use FH6 shape_word/full_code from this row, not the FH5 sheet code.",Text-field font shapes import through the universal/handmade type-code path.,
font_glyph,104,Forza_Font_4,,upper_symbol,&,&,Forza Font 4 Ampersand,1049916,0x10053c,1340,0x053c,5,60,1050516,1940,-600,confirmed from FH6 11-font anchor dump and inferred contiguous glyph blocks,"FH6 font glyph words are reordered vs FH5 for most fonts; use FH6 shape_word/full_code from this row, not the FH5 sheet code.",Text-field font shapes import through the universal/handmade type-code path.,
font_glyph,104,Forza_Font_4,,lower_symbol,$,$,Forza Font 4 Dollar Sign,1050003,0x100593,1427,0x0593,5,147,1050603,2027,-600,confirmed from FH6 11-font anchor dump and inferred contiguous glyph blocks,"FH6 font glyph words are reordered vs FH5 for most fonts; use FH6 shape_word/full_code from this row, not the FH5 sheet code.",Text-field font shapes import through the universal/handmade type-code path.,
font_glyph,104,Forza_Font_4,,lower_symbol,£,£,Forza Font 4 Pound Sign,1050004,0x100594,1428,0x0594,5,148,1050604,2028,-600,confirmed from FH6 11-font anchor dump and inferred contiguous glyph blocks,"FH6 font glyph words are reordered vs FH5 for most fonts; use FH6 shape_word/full_code from this row, not the FH5 sheet code.",Text-field font shapes import through the universal/handmade type-code path.,
font_glyph,104,Forza_Font_4,,lower_symbol,¥,¥,Forza Font 4 Yen Sign,1050005,0x100595,1429,0x0595,5,149,1050605,2029,-600,confirmed from FH6 11-font anchor dump and inferred contiguous glyph blocks,"FH6 font glyph words are reordered vs FH5 for most fonts; use FH6 shape_word/full_code from this row, not the FH5 sheet code.",Text-field font shapes import through the universal/handmade type-code path.,
font_glyph,104,Forza_Font_4,,lower_symbol,€,€,Forza Font 4 Euro Sign,1050006,0x100596,1430,0x0596,5,150,1050606,2030,-600,confirmed from FH6 11-font anchor dump and inferred contiguous glyph blocks,"FH6 font glyph words are reordered vs FH5 for most fonts; use FH6 shape_word/full_code from this row, not the FH5 sheet code.",Text-field font shapes import through the universal/handmade type-code path.,
font_glyph,104,Forza_Font_4,,lower_symbol,æ,æ,Forza Font 4 AE,1050007,0x100597,1431,0x0597,5,151,1050607,2031,-600,confirmed from FH6 11-font anchor dump and inferred contiguous glyph blocks,"FH6 font glyph words are reordered vs FH5 for most fonts; use FH6 shape_word/full_code from this row, not the FH5 sheet code.",Text-field font shapes import through the universal/handmade type-code path.,
font_glyph,104,Forza_Font_4,,lower_symbol,^,^,Forza Font 4 Caret Symbol,1050008,0x100598,1432,0x0598,5,152,1050608,2032,-600,confirmed from FH6 11-font anchor dump and inferred contiguous glyph blocks,"FH6 font glyph words are reordered vs FH5 for most fonts; use FH6 shape_word/full_code from this row, not the FH5 sheet code.",Text-field font shapes import through the universal/handmade type-code path.,
font_glyph,104,Forza_Font_4,,lower_symbol,ß,ß,Forza Font 4 Eszett Symbol,1050009,0x100599,1433,0x0599,5,153,1050609,2033,-600,confirmed from FH6 11-font anchor dump and inferred contiguous glyph blocks,"FH6 font glyph words are reordered vs FH5 for most fonts; use FH6 shape_word/full_code from this row, not the FH5 sheet code.",Text-field font shapes import through the universal/handmade type-code path.,
font_glyph,104,Forza_Font_4,,lower_symbol,@,@,Forza Font 4 Lower At Symbol,1050010,0x10059a,1434,0x059a,5,154,1050610,2034,-600,confirmed from FH6 11-font anchor dump and inferred contiguous glyph blocks,"FH6 font glyph words are reordered vs FH5 for most fonts; use FH6 shape_word/full_code from this row, not the FH5 sheet code.",Text-field font shapes import through the universal/handmade type-code path.,
font_glyph,104,Forza_Font_4,,lower_symbol,#,#,Forza Font 4 Hash,1050011,0x10059b,1435,0x059b,5,155,1050611,2035,-600,confirmed from FH6 11-font anchor dump and inferred contiguous glyph blocks,"FH6 font glyph words are reordered vs FH5 for most fonts; use FH6 shape_word/full_code from this row, not the FH5 sheet code.",Text-field font shapes import through the universal/handmade type-code path.,
font_glyph,104,Forza_Font_4,,lower_symbol,+,+,Forza Font 4 Plus Symbol,1050012,0x10059c,1436,0x059c,5,156,1050612,2036,-600,confirmed from FH6 11-font anchor dump and inferred contiguous glyph blocks,"FH6 font glyph words are reordered vs FH5 for most fonts; use FH6 shape_word/full_code from this row, not the FH5 sheet code.",Text-field font shapes import through the universal/handmade type-code path.,
font_glyph,104,Forza_Font_4,,lower_symbol,%,%,Forza Font 4 Percent Sign,1050013,0x10059d,1437,0x059d,5,157,1050613,2037,-600,confirmed from FH6 11-font anchor dump and inferred contiguous glyph blocks,"FH6 font glyph words are reordered vs FH5 for most fonts; use FH6 shape_word/full_code from this row, not the FH5 sheet code.",Text-field font shapes import through the universal/handmade type-code path.,
font_glyph,104,Forza_Font_4,,lower_symbol,:,:,Forza Font 4 Colon,1050014,0x10059e,1438,0x059e,5,158,1050614,2038,-600,confirmed from FH6 11-font anchor dump and inferred contiguous glyph blocks,"FH6 font glyph words are reordered vs FH5 for most fonts; use FH6 shape_word/full_code from this row, not the FH5 sheet code.",Text-field font shapes import through the universal/handmade type-code path.,
font_glyph,104,Forza_Font_4,,lower_symbol,;,;,Forza Font 4 Semicolon,1050015,0x10059f,1439,0x059f,5,159,1050615,2039,-600,confirmed from FH6 11-font anchor dump and inferred contiguous glyph blocks,"FH6 font glyph words are reordered vs FH5 for most fonts; use FH6 shape_word/full_code from this row, not the FH5 sheet code.",Text-field font shapes import through the universal/handmade type-code path.,
font_glyph,104,Forza_Font_4,,lower_symbol,/,/,Forza Font 4 Slash,1050016,0x1005a0,1440,0x05a0,5,160,1050616,2040,-600,confirmed from FH6 11-font anchor dump and inferred contiguous glyph blocks,"FH6 font glyph words are reordered vs FH5 for most fonts; use FH6 shape_word/full_code from this row, not the FH5 sheet code.",Text-field font shapes import through the universal/handmade type-code path.,
font_glyph,105,Forza_Font_5,,upper,A,A,Forza Font 5 Upper A,1051277,0x100a8d,2701,0x0a8d,10,141,1050477,1901,800,confirmed from FH6 11-font anchor dump and inferred contiguous glyph blocks,"FH6 font glyph words are reordered vs FH5 for most fonts; use FH6 shape_word/full_code from this row, not the FH5 sheet code.",Text-field font shapes import through the universal/handmade type-code path.,
font_glyph,105,Forza_Font_5,,upper,B,B,Forza Font 5 Upper B,1051278,0x100a8e,2702,0x0a8e,10,142,1050478,1902,800,confirmed from FH6 11-font anchor dump and inferred contiguous glyph blocks,"FH6 font glyph words are reordered vs FH5 for most fonts; use FH6 shape_word/full_code from this row, not the FH5 sheet code.",Text-field font shapes import through the universal/handmade type-code path.,
font_glyph,105,Forza_Font_5,,upper,C,C,Forza Font 5 Upper C,1051279,0x100a8f,2703,0x0a8f,10,143,1050479,1903,800,confirmed from FH6 11-font anchor dump and inferred contiguous glyph blocks,"FH6 font glyph words are reordered vs FH5 for most fonts; use FH6 shape_word/full_code from this row, not the FH5 sheet code.",Text-field font shapes import through the universal/handmade type-code path.,
font_glyph,105,Forza_Font_5,,upper,D,D,Forza Font 5 Upper D,1051280,0x100a90,2704,0x0a90,10,144,1050480,1904,800,confirmed from FH6 11-font anchor dump and inferred contiguous glyph blocks,"FH6 font glyph words are reordered vs FH5 for most fonts; use FH6 shape_word/full_code from this row, not the FH5 sheet code.",Text-field font shapes import through the universal/handmade type-code path.,
font_glyph,105,Forza_Font_5,,upper,E,E,Forza Font 5 Upper E,1051281,0x100a91,2705,0x0a91,10,145,1050481,1905,800,confirmed from FH6 11-font anchor dump and inferred contiguous glyph blocks,"FH6 font glyph words are reordered vs FH5 for most fonts; use FH6 shape_word/full_code from this row, not the FH5 sheet code.",Text-field font shapes import through the universal/handmade type-code path.,
font_glyph,105,Forza_Font_5,,upper,F,F,Forza Font 5 Upper F,1051282,0x100a92,2706,0x0a92,10,146,1050482,1906,800,confirmed from FH6 11-font anchor dump and inferred contiguous glyph blocks,"FH6 font glyph words are reordered vs FH5 for most fonts; use FH6 shape_word/full_code from this row, not the FH5 sheet code.",Text-field font shapes import through the universal/handmade type-code path.,
font_glyph,105,Forza_Font_5,,upper,G,G,Forza Font 5 Upper G,1051283,0x100a93,2707,0x0a93,10,147,1050483,1907,800,confirmed from FH6 11-font anchor dump and inferred contiguous glyph blocks,"FH6 font glyph words are reordered vs FH5 for most fonts; use FH6 shape_word/full_code from this row, not the FH5 sheet code.",Text-field font shapes import through the universal/handmade type-code path.,
font_glyph,105,Forza_Font_5,,upper,H,H,Forza Font 5 Upper H,1051284,0x100a94,2708,0x0a94,10,148,1050484,1908,800,confirmed from FH6 11-font anchor dump and inferred contiguous glyph blocks,"FH6 font glyph words are reordered vs FH5 for most fonts; use FH6 shape_word/full_code from this row, not the FH5 sheet code.",Text-field font shapes import through the universal/handmade type-code path.,
font_glyph,105,Forza_Font_5,,upper,I,I,Forza Font 5 Upper I,1051285,0x100a95,2709,0x0a95,10,149,1050485,1909,800,confirmed from FH6 11-font anchor dump and inferred contiguous glyph blocks,"FH6 font glyph words are reordered vs FH5 for most fonts; use FH6 shape_word/full_code from this row, not the FH5 sheet code.",Text-field font shapes import through the universal/handmade type-code path.,
font_glyph,105,Forza_Font_5,,upper,J,J,Forza Font 5 Upper J,1051286,0x100a96,2710,0x0a96,10,150,1050486,1910,800,confirmed from FH6 11-font anchor dump and inferred contiguous glyph blocks,"FH6 font glyph words are reordered vs FH5 for most fonts; use FH6 shape_word/full_code from this row, not the FH5 sheet code.",Text-field font shapes import through the universal/handmade type-code path.,
font_glyph,105,Forza_Font_5,,upper,K,K,Forza Font 5 Upper K,1051287,0x100a97,2711,0x0a97,10,151,1050487,1911,800,confirmed from FH6 11-font anchor dump and inferred contiguous glyph blocks,"FH6 font glyph words are reordered vs FH5 for most fonts; use FH6 shape_word/full_code from this row, not the FH5 sheet code.",Text-field font shapes import through the universal/handmade type-code path.,
font_glyph,105,Forza_Font_5,,upper,L,L,Forza Font 5 Upper L,1051288,0x100a98,2712,0x0a98,10,152,1050488,1912,800,confirmed from FH6 11-font anchor dump and inferred contiguous glyph blocks,"FH6 font glyph words are reordered vs FH5 for most fonts; use FH6 shape_word/full_code from this row, not the FH5 sheet code.",Text-field font shapes import through the universal/handmade type-code path.,
font_glyph,105,Forza_Font_5,,upper,M,M,Forza Font 5 Upper M,1051289,0x100a99,2713,0x0a99,10,153,1050489,1913,800,confirmed from FH6 11-font anchor dump and inferred contiguous glyph blocks,"FH6 font glyph words are reordered vs FH5 for most fonts; use FH6 shape_word/full_code from this row, not the FH5 sheet code.",Text-field font shapes import through the universal/handmade type-code path.,
font_glyph,105,Forza_Font_5,,upper,N,N,Forza Font 5 Upper N,1051290,0x100a9a,2714,0x0a9a,10,154,1050490,1914,800,confirmed from FH6 11-font anchor dump and inferred contiguous glyph blocks,"FH6 font glyph words are reordered vs FH5 for most fonts; use FH6 shape_word/full_code from this row, not the FH5 sheet code.",Text-field font shapes import through the universal/handmade type-code path.,
font_glyph,105,Forza_Font_5,,upper,O,O,Forza Font 5 Upper O,1051291,0x100a9b,2715,0x0a9b,10,155,1050491,1915,800,confirmed from FH6 11-font anchor dump and inferred contiguous glyph blocks,"FH6 font glyph words are reordered vs FH5 for most fonts; use FH6 shape_word/full_code from this row, not the FH5 sheet code.",Text-field font shapes import through the universal/handmade type-code path.,
font_glyph,105,Forza_Font_5,,upper,P,P,Forza Font 5 Upper P,1051292,0x100a9c,2716,0x0a9c,10,156,1050492,1916,800,confirmed from FH6 11-font anchor dump and inferred contiguous glyph blocks,"FH6 font glyph words are reordered vs FH5 for most fonts; use FH6 shape_word/full_code from this row, not the FH5 sheet code.",Text-field font shapes import through the universal/handmade type-code path.,
font_glyph,105,Forza_Font_5,,upper,Q,Q,Forza Font 5 Upper Q,1051293,0x100a9d,2717,0x0a9d,10,157,1050493,1917,800,confirmed from FH6 11-font anchor dump and inferred contiguous glyph blocks,"FH6 font glyph words are reordered vs FH5 for most fonts; use FH6 shape_word/full_code from this row, not the FH5 sheet code.",Text-field font shapes import through the universal/handmade type-code path.,
font_glyph,105,Forza_Font_5,,upper,R,R,Forza Font 5 Upper R,1051294,0x100a9e,2718,0x0a9e,10,158,1050494,1918,800,confirmed from FH6 11-font anchor dump and inferred contiguous glyph blocks,"FH6 font glyph words are reordered vs FH5 for most fonts; use FH6 shape_word/full_code from this row, not the FH5 sheet code.",Text-field font shapes import through the universal/handmade type-code path.,
font_glyph,105,Forza_Font_5,,upper,S,S,Forza Font 5 Upper S,1051295,0x100a9f,2719,0x0a9f,10,159,1050495,1919,800,confirmed from FH6 11-font anchor dump and inferred contiguous glyph blocks,"FH6 font glyph words are reordered vs FH5 for most fonts; use FH6 shape_word/full_code from this row, not the FH5 sheet code.",Text-field font shapes import through the universal/handmade type-code path.,
font_glyph,105,Forza_Font_5,,upper,T,T,Forza Font 5 Upper T,1051296,0x100aa0,2720,0x0aa0,10,160,1050496,1920,800,confirmed from FH6 11-font anchor dump and inferred contiguous glyph blocks,"FH6 font glyph words are reordered vs FH5 for most fonts; use FH6 shape_word/full_code from this row, not the FH5 sheet code.",Text-field font shapes import through the universal/handmade type-code path.,
font_glyph,105,Forza_Font_5,,upper,U,U,Forza Font 5 Upper U,1051297,0x100aa1,2721,0x0aa1,10,161,1050497,1921,800,confirmed from FH6 11-font anchor dump and inferred contiguous glyph blocks,"FH6 font glyph words are reordered vs FH5 for most fonts; use FH6 shape_word/full_code from this row, not the FH5 sheet code.",Text-field font shapes import through the universal/handmade type-code path.,
font_glyph,105,Forza_Font_5,,upper,V,V,Forza Font 5 Upper V,1051298,0x100aa2,2722,0x0aa2,10,162,1050498,1922,800,confirmed from FH6 11-font anchor dump and inferred contiguous glyph blocks,"FH6 font glyph words are reordered vs FH5 for most fonts; use FH6 shape_word/full_code from this row, not the FH5 sheet code.",Text-field font shapes import through the universal/handmade type-code path.,
font_glyph,105,Forza_Font_5,,upper,W,W,Forza Font 5 Upper W,1051299,0x100aa3,2723,0x0aa3,10,163,1050499,1923,800,confirmed from FH6 11-font anchor dump and inferred contiguous glyph blocks,"FH6 font glyph words are reordered vs FH5 for most fonts; use FH6 shape_word/full_code from this row, not the FH5 sheet code.",Text-field font shapes import through the universal/handmade type-code path.,
font_glyph,105,Forza_Font_5,,upper,X,X,Forza Font 5 Upper X,1051300,0x100aa4,2724,0x0aa4,10,164,1050500,1924,800,confirmed from FH6 11-font anchor dump and inferred contiguous glyph blocks,"FH6 font glyph words are reordered vs FH5 for most fonts; use FH6 shape_word/full_code from this row, not the FH5 sheet code.",Text-field font shapes import through the universal/handmade type-code path.,
font_glyph,105,Forza_Font_5,,upper,Y,Y,Forza Font 5 Upper Y,1051301,0x100aa5,2725,0x0aa5,10,165,1050501,1925,800,confirmed from FH6 11-font anchor dump and inferred contiguous glyph blocks,"FH6 font glyph words are reordered vs FH5 for most fonts; use FH6 shape_word/full_code from this row, not the FH5 sheet code.",Text-field font shapes import through the universal/handmade type-code path.,
font_glyph,105,Forza_Font_5,,upper,Z,Z,Forza Font 5 Upper Z,1051302,0x100aa6,2726,0x0aa6,10,166,1050502,1926,800,confirmed from FH6 11-font anchor dump and inferred contiguous glyph blocks,"FH6 font glyph words are reordered vs FH5 for most fonts; use FH6 shape_word/full_code from this row, not the FH5 sheet code.",Text-field font shapes import through the universal/handmade type-code path.,
font_glyph,105,Forza_Font_5,,lower,a,A,Forza Font 5 Lower A,1051377,0x100af1,2801,0x0af1,10,241,1050576,2000,801,confirmed from FH6 11-font anchor dump and inferred contiguous glyph blocks,"FH6 font glyph words are reordered vs FH5 for most fonts; use FH6 shape_word/full_code from this row, not the FH5 sheet code.",Text-field font shapes import through the universal/handmade type-code path.,
font_glyph,105,Forza_Font_5,,lower,b,B,Forza Font 5 Lower B,1051379,0x100af3,2803,0x0af3,10,243,1050578,2002,801,confirmed from FH6 11-font anchor dump and inferred contiguous glyph blocks,"FH6 font glyph words are reordered vs FH5 for most fonts; use FH6 shape_word/full_code from this row, not the FH5 sheet code.",Text-field font shapes import through the universal/handmade type-code path.,
font_glyph,105,Forza_Font_5,,lower,c,C,Forza Font 5 Lower C,1051380,0x100af4,2804,0x0af4,10,244,1050579,2003,801,confirmed from FH6 11-font anchor dump and inferred contiguous glyph blocks,"FH6 font glyph words are reordered vs FH5 for most fonts; use FH6 shape_word/full_code from this row, not the FH5 sheet code.",Text-field font shapes import through the universal/handmade type-code path.,
font_glyph,105,Forza_Font_5,,lower,d,D,Forza Font 5 Lower D,1051381,0x100af5,2805,0x0af5,10,245,1050580,2004,801,confirmed from FH6 11-font anchor dump and inferred contiguous glyph blocks,"FH6 font glyph words are reordered vs FH5 for most fonts; use FH6 shape_word/full_code from this row, not the FH5 sheet code.",Text-field font shapes import through the universal/handmade type-code path.,
font_glyph,105,Forza_Font_5,,lower,e,E,Forza Font 5 Lower E,1051382,0x100af6,2806,0x0af6,10,246,1050581,2005,801,confirmed from FH6 11-font anchor dump and inferred contiguous glyph blocks,"FH6 font glyph words are reordered vs FH5 for most fonts; use FH6 shape_word/full_code from this row, not the FH5 sheet code.",Text-field font shapes import through the universal/handmade type-code path.,
font_glyph,105,Forza_Font_5,,lower,f,F,Forza Font 5 Lower F,1051383,0x100af7,2807,0x0af7,10,247,1050582,2006,801,confirmed from FH6 11-font anchor dump and inferred contiguous glyph blocks,"FH6 font glyph words are reordered vs FH5 for most fonts; use FH6 shape_word/full_code from this row, not the FH5 sheet code.",Text-field font shapes import through the universal/handmade type-code path.,
font_glyph,105,Forza_Font_5,,lower,g,G,Forza Font 5 Lower G,1051384,0x100af8,2808,0x0af8,10,248,1050583,2007,801,confirmed from FH6 11-font anchor dump and inferred contiguous glyph blocks,"FH6 font glyph words are reordered vs FH5 for most fonts; use FH6 shape_word/full_code from this row, not the FH5 sheet code.",Text-field font shapes import through the universal/handmade type-code path.,
font_glyph,105,Forza_Font_5,,lower,h,H,Forza Font 5 Lower H,1051385,0x100af9,2809,0x0af9,10,249,1050584,2008,801,confirmed from FH6 11-font anchor dump and inferred contiguous glyph blocks,"FH6 font glyph words are reordered vs FH5 for most fonts; use FH6 shape_word/full_code from this row, not the FH5 sheet code.",Text-field font shapes import through the universal/handmade type-code path.,
font_glyph,105,Forza_Font_5,,lower,i,I,Forza Font 5 Lower I,1051386,0x100afa,2810,0x0afa,10,250,1050585,2009,801,confirmed from FH6 11-font anchor dump and inferred contiguous glyph blocks,"FH6 font glyph words are reordered vs FH5 for most fonts; use FH6 shape_word/full_code from this row, not the FH5 sheet code.",Text-field font shapes import through the universal/handmade type-code path.,
font_glyph,105,Forza_Font_5,,lower,j,J,Forza Font 5 Lower J,1051387,0x100afb,2811,0x0afb,10,251,1050586,2010,801,confirmed from FH6 11-font anchor dump and inferred contiguous glyph blocks,"FH6 font glyph words are reordered vs FH5 for most fonts; use FH6 shape_word/full_code from this row, not the FH5 sheet code.",Text-field font shapes import through the universal/handmade type-code path.,
font_glyph,105,Forza_Font_5,,lower,k,K,Forza Font 5 Lower K,1051388,0x100afc,2812,0x0afc,10,252,1050587,2011,801,confirmed from FH6 11-font anchor dump and inferred contiguous glyph blocks,"FH6 font glyph words are reordered vs FH5 for most fonts; use FH6 shape_word/full_code from this row, not the FH5 sheet code.",Text-field font shapes import through the universal/handmade type-code path.,
font_glyph,105,Forza_Font_5,,lower,l,L,Forza Font 5 Lower L,1051389,0x100afd,2813,0x0afd,10,253,1050588,2012,801,confirmed from FH6 11-font anchor dump and inferred contiguous glyph blocks,"FH6 font glyph words are reordered vs FH5 for most fonts; use FH6 shape_word/full_code from this row, not the FH5 sheet code.",Text-field font shapes import through the universal/handmade type-code path.,
font_glyph,105,Forza_Font_5,,lower,m,M,Forza Font 5 Lower M,1051390,0x100afe,2814,0x0afe,10,254,1050589,2013,801,confirmed from FH6 11-font anchor dump and inferred contiguous glyph blocks,"FH6 font glyph words are reordered vs FH5 for most fonts; use FH6 shape_word/full_code from this row, not the FH5 sheet code.",Text-field font shapes import through the universal/handmade type-code path.,
font_glyph,105,Forza_Font_5,,lower,n,N,Forza Font 5 Lower N,1051391,0x100aff,2815,0x0aff,10,255,1050590,2014,801,confirmed from FH6 11-font anchor dump and inferred contiguous glyph blocks,"FH6 font glyph words are reordered vs FH5 for most fonts; use FH6 shape_word/full_code from this row, not the FH5 sheet code.",Text-field font shapes import through the universal/handmade type-code path.,
font_glyph,105,Forza_Font_5,,lower,o,O,Forza Font 5 Lower O,1051392,0x100b00,2816,0x0b00,11,0,1050591,2015,801,confirmed from FH6 11-font anchor dump and inferred contiguous glyph blocks,"FH6 font glyph words are reordered vs FH5 for most fonts; use FH6 shape_word/full_code from this row, not the FH5 sheet code.",Text-field font shapes import through the universal/handmade type-code path.,
font_glyph,105,Forza_Font_5,,lower,p,P,Forza Font 5 Lower P,1051393,0x100b01,2817,0x0b01,11,1,1050592,2016,801,confirmed from FH6 11-font anchor dump and inferred contiguous glyph blocks,"FH6 font glyph words are reordered vs FH5 for most fonts; use FH6 shape_word/full_code from this row, not the FH5 sheet code.",Text-field font shapes import through the universal/handmade type-code path.,
font_glyph,105,Forza_Font_5,,lower,q,Q,Forza Font 5 Lower Q,1051394,0x100b02,2818,0x0b02,11,2,1050593,2017,801,confirmed from FH6 11-font anchor dump and inferred contiguous glyph blocks,"FH6 font glyph words are reordered vs FH5 for most fonts; use FH6 shape_word/full_code from this row, not the FH5 sheet code.",Text-field font shapes import through the universal/handmade type-code path.,
font_glyph,105,Forza_Font_5,,lower,r,R,Forza Font 5 Lower R,1051395,0x100b03,2819,0x0b03,11,3,1050594,2018,801,confirmed from FH6 11-font anchor dump and inferred contiguous glyph blocks,"FH6 font glyph words are reordered vs FH5 for most fonts; use FH6 shape_word/full_code from this row, not the FH5 sheet code.",Text-field font shapes import through the universal/handmade type-code path.,
font_glyph,105,Forza_Font_5,,lower,s,S,Forza Font 5 Lower S,1051396,0x100b04,2820,0x0b04,11,4,1050595,2019,801,confirmed from FH6 11-font anchor dump and inferred contiguous glyph blocks,"FH6 font glyph words are reordered vs FH5 for most fonts; use FH6 shape_word/full_code from this row, not the FH5 sheet code.",Text-field font shapes import through the universal/handmade type-code path.,
font_glyph,105,Forza_Font_5,,lower,t,T,Forza Font 5 Lower T,1051397,0x100b05,2821,0x0b05,11,5,1050596,2020,801,confirmed from FH6 11-font anchor dump and inferred contiguous glyph blocks,"FH6 font glyph words are reordered vs FH5 for most fonts; use FH6 shape_word/full_code from this row, not the FH5 sheet code.",Text-field font shapes import through the universal/handmade type-code path.,
font_glyph,105,Forza_Font_5,,lower,u,U,Forza Font 5 Lower U,1051398,0x100b06,2822,0x0b06,11,6,1050597,2021,801,confirmed from FH6 11-font anchor dump and inferred contiguous glyph blocks,"FH6 font glyph words are reordered vs FH5 for most fonts; use FH6 shape_word/full_code from this row, not the FH5 sheet code.",Text-field font shapes import through the universal/handmade type-code path.,
font_glyph,105,Forza_Font_5,,lower,v,V,Forza Font 5 Lower V,1051399,0x100b07,2823,0x0b07,11,7,1050598,2022,801,confirmed from FH6 11-font anchor dump and inferred contiguous glyph blocks,"FH6 font glyph words are reordered vs FH5 for most fonts; use FH6 shape_word/full_code from this row, not the FH5 sheet code.",Text-field font shapes import through the universal/handmade type-code path.,
font_glyph,105,Forza_Font_5,,lower,w,W,Forza Font 5 Lower W,1051400,0x100b08,2824,0x0b08,11,8,1050599,2023,801,confirmed from FH6 11-font anchor dump and inferred contiguous glyph blocks,"FH6 font glyph words are reordered vs FH5 for most fonts; use FH6 shape_word/full_code from this row, not the FH5 sheet code.",Text-field font shapes import through the universal/handmade type-code path.,
font_glyph,105,Forza_Font_5,,lower,x,X,Forza Font 5 Lower X,1051401,0x100b09,2825,0x0b09,11,9,1050600,2024,801,confirmed from FH6 11-font anchor dump and inferred contiguous glyph blocks,"FH6 font glyph words are reordered vs FH5 for most fonts; use FH6 shape_word/full_code from this row, not the FH5 sheet code.",Text-field font shapes import through the universal/handmade type-code path.,
font_glyph,105,Forza_Font_5,,lower,y,Y,Forza Font 5 Lower Y,1051402,0x100b0a,2826,0x0b0a,11,10,1050601,2025,801,confirmed from FH6 11-font anchor dump and inferred contiguous glyph blocks,"FH6 font glyph words are reordered vs FH5 for most fonts; use FH6 shape_word/full_code from this row, not the FH5 sheet code.",Text-field font shapes import through the universal/handmade type-code path.,
font_glyph,105,Forza_Font_5,,lower,z,Z,Forza Font 5 Lower Z,1051403,0x100b0b,2827,0x0b0b,11,11,1050602,2026,801,confirmed from FH6 11-font anchor dump and inferred contiguous glyph blocks,"FH6 font glyph words are reordered vs FH5 for most fonts; use FH6 shape_word/full_code from this row, not the FH5 sheet code.",Text-field font shapes import through the universal/handmade type-code path.,
font_glyph,105,Forza_Font_5,,number,1,1,Forza Font 5 Number 1,1051303,0x100aa7,2727,0x0aa7,10,167,1050503,1927,800,confirmed from FH6 11-font anchor dump and inferred contiguous glyph blocks,"FH6 font glyph words are reordered vs FH5 for most fonts; use FH6 shape_word/full_code from this row, not the FH5 sheet code.",Text-field font shapes import through the universal/handmade type-code path.,
font_glyph,105,Forza_Font_5,,number,2,2,Forza Font 5 Number 2,1051304,0x100aa8,2728,0x0aa8,10,168,1050504,1928,800,confirmed from FH6 11-font anchor dump and inferred contiguous glyph blocks,"FH6 font glyph words are reordered vs FH5 for most fonts; use FH6 shape_word/full_code from this row, not the FH5 sheet code.",Text-field font shapes import through the universal/handmade type-code path.,
font_glyph,105,Forza_Font_5,,number,3,3,Forza Font 5 Number 3,1051305,0x100aa9,2729,0x0aa9,10,169,1050505,1929,800,confirmed from FH6 11-font anchor dump and inferred contiguous glyph blocks,"FH6 font glyph words are reordered vs FH5 for most fonts; use FH6 shape_word/full_code from this row, not the FH5 sheet code.",Text-field font shapes import through the universal/handmade type-code path.,
font_glyph,105,Forza_Font_5,,number,4,4,Forza Font 5 Number 4,1051306,0x100aaa,2730,0x0aaa,10,170,1050506,1930,800,confirmed from FH6 11-font anchor dump and inferred contiguous glyph blocks,"FH6 font glyph words are reordered vs FH5 for most fonts; use FH6 shape_word/full_code from this row, not the FH5 sheet code.",Text-field font shapes import through the universal/handmade type-code path.,
font_glyph,105,Forza_Font_5,,number,5,5,Forza Font 5 Number 5,1051307,0x100aab,2731,0x0aab,10,171,1050507,1931,800,confirmed from FH6 11-font anchor dump and inferred contiguous glyph blocks,"FH6 font glyph words are reordered vs FH5 for most fonts; use FH6 shape_word/full_code from this row, not the FH5 sheet code.",Text-field font shapes import through the universal/handmade type-code path.,
font_glyph,105,Forza_Font_5,,number,6,6,Forza Font 5 Number 6,1051308,0x100aac,2732,0x0aac,10,172,1050508,1932,800,confirmed from FH6 11-font anchor dump and inferred contiguous glyph blocks,"FH6 font glyph words are reordered vs FH5 for most fonts; use FH6 shape_word/full_code from this row, not the FH5 sheet code.",Text-field font shapes import through the universal/handmade type-code path.,
font_glyph,105,Forza_Font_5,,number,7,7,Forza Font 5 Number 7,1051309,0x100aad,2733,0x0aad,10,173,1050509,1933,800,confirmed from FH6 11-font anchor dump and inferred contiguous glyph blocks,"FH6 font glyph words are reordered vs FH5 for most fonts; use FH6 shape_word/full_code from this row, not the FH5 sheet code.",Text-field font shapes import through the universal/handmade type-code path.,
font_glyph,105,Forza_Font_5,,number,8,8,Forza Font 5 Number 8,1051310,0x100aae,2734,0x0aae,10,174,1050510,1934,800,confirmed from FH6 11-font anchor dump and inferred contiguous glyph blocks,"FH6 font glyph words are reordered vs FH5 for most fonts; use FH6 shape_word/full_code from this row, not the FH5 sheet code.",Text-field font shapes import through the universal/handmade type-code path.,
font_glyph,105,Forza_Font_5,,number,9,9,Forza Font 5 Number 9,1051311,0x100aaf,2735,0x0aaf,10,175,1050511,1935,800,confirmed from FH6 11-font anchor dump and inferred contiguous glyph blocks,"FH6 font glyph words are reordered vs FH5 for most fonts; use FH6 shape_word/full_code from this row, not the FH5 sheet code.",Text-field font shapes import through the universal/handmade type-code path.,
font_glyph,105,Forza_Font_5,,number,10,10,Forza Font 5 Number 10,1051312,0x100ab0,2736,0x0ab0,10,176,1050512,1936,800,confirmed from FH6 11-font anchor dump and inferred contiguous glyph blocks,"FH6 font glyph words are reordered vs FH5 for most fonts; use FH6 shape_word/full_code from this row, not the FH5 sheet code.",Text-field font shapes import through the universal/handmade type-code path.,
font_glyph,105,Forza_Font_5,,upper_symbol,!,!,Forza Font 5 Exclamation Mark,1051313,0x100ab1,2737,0x0ab1,10,177,1050513,1937,800,confirmed from FH6 11-font anchor dump and inferred contiguous glyph blocks,"FH6 font glyph words are reordered vs FH5 for most fonts; use FH6 shape_word/full_code from this row, not the FH5 sheet code.",Text-field font shapes import through the universal/handmade type-code path.,
font_glyph,105,Forza_Font_5,,upper_symbol,?,?,Forza Font 5 Question Mark,1051314,0x100ab2,2738,0x0ab2,10,178,1050514,1938,800,confirmed from FH6 11-font anchor dump and inferred contiguous glyph blocks,"FH6 font glyph words are reordered vs FH5 for most fonts; use FH6 shape_word/full_code from this row, not the FH5 sheet code.",Text-field font shapes import through the universal/handmade type-code path.,
font_glyph,105,Forza_Font_5,,upper_symbol,@,@,Forza Font 5 Upper At Symbol,1051315,0x100ab3,2739,0x0ab3,10,179,1050515,1939,800,confirmed from FH6 11-font anchor dump and inferred contiguous glyph blocks,"FH6 font glyph words are reordered vs FH5 for most fonts; use FH6 shape_word/full_code from this row, not the FH5 sheet code.",Text-field font shapes import through the universal/handmade type-code path.,
font_glyph,105,Forza_Font_5,,upper_symbol,&,&,Forza Font 5 Ampersand,1051316,0x100ab4,2740,0x0ab4,10,180,1050516,1940,800,confirmed from FH6 11-font anchor dump and inferred contiguous glyph blocks,"FH6 font glyph words are reordered vs FH5 for most fonts; use FH6 shape_word/full_code from this row, not the FH5 sheet code.",Text-field font shapes import through the universal/handmade type-code path.,
font_glyph,105,Forza_Font_5,,lower_symbol,$,$,Forza Font 5 Dollar Sign,1051403,0x100b0b,2827,0x0b0b,11,11,1050603,2027,800,confirmed from FH6 11-font anchor dump and inferred contiguous glyph blocks,"FH6 font glyph words are reordered vs FH5 for most fonts; use FH6 shape_word/full_code from this row, not the FH5 sheet code.",Text-field font shapes import through the universal/handmade type-code path.,
font_glyph,105,Forza_Font_5,,lower_symbol,£,£,Forza Font 5 Pound Sign,1051404,0x100b0c,2828,0x0b0c,11,12,1050604,2028,800,confirmed from FH6 11-font anchor dump and inferred contiguous glyph blocks,"FH6 font glyph words are reordered vs FH5 for most fonts; use FH6 shape_word/full_code from this row, not the FH5 sheet code.",Text-field font shapes import through the universal/handmade type-code path.,
font_glyph,105,Forza_Font_5,,lower_symbol,¥,¥,Forza Font 5 Yen Sign,1051405,0x100b0d,2829,0x0b0d,11,13,1050605,2029,800,confirmed from FH6 11-font anchor dump and inferred contiguous glyph blocks,"FH6 font glyph words are reordered vs FH5 for most fonts; use FH6 shape_word/full_code from this row, not the FH5 sheet code.",Text-field font shapes import through the universal/handmade type-code path.,
font_glyph,105,Forza_Font_5,,lower_symbol,€,€,Forza Font 5 Euro Sign,1051406,0x100b0e,2830,0x0b0e,11,14,1050606,2030,800,confirmed from FH6 11-font anchor dump and inferred contiguous glyph blocks,"FH6 font glyph words are reordered vs FH5 for most fonts; use FH6 shape_word/full_code from this row, not the FH5 sheet code.",Text-field font shapes import through the universal/handmade type-code path.,
font_glyph,105,Forza_Font_5,,lower_symbol,æ,æ,Forza Font 5 AE,1051407,0x100b0f,2831,0x0b0f,11,15,1050607,2031,800,confirmed from FH6 11-font anchor dump and inferred contiguous glyph blocks,"FH6 font glyph words are reordered vs FH5 for most fonts; use FH6 shape_word/full_code from this row, not the FH5 sheet code.",Text-field font shapes import through the universal/handmade type-code path.,
font_glyph,105,Forza_Font_5,,lower_symbol,^,^,Forza Font 5 Caret Symbol,1051408,0x100b10,2832,0x0b10,11,16,1050608,2032,800,confirmed from FH6 11-font anchor dump and inferred contiguous glyph blocks,"FH6 font glyph words are reordered vs FH5 for most fonts; use FH6 shape_word/full_code from this row, not the FH5 sheet code.",Text-field font shapes import through the universal/handmade type-code path.,
font_glyph,105,Forza_Font_5,,lower_symbol,ß,ß,Forza Font 5 Eszett Symbol,1051409,0x100b11,2833,0x0b11,11,17,1050609,2033,800,confirmed from FH6 11-font anchor dump and inferred contiguous glyph blocks,"FH6 font glyph words are reordered vs FH5 for most fonts; use FH6 shape_word/full_code from this row, not the FH5 sheet code.",Text-field font shapes import through the universal/handmade type-code path.,
font_glyph,105,Forza_Font_5,,lower_symbol,@,@,Forza Font 5 Lower At Symbol,1051410,0x100b12,2834,0x0b12,11,18,1050610,2034,800,confirmed from FH6 11-font anchor dump and inferred contiguous glyph blocks,"FH6 font glyph words are reordered vs FH5 for most fonts; use FH6 shape_word/full_code from this row, not the FH5 sheet code.",Text-field font shapes import through the universal/handmade type-code path.,
font_glyph,105,Forza_Font_5,,lower_symbol,#,#,Forza Font 5 Hash,1051411,0x100b13,2835,0x0b13,11,19,1050611,2035,800,confirmed from FH6 11-font anchor dump and inferred contiguous glyph blocks,"FH6 font glyph words are reordered vs FH5 for most fonts; use FH6 shape_word/full_code from this row, not the FH5 sheet code.",Text-field font shapes import through the universal/handmade type-code path.,
font_glyph,105,Forza_Font_5,,lower_symbol,+,+,Forza Font 5 Plus Symbol,1051412,0x100b14,2836,0x0b14,11,20,1050612,2036,800,confirmed from FH6 11-font anchor dump and inferred contiguous glyph blocks,"FH6 font glyph words are reordered vs FH5 for most fonts; use FH6 shape_word/full_code from this row, not the FH5 sheet code.",Text-field font shapes import through the universal/handmade type-code path.,
font_glyph,105,Forza_Font_5,,lower_symbol,%,%,Forza Font 5 Percent Sign,1051413,0x100b15,2837,0x0b15,11,21,1050613,2037,800,confirmed from FH6 11-font anchor dump and inferred contiguous glyph blocks,"FH6 font glyph words are reordered vs FH5 for most fonts; use FH6 shape_word/full_code from this row, not the FH5 sheet code.",Text-field font shapes import through the universal/handmade type-code path.,
font_glyph,105,Forza_Font_5,,lower_symbol,:,:,Forza Font 5 Colon,1051414,0x100b16,2838,0x0b16,11,22,1050614,2038,800,confirmed from FH6 11-font anchor dump and inferred contiguous glyph blocks,"FH6 font glyph words are reordered vs FH5 for most fonts; use FH6 shape_word/full_code from this row, not the FH5 sheet code.",Text-field font shapes import through the universal/handmade type-code path.,
font_glyph,105,Forza_Font_5,,lower_symbol,;,;,Forza Font 5 Semicolon,1051415,0x100b17,2839,0x0b17,11,23,1050615,2039,800,confirmed from FH6 11-font anchor dump and inferred contiguous glyph blocks,"FH6 font glyph words are reordered vs FH5 for most fonts; use FH6 shape_word/full_code from this row, not the FH5 sheet code.",Text-field font shapes import through the universal/handmade type-code path.,
font_glyph,105,Forza_Font_5,,lower_symbol,/,/,Forza Font 5 Slash,1051416,0x100b18,2840,0x0b18,11,24,1050616,2040,800,confirmed from FH6 11-font anchor dump and inferred contiguous glyph blocks,"FH6 font glyph words are reordered vs FH5 for most fonts; use FH6 shape_word/full_code from this row, not the FH5 sheet code.",Text-field font shapes import through the universal/handmade type-code path.,
font_glyph,106,Forza_Font_6,,upper,A,A,Forza Font 6 Upper A,1052077,0x100dad,3501,0x0dad,13,173,1050477,1901,1600,confirmed from FH6 11-font anchor dump and inferred contiguous glyph blocks,"FH6 font glyph words are reordered vs FH5 for most fonts; use FH6 shape_word/full_code from this row, not the FH5 sheet code.",Text-field font shapes import through the universal/handmade type-code path.,
font_glyph,106,Forza_Font_6,,upper,B,B,Forza Font 6 Upper B,1052078,0x100dae,3502,0x0dae,13,174,1050478,1902,1600,confirmed from FH6 11-font anchor dump and inferred contiguous glyph blocks,"FH6 font glyph words are reordered vs FH5 for most fonts; use FH6 shape_word/full_code from this row, not the FH5 sheet code.",Text-field font shapes import through the universal/handmade type-code path.,
font_glyph,106,Forza_Font_6,,upper,C,C,Forza Font 6 Upper C,1052079,0x100daf,3503,0x0daf,13,175,1050479,1903,1600,confirmed from FH6 11-font anchor dump and inferred contiguous glyph blocks,"FH6 font glyph words are reordered vs FH5 for most fonts; use FH6 shape_word/full_code from this row, not the FH5 sheet code.",Text-field font shapes import through the universal/handmade type-code path.,
font_glyph,106,Forza_Font_6,,upper,D,D,Forza Font 6 Upper D,1052080,0x100db0,3504,0x0db0,13,176,1050480,1904,1600,confirmed from FH6 11-font anchor dump and inferred contiguous glyph blocks,"FH6 font glyph words are reordered vs FH5 for most fonts; use FH6 shape_word/full_code from this row, not the FH5 sheet code.",Text-field font shapes import through the universal/handmade type-code path.,
font_glyph,106,Forza_Font_6,,upper,E,E,Forza Font 6 Upper E,1052081,0x100db1,3505,0x0db1,13,177,1050481,1905,1600,confirmed from FH6 11-font anchor dump and inferred contiguous glyph blocks,"FH6 font glyph words are reordered vs FH5 for most fonts; use FH6 shape_word/full_code from this row, not the FH5 sheet code.",Text-field font shapes import through the universal/handmade type-code path.,
font_glyph,106,Forza_Font_6,,upper,F,F,Forza Font 6 Upper F,1052082,0x100db2,3506,0x0db2,13,178,1050482,1906,1600,confirmed from FH6 11-font anchor dump and inferred contiguous glyph blocks,"FH6 font glyph words are reordered vs FH5 for most fonts; use FH6 shape_word/full_code from this row, not the FH5 sheet code.",Text-field font shapes import through the universal/handmade type-code path.,
font_glyph,106,Forza_Font_6,,upper,G,G,Forza Font 6 Upper G,1052083,0x100db3,3507,0x0db3,13,179,1050483,1907,1600,confirmed from FH6 11-font anchor dump and inferred contiguous glyph blocks,"FH6 font glyph words are reordered vs FH5 for most fonts; use FH6 shape_word/full_code from this row, not the FH5 sheet code.",Text-field font shapes import through the universal/handmade type-code path.,
font_glyph,106,Forza_Font_6,,upper,H,H,Forza Font 6 Upper H,1052084,0x100db4,3508,0x0db4,13,180,1050484,1908,1600,confirmed from FH6 11-font anchor dump and inferred contiguous glyph blocks,"FH6 font glyph words are reordered vs FH5 for most fonts; use FH6 shape_word/full_code from this row, not the FH5 sheet code.",Text-field font shapes import through the universal/handmade type-code path.,
font_glyph,106,Forza_Font_6,,upper,I,I,Forza Font 6 Upper I,1052085,0x100db5,3509,0x0db5,13,181,1050485,1909,1600,confirmed from FH6 11-font anchor dump and inferred contiguous glyph blocks,"FH6 font glyph words are reordered vs FH5 for most fonts; use FH6 shape_word/full_code from this row, not the FH5 sheet code.",Text-field font shapes import through the universal/handmade type-code path.,
font_glyph,106,Forza_Font_6,,upper,J,J,Forza Font 6 Upper J,1052086,0x100db6,3510,0x0db6,13,182,1050486,1910,1600,confirmed from FH6 11-font anchor dump and inferred contiguous glyph blocks,"FH6 font glyph words are reordered vs FH5 for most fonts; use FH6 shape_word/full_code from this row, not the FH5 sheet code.",Text-field font shapes import through the universal/handmade type-code path.,
font_glyph,106,Forza_Font_6,,upper,K,K,Forza Font 6 Upper K,1052087,0x100db7,3511,0x0db7,13,183,1050487,1911,1600,confirmed from FH6 11-font anchor dump and inferred contiguous glyph blocks,"FH6 font glyph words are reordered vs FH5 for most fonts; use FH6 shape_word/full_code from this row, not the FH5 sheet code.",Text-field font shapes import through the universal/handmade type-code path.,
font_glyph,106,Forza_Font_6,,upper,L,L,Forza Font 6 Upper L,1052088,0x100db8,3512,0x0db8,13,184,1050488,1912,1600,confirmed from FH6 11-font anchor dump and inferred contiguous glyph blocks,"FH6 font glyph words are reordered vs FH5 for most fonts; use FH6 shape_word/full_code from this row, not the FH5 sheet code.",Text-field font shapes import through the universal/handmade type-code path.,
font_glyph,106,Forza_Font_6,,upper,M,M,Forza Font 6 Upper M,1052089,0x100db9,3513,0x0db9,13,185,1050489,1913,1600,confirmed from FH6 11-font anchor dump and inferred contiguous glyph blocks,"FH6 font glyph words are reordered vs FH5 for most fonts; use FH6 shape_word/full_code from this row, not the FH5 sheet code.",Text-field font shapes import through the universal/handmade type-code path.,
font_glyph,106,Forza_Font_6,,upper,N,N,Forza Font 6 Upper N,1052090,0x100dba,3514,0x0dba,13,186,1050490,1914,1600,confirmed from FH6 11-font anchor dump and inferred contiguous glyph blocks,"FH6 font glyph words are reordered vs FH5 for most fonts; use FH6 shape_word/full_code from this row, not the FH5 sheet code.",Text-field font shapes import through the universal/handmade type-code path.,
font_glyph,106,Forza_Font_6,,upper,O,O,Forza Font 6 Upper O,1052091,0x100dbb,3515,0x0dbb,13,187,1050491,1915,1600,confirmed from FH6 11-font anchor dump and inferred contiguous glyph blocks,"FH6 font glyph words are reordered vs FH5 for most fonts; use FH6 shape_word/full_code from this row, not the FH5 sheet code.",Text-field font shapes import through the universal/handmade type-code path.,
font_glyph,106,Forza_Font_6,,upper,P,P,Forza Font 6 Upper P,1052092,0x100dbc,3516,0x0dbc,13,188,1050492,1916,1600,confirmed from FH6 11-font anchor dump and inferred contiguous glyph blocks,"FH6 font glyph words are reordered vs FH5 for most fonts; use FH6 shape_word/full_code from this row, not the FH5 sheet code.",Text-field font shapes import through the universal/handmade type-code path.,
font_glyph,106,Forza_Font_6,,upper,Q,Q,Forza Font 6 Upper Q,1052093,0x100dbd,3517,0x0dbd,13,189,1050493,1917,1600,confirmed from FH6 11-font anchor dump and inferred contiguous glyph blocks,"FH6 font glyph words are reordered vs FH5 for most fonts; use FH6 shape_word/full_code from this row, not the FH5 sheet code.",Text-field font shapes import through the universal/handmade type-code path.,
font_glyph,106,Forza_Font_6,,upper,R,R,Forza Font 6 Upper R,1052094,0x100dbe,3518,0x0dbe,13,190,1050494,1918,1600,confirmed from FH6 11-font anchor dump and inferred contiguous glyph blocks,"FH6 font glyph words are reordered vs FH5 for most fonts; use FH6 shape_word/full_code from this row, not the FH5 sheet code.",Text-field font shapes import through the universal/handmade type-code path.,
font_glyph,106,Forza_Font_6,,upper,S,S,Forza Font 6 Upper S,1052095,0x100dbf,3519,0x0dbf,13,191,1050495,1919,1600,confirmed from FH6 11-font anchor dump and inferred contiguous glyph blocks,"FH6 font glyph words are reordered vs FH5 for most fonts; use FH6 shape_word/full_code from this row, not the FH5 sheet code.",Text-field font shapes import through the universal/handmade type-code path.,
font_glyph,106,Forza_Font_6,,upper,T,T,Forza Font 6 Upper T,1052096,0x100dc0,3520,0x0dc0,13,192,1050496,1920,1600,confirmed from FH6 11-font anchor dump and inferred contiguous glyph blocks,"FH6 font glyph words are reordered vs FH5 for most fonts; use FH6 shape_word/full_code from this row, not the FH5 sheet code.",Text-field font shapes import through the universal/handmade type-code path.,
font_glyph,106,Forza_Font_6,,upper,U,U,Forza Font 6 Upper U,1052097,0x100dc1,3521,0x0dc1,13,193,1050497,1921,1600,confirmed from FH6 11-font anchor dump and inferred contiguous glyph blocks,"FH6 font glyph words are reordered vs FH5 for most fonts; use FH6 shape_word/full_code from this row, not the FH5 sheet code.",Text-field font shapes import through the universal/handmade type-code path.,
font_glyph,106,Forza_Font_6,,upper,V,V,Forza Font 6 Upper V,1052098,0x100dc2,3522,0x0dc2,13,194,1050498,1922,1600,confirmed from FH6 11-font anchor dump and inferred contiguous glyph blocks,"FH6 font glyph words are reordered vs FH5 for most fonts; use FH6 shape_word/full_code from this row, not the FH5 sheet code.",Text-field font shapes import through the universal/handmade type-code path.,
font_glyph,106,Forza_Font_6,,upper,W,W,Forza Font 6 Upper W,1052099,0x100dc3,3523,0x0dc3,13,195,1050499,1923,1600,confirmed from FH6 11-font anchor dump and inferred contiguous glyph blocks,"FH6 font glyph words are reordered vs FH5 for most fonts; use FH6 shape_word/full_code from this row, not the FH5 sheet code.",Text-field font shapes import through the universal/handmade type-code path.,
font_glyph,106,Forza_Font_6,,upper,X,X,Forza Font 6 Upper X,1052100,0x100dc4,3524,0x0dc4,13,196,1050500,1924,1600,confirmed from FH6 11-font anchor dump and inferred contiguous glyph blocks,"FH6 font glyph words are reordered vs FH5 for most fonts; use FH6 shape_word/full_code from this row, not the FH5 sheet code.",Text-field font shapes import through the universal/handmade type-code path.,
font_glyph,106,Forza_Font_6,,upper,Y,Y,Forza Font 6 Upper Y,1052101,0x100dc5,3525,0x0dc5,13,197,1050501,1925,1600,confirmed from FH6 11-font anchor dump and inferred contiguous glyph blocks,"FH6 font glyph words are reordered vs FH5 for most fonts; use FH6 shape_word/full_code from this row, not the FH5 sheet code.",Text-field font shapes import through the universal/handmade type-code path.,
font_glyph,106,Forza_Font_6,,upper,Z,Z,Forza Font 6 Upper Z,1052102,0x100dc6,3526,0x0dc6,13,198,1050502,1926,1600,confirmed from FH6 11-font anchor dump and inferred contiguous glyph blocks,"FH6 font glyph words are reordered vs FH5 for most fonts; use FH6 shape_word/full_code from this row, not the FH5 sheet code.",Text-field font shapes import through the universal/handmade type-code path.,
font_glyph,106,Forza_Font_6,,lower,a,A,Forza Font 6 Lower A,1052177,0x100e11,3601,0x0e11,14,17,1050576,2000,1601,confirmed from FH6 11-font anchor dump and inferred contiguous glyph blocks,"FH6 font glyph words are reordered vs FH5 for most fonts; use FH6 shape_word/full_code from this row, not the FH5 sheet code.",Text-field font shapes import through the universal/handmade type-code path.,
font_glyph,106,Forza_Font_6,,lower,b,B,Forza Font 6 Lower B,1052179,0x100e13,3603,0x0e13,14,19,1050578,2002,1601,confirmed from FH6 11-font anchor dump and inferred contiguous glyph blocks,"FH6 font glyph words are reordered vs FH5 for most fonts; use FH6 shape_word/full_code from this row, not the FH5 sheet code.",Text-field font shapes import through the universal/handmade type-code path.,
font_glyph,106,Forza_Font_6,,lower,c,C,Forza Font 6 Lower C,1052180,0x100e14,3604,0x0e14,14,20,1050579,2003,1601,confirmed from FH6 11-font anchor dump and inferred contiguous glyph blocks,"FH6 font glyph words are reordered vs FH5 for most fonts; use FH6 shape_word/full_code from this row, not the FH5 sheet code.",Text-field font shapes import through the universal/handmade type-code path.,
font_glyph,106,Forza_Font_6,,lower,d,D,Forza Font 6 Lower D,1052181,0x100e15,3605,0x0e15,14,21,1050580,2004,1601,confirmed from FH6 11-font anchor dump and inferred contiguous glyph blocks,"FH6 font glyph words are reordered vs FH5 for most fonts; use FH6 shape_word/full_code from this row, not the FH5 sheet code.",Text-field font shapes import through the universal/handmade type-code path.,
font_glyph,106,Forza_Font_6,,lower,e,E,Forza Font 6 Lower E,1052182,0x100e16,3606,0x0e16,14,22,1050581,2005,1601,confirmed from FH6 11-font anchor dump and inferred contiguous glyph blocks,"FH6 font glyph words are reordered vs FH5 for most fonts; use FH6 shape_word/full_code from this row, not the FH5 sheet code.",Text-field font shapes import through the universal/handmade type-code path.,
font_glyph,106,Forza_Font_6,,lower,f,F,Forza Font 6 Lower F,1052183,0x100e17,3607,0x0e17,14,23,1050582,2006,1601,confirmed from FH6 11-font anchor dump and inferred contiguous glyph blocks,"FH6 font glyph words are reordered vs FH5 for most fonts; use FH6 shape_word/full_code from this row, not the FH5 sheet code.",Text-field font shapes import through the universal/handmade type-code path.,
font_glyph,106,Forza_Font_6,,lower,g,G,Forza Font 6 Lower G,1052184,0x100e18,3608,0x0e18,14,24,1050583,2007,1601,confirmed from FH6 11-font anchor dump and inferred contiguous glyph blocks,"FH6 font glyph words are reordered vs FH5 for most fonts; use FH6 shape_word/full_code from this row, not the FH5 sheet code.",Text-field font shapes import through the universal/handmade type-code path.,
font_glyph,106,Forza_Font_6,,lower,h,H,Forza Font 6 Lower H,1052185,0x100e19,3609,0x0e19,14,25,1050584,2008,1601,confirmed from FH6 11-font anchor dump and inferred contiguous glyph blocks,"FH6 font glyph words are reordered vs FH5 for most fonts; use FH6 shape_word/full_code from this row, not the FH5 sheet code.",Text-field font shapes import through the universal/handmade type-code path.,
font_glyph,106,Forza_Font_6,,lower,i,I,Forza Font 6 Lower I,1052186,0x100e1a,3610,0x0e1a,14,26,1050585,2009,1601,confirmed from FH6 11-font anchor dump and inferred contiguous glyph blocks,"FH6 font glyph words are reordered vs FH5 for most fonts; use FH6 shape_word/full_code from this row, not the FH5 sheet code.",Text-field font shapes import through the universal/handmade type-code path.,
font_glyph,106,Forza_Font_6,,lower,j,J,Forza Font 6 Lower J,1052187,0x100e1b,3611,0x0e1b,14,27,1050586,2010,1601,confirmed from FH6 11-font anchor dump and inferred contiguous glyph blocks,"FH6 font glyph words are reordered vs FH5 for most fonts; use FH6 shape_word/full_code from this row, not the FH5 sheet code.",Text-field font shapes import through the universal/handmade type-code path.,
font_glyph,106,Forza_Font_6,,lower,k,K,Forza Font 6 Lower K,1052188,0x100e1c,3612,0x0e1c,14,28,1050587,2011,1601,confirmed from FH6 11-font anchor dump and inferred contiguous glyph blocks,"FH6 font glyph words are reordered vs FH5 for most fonts; use FH6 shape_word/full_code from this row, not the FH5 sheet code.",Text-field font shapes import through the universal/handmade type-code path.,
font_glyph,106,Forza_Font_6,,lower,l,L,Forza Font 6 Lower L,1052189,0x100e1d,3613,0x0e1d,14,29,1050588,2012,1601,confirmed from FH6 11-font anchor dump and inferred contiguous glyph blocks,"FH6 font glyph words are reordered vs FH5 for most fonts; use FH6 shape_word/full_code from this row, not the FH5 sheet code.",Text-field font shapes import through the universal/handmade type-code path.,
font_glyph,106,Forza_Font_6,,lower,m,M,Forza Font 6 Lower M,1052190,0x100e1e,3614,0x0e1e,14,30,1050589,2013,1601,confirmed from FH6 11-font anchor dump and inferred contiguous glyph blocks,"FH6 font glyph words are reordered vs FH5 for most fonts; use FH6 shape_word/full_code from this row, not the FH5 sheet code.",Text-field font shapes import through the universal/handmade type-code path.,
font_glyph,106,Forza_Font_6,,lower,n,N,Forza Font 6 Lower N,1052191,0x100e1f,3615,0x0e1f,14,31,1050590,2014,1601,confirmed from FH6 11-font anchor dump and inferred contiguous glyph blocks,"FH6 font glyph words are reordered vs FH5 for most fonts; use FH6 shape_word/full_code from this row, not the FH5 sheet code.",Text-field font shapes import through the universal/handmade type-code path.,
font_glyph,106,Forza_Font_6,,lower,o,O,Forza Font 6 Lower O,1052192,0x100e20,3616,0x0e20,14,32,1050591,2015,1601,confirmed from FH6 11-font anchor dump and inferred contiguous glyph blocks,"FH6 font glyph words are reordered vs FH5 for most fonts; use FH6 shape_word/full_code from this row, not the FH5 sheet code.",Text-field font shapes import through the universal/handmade type-code path.,
font_glyph,106,Forza_Font_6,,lower,p,P,Forza Font 6 Lower P,1052193,0x100e21,3617,0x0e21,14,33,1050592,2016,1601,confirmed from FH6 11-font anchor dump and inferred contiguous glyph blocks,"FH6 font glyph words are reordered vs FH5 for most fonts; use FH6 shape_word/full_code from this row, not the FH5 sheet code.",Text-field font shapes import through the universal/handmade type-code path.,
font_glyph,106,Forza_Font_6,,lower,q,Q,Forza Font 6 Lower Q,1052194,0x100e22,3618,0x0e22,14,34,1050593,2017,1601,confirmed from FH6 11-font anchor dump and inferred contiguous glyph blocks,"FH6 font glyph words are reordered vs FH5 for most fonts; use FH6 shape_word/full_code from this row, not the FH5 sheet code.",Text-field font shapes import through the universal/handmade type-code path.,
font_glyph,106,Forza_Font_6,,lower,r,R,Forza Font 6 Lower R,1052195,0x100e23,3619,0x0e23,14,35,1050594,2018,1601,confirmed from FH6 11-font anchor dump and inferred contiguous glyph blocks,"FH6 font glyph words are reordered vs FH5 for most fonts; use FH6 shape_word/full_code from this row, not the FH5 sheet code.",Text-field font shapes import through the universal/handmade type-code path.,
font_glyph,106,Forza_Font_6,,lower,s,S,Forza Font 6 Lower S,1052196,0x100e24,3620,0x0e24,14,36,1050595,2019,1601,confirmed from FH6 11-font anchor dump and inferred contiguous glyph blocks,"FH6 font glyph words are reordered vs FH5 for most fonts; use FH6 shape_word/full_code from this row, not the FH5 sheet code.",Text-field font shapes import through the universal/handmade type-code path.,
font_glyph,106,Forza_Font_6,,lower,t,T,Forza Font 6 Lower T,1052197,0x100e25,3621,0x0e25,14,37,1050596,2020,1601,confirmed from FH6 11-font anchor dump and inferred contiguous glyph blocks,"FH6 font glyph words are reordered vs FH5 for most fonts; use FH6 shape_word/full_code from this row, not the FH5 sheet code.",Text-field font shapes import through the universal/handmade type-code path.,
font_glyph,106,Forza_Font_6,,lower,u,U,Forza Font 6 Lower U,1052198,0x100e26,3622,0x0e26,14,38,1050597,2021,1601,confirmed from FH6 11-font anchor dump and inferred contiguous glyph blocks,"FH6 font glyph words are reordered vs FH5 for most fonts; use FH6 shape_word/full_code from this row, not the FH5 sheet code.",Text-field font shapes import through the universal/handmade type-code path.,
font_glyph,106,Forza_Font_6,,lower,v,V,Forza Font 6 Lower V,1052199,0x100e27,3623,0x0e27,14,39,1050598,2022,1601,confirmed from FH6 11-font anchor dump and inferred contiguous glyph blocks,"FH6 font glyph words are reordered vs FH5 for most fonts; use FH6 shape_word/full_code from this row, not the FH5 sheet code.",Text-field font shapes import through the universal/handmade type-code path.,
font_glyph,106,Forza_Font_6,,lower,w,W,Forza Font 6 Lower W,1052200,0x100e28,3624,0x0e28,14,40,1050599,2023,1601,confirmed from FH6 11-font anchor dump and inferred contiguous glyph blocks,"FH6 font glyph words are reordered vs FH5 for most fonts; use FH6 shape_word/full_code from this row, not the FH5 sheet code.",Text-field font shapes import through the universal/handmade type-code path.,
font_glyph,106,Forza_Font_6,,lower,x,X,Forza Font 6 Lower X,1052201,0x100e29,3625,0x0e29,14,41,1050600,2024,1601,confirmed from FH6 11-font anchor dump and inferred contiguous glyph blocks,"FH6 font glyph words are reordered vs FH5 for most fonts; use FH6 shape_word/full_code from this row, not the FH5 sheet code.",Text-field font shapes import through the universal/handmade type-code path.,
font_glyph,106,Forza_Font_6,,lower,y,Y,Forza Font 6 Lower Y,1052202,0x100e2a,3626,0x0e2a,14,42,1050601,2025,1601,confirmed from FH6 11-font anchor dump and inferred contiguous glyph blocks,"FH6 font glyph words are reordered vs FH5 for most fonts; use FH6 shape_word/full_code from this row, not the FH5 sheet code.",Text-field font shapes import through the universal/handmade type-code path.,
font_glyph,106,Forza_Font_6,,lower,z,Z,Forza Font 6 Lower Z,1052203,0x100e2b,3627,0x0e2b,14,43,1050602,2026,1601,confirmed from FH6 11-font anchor dump and inferred contiguous glyph blocks,"FH6 font glyph words are reordered vs FH5 for most fonts; use FH6 shape_word/full_code from this row, not the FH5 sheet code.",Text-field font shapes import through the universal/handmade type-code path.,
font_glyph,106,Forza_Font_6,,number,1,1,Forza Font 6 Number 1,1052103,0x100dc7,3527,0x0dc7,13,199,1050503,1927,1600,confirmed from FH6 11-font anchor dump and inferred contiguous glyph blocks,"FH6 font glyph words are reordered vs FH5 for most fonts; use FH6 shape_word/full_code from this row, not the FH5 sheet code.",Text-field font shapes import through the universal/handmade type-code path.,
font_glyph,106,Forza_Font_6,,number,2,2,Forza Font 6 Number 2,1052104,0x100dc8,3528,0x0dc8,13,200,1050504,1928,1600,confirmed from FH6 11-font anchor dump and inferred contiguous glyph blocks,"FH6 font glyph words are reordered vs FH5 for most fonts; use FH6 shape_word/full_code from this row, not the FH5 sheet code.",Text-field font shapes import through the universal/handmade type-code path.,
font_glyph,106,Forza_Font_6,,number,3,3,Forza Font 6 Number 3,1052105,0x100dc9,3529,0x0dc9,13,201,1050505,1929,1600,confirmed from FH6 11-font anchor dump and inferred contiguous glyph blocks,"FH6 font glyph words are reordered vs FH5 for most fonts; use FH6 shape_word/full_code from this row, not the FH5 sheet code.",Text-field font shapes import through the universal/handmade type-code path.,
font_glyph,106,Forza_Font_6,,number,4,4,Forza Font 6 Number 4,1052106,0x100dca,3530,0x0dca,13,202,1050506,1930,1600,confirmed from FH6 11-font anchor dump and inferred contiguous glyph blocks,"FH6 font glyph words are reordered vs FH5 for most fonts; use FH6 shape_word/full_code from this row, not the FH5 sheet code.",Text-field font shapes import through the universal/handmade type-code path.,
font_glyph,106,Forza_Font_6,,number,5,5,Forza Font 6 Number 5,1052107,0x100dcb,3531,0x0dcb,13,203,1050507,1931,1600,confirmed from FH6 11-font anchor dump and inferred contiguous glyph blocks,"FH6 font glyph words are reordered vs FH5 for most fonts; use FH6 shape_word/full_code from this row, not the FH5 sheet code.",Text-field font shapes import through the universal/handmade type-code path.,
font_glyph,106,Forza_Font_6,,number,6,6,Forza Font 6 Number 6,1052108,0x100dcc,3532,0x0dcc,13,204,1050508,1932,1600,confirmed from FH6 11-font anchor dump and inferred contiguous glyph blocks,"FH6 font glyph words are reordered vs FH5 for most fonts; use FH6 shape_word/full_code from this row, not the FH5 sheet code.",Text-field font shapes import through the universal/handmade type-code path.,
font_glyph,106,Forza_Font_6,,number,7,7,Forza Font 6 Number 7,1052109,0x100dcd,3533,0x0dcd,13,205,1050509,1933,1600,confirmed from FH6 11-font anchor dump and inferred contiguous glyph blocks,"FH6 font glyph words are reordered vs FH5 for most fonts; use FH6 shape_word/full_code from this row, not the FH5 sheet code.",Text-field font shapes import through the universal/handmade type-code path.,
font_glyph,106,Forza_Font_6,,number,8,8,Forza Font 6 Number 8,1052110,0x100dce,3534,0x0dce,13,206,1050510,1934,1600,confirmed from FH6 11-font anchor dump and inferred contiguous glyph blocks,"FH6 font glyph words are reordered vs FH5 for most fonts; use FH6 shape_word/full_code from this row, not the FH5 sheet code.",Text-field font shapes import through the universal/handmade type-code path.,
font_glyph,106,Forza_Font_6,,number,9,9,Forza Font 6 Number 9,1052111,0x100dcf,3535,0x0dcf,13,207,1050511,1935,1600,confirmed from FH6 11-font anchor dump and inferred contiguous glyph blocks,"FH6 font glyph words are reordered vs FH5 for most fonts; use FH6 shape_word/full_code from this row, not the FH5 sheet code.",Text-field font shapes import through the universal/handmade type-code path.,
font_glyph,106,Forza_Font_6,,number,10,10,Forza Font 6 Number 10,1052112,0x100dd0,3536,0x0dd0,13,208,1050512,1936,1600,confirmed from FH6 11-font anchor dump and inferred contiguous glyph blocks,"FH6 font glyph words are reordered vs FH5 for most fonts; use FH6 shape_word/full_code from this row, not the FH5 sheet code.",Text-field font shapes import through the universal/handmade type-code path.,
font_glyph,106,Forza_Font_6,,upper_symbol,!,!,Forza Font 6 Exclamation Mark,1052113,0x100dd1,3537,0x0dd1,13,209,1050513,1937,1600,confirmed from FH6 11-font anchor dump and inferred contiguous glyph blocks,"FH6 font glyph words are reordered vs FH5 for most fonts; use FH6 shape_word/full_code from this row, not the FH5 sheet code.",Text-field font shapes import through the universal/handmade type-code path.,
font_glyph,106,Forza_Font_6,,upper_symbol,?,?,Forza Font 6 Question Mark,1052114,0x100dd2,3538,0x0dd2,13,210,1050514,1938,1600,confirmed from FH6 11-font anchor dump and inferred contiguous glyph blocks,"FH6 font glyph words are reordered vs FH5 for most fonts; use FH6 shape_word/full_code from this row, not the FH5 sheet code.",Text-field font shapes import through the universal/handmade type-code path.,
font_glyph,106,Forza_Font_6,,upper_symbol,@,@,Forza Font 6 Upper At Symbol,1052115,0x100dd3,3539,0x0dd3,13,211,1050515,1939,1600,confirmed from FH6 11-font anchor dump and inferred contiguous glyph blocks,"FH6 font glyph words are reordered vs FH5 for most fonts; use FH6 shape_word/full_code from this row, not the FH5 sheet code.",Text-field font shapes import through the universal/handmade type-code path.,
font_glyph,106,Forza_Font_6,,upper_symbol,&,&,Forza Font 6 Ampersand,1052116,0x100dd4,3540,0x0dd4,13,212,1050516,1940,1600,confirmed from FH6 11-font anchor dump and inferred contiguous glyph blocks,"FH6 font glyph words are reordered vs FH5 for most fonts; use FH6 shape_word/full_code from this row, not the FH5 sheet code.",Text-field font shapes import through the universal/handmade type-code path.,
font_glyph,106,Forza_Font_6,,lower_symbol,$,$,Forza Font 6 Dollar Sign,1052203,0x100e2b,3627,0x0e2b,14,43,1050603,2027,1600,confirmed from FH6 11-font anchor dump and inferred contiguous glyph blocks,"FH6 font glyph words are reordered vs FH5 for most fonts; use FH6 shape_word/full_code from this row, not the FH5 sheet code.",Text-field font shapes import through the universal/handmade type-code path.,
font_glyph,106,Forza_Font_6,,lower_symbol,£,£,Forza Font 6 Pound Sign,1052204,0x100e2c,3628,0x0e2c,14,44,1050604,2028,1600,confirmed from FH6 11-font anchor dump and inferred contiguous glyph blocks,"FH6 font glyph words are reordered vs FH5 for most fonts; use FH6 shape_word/full_code from this row, not the FH5 sheet code.",Text-field font shapes import through the universal/handmade type-code path.,
font_glyph,106,Forza_Font_6,,lower_symbol,¥,¥,Forza Font 6 Yen Sign,1052205,0x100e2d,3629,0x0e2d,14,45,1050605,2029,1600,confirmed from FH6 11-font anchor dump and inferred contiguous glyph blocks,"FH6 font glyph words are reordered vs FH5 for most fonts; use FH6 shape_word/full_code from this row, not the FH5 sheet code.",Text-field font shapes import through the universal/handmade type-code path.,
font_glyph,106,Forza_Font_6,,lower_symbol,€,€,Forza Font 6 Euro Sign,1052206,0x100e2e,3630,0x0e2e,14,46,1050606,2030,1600,confirmed from FH6 11-font anchor dump and inferred contiguous glyph blocks,"FH6 font glyph words are reordered vs FH5 for most fonts; use FH6 shape_word/full_code from this row, not the FH5 sheet code.",Text-field font shapes import through the universal/handmade type-code path.,
font_glyph,106,Forza_Font_6,,lower_symbol,æ,æ,Forza Font 6 AE,1052207,0x100e2f,3631,0x0e2f,14,47,1050607,2031,1600,confirmed from FH6 11-font anchor dump and inferred contiguous glyph blocks,"FH6 font glyph words are reordered vs FH5 for most fonts; use FH6 shape_word/full_code from this row, not the FH5 sheet code.",Text-field font shapes import through the universal/handmade type-code path.,
font_glyph,106,Forza_Font_6,,lower_symbol,^,^,Forza Font 6 Caret Symbol,1052208,0x100e30,3632,0x0e30,14,48,1050608,2032,1600,confirmed from FH6 11-font anchor dump and inferred contiguous glyph blocks,"FH6 font glyph words are reordered vs FH5 for most fonts; use FH6 shape_word/full_code from this row, not the FH5 sheet code.",Text-field font shapes import through the universal/handmade type-code path.,
font_glyph,106,Forza_Font_6,,lower_symbol,ß,ß,Forza Font 6 Eszett Symbol,1052209,0x100e31,3633,0x0e31,14,49,1050609,2033,1600,confirmed from FH6 11-font anchor dump and inferred contiguous glyph blocks,"FH6 font glyph words are reordered vs FH5 for most fonts; use FH6 shape_word/full_code from this row, not the FH5 sheet code.",Text-field font shapes import through the universal/handmade type-code path.,
font_glyph,106,Forza_Font_6,,lower_symbol,@,@,Forza Font 6 Lower At Symbol,1052210,0x100e32,3634,0x0e32,14,50,1050610,2034,1600,confirmed from FH6 11-font anchor dump and inferred contiguous glyph blocks,"FH6 font glyph words are reordered vs FH5 for most fonts; use FH6 shape_word/full_code from this row, not the FH5 sheet code.",Text-field font shapes import through the universal/handmade type-code path.,
font_glyph,106,Forza_Font_6,,lower_symbol,#,#,Forza Font 6 Hash,1052211,0x100e33,3635,0x0e33,14,51,1050611,2035,1600,confirmed from FH6 11-font anchor dump and inferred contiguous glyph blocks,"FH6 font glyph words are reordered vs FH5 for most fonts; use FH6 shape_word/full_code from this row, not the FH5 sheet code.",Text-field font shapes import through the universal/handmade type-code path.,
font_glyph,106,Forza_Font_6,,lower_symbol,+,+,Forza Font 6 Plus Symbol,1052212,0x100e34,3636,0x0e34,14,52,1050612,2036,1600,confirmed from FH6 11-font anchor dump and inferred contiguous glyph blocks,"FH6 font glyph words are reordered vs FH5 for most fonts; use FH6 shape_word/full_code from this row, not the FH5 sheet code.",Text-field font shapes import through the universal/handmade type-code path.,
font_glyph,106,Forza_Font_6,,lower_symbol,%,%,Forza Font 6 Percent Sign,1052213,0x100e35,3637,0x0e35,14,53,1050613,2037,1600,confirmed from FH6 11-font anchor dump and inferred contiguous glyph blocks,"FH6 font glyph words are reordered vs FH5 for most fonts; use FH6 shape_word/full_code from this row, not the FH5 sheet code.",Text-field font shapes import through the universal/handmade type-code path.,
font_glyph,106,Forza_Font_6,,lower_symbol,:,:,Forza Font 6 Colon,1052214,0x100e36,3638,0x0e36,14,54,1050614,2038,1600,confirmed from FH6 11-font anchor dump and inferred contiguous glyph blocks,"FH6 font glyph words are reordered vs FH5 for most fonts; use FH6 shape_word/full_code from this row, not the FH5 sheet code.",Text-field font shapes import through the universal/handmade type-code path.,
font_glyph,106,Forza_Font_6,,lower_symbol,;,;,Forza Font 6 Semicolon,1052215,0x100e37,3639,0x0e37,14,55,1050615,2039,1600,confirmed from FH6 11-font anchor dump and inferred contiguous glyph blocks,"FH6 font glyph words are reordered vs FH5 for most fonts; use FH6 shape_word/full_code from this row, not the FH5 sheet code.",Text-field font shapes import through the universal/handmade type-code path.,
font_glyph,106,Forza_Font_6,,lower_symbol,/,/,Forza Font 6 Slash,1052216,0x100e38,3640,0x0e38,14,56,1050616,2040,1600,confirmed from FH6 11-font anchor dump and inferred contiguous glyph blocks,"FH6 font glyph words are reordered vs FH5 for most fonts; use FH6 shape_word/full_code from this row, not the FH5 sheet code.",Text-field font shapes import through the universal/handmade type-code path.,
font_glyph,107,Forza_Font_7,,upper,A,A,Forza Font 7 Upper A,1050077,0x1005dd,1501,0x05dd,5,221,1050477,1901,-400,confirmed from FH6 11-font anchor dump and inferred contiguous glyph blocks,"FH6 font glyph words are reordered vs FH5 for most fonts; use FH6 shape_word/full_code from this row, not the FH5 sheet code.",Text-field font shapes import through the universal/handmade type-code path.,
font_glyph,107,Forza_Font_7,,upper,B,B,Forza Font 7 Upper B,1050078,0x1005de,1502,0x05de,5,222,1050478,1902,-400,confirmed from FH6 11-font anchor dump and inferred contiguous glyph blocks,"FH6 font glyph words are reordered vs FH5 for most fonts; use FH6 shape_word/full_code from this row, not the FH5 sheet code.",Text-field font shapes import through the universal/handmade type-code path.,
font_glyph,107,Forza_Font_7,,upper,C,C,Forza Font 7 Upper C,1050079,0x1005df,1503,0x05df,5,223,1050479,1903,-400,confirmed from FH6 11-font anchor dump and inferred contiguous glyph blocks,"FH6 font glyph words are reordered vs FH5 for most fonts; use FH6 shape_word/full_code from this row, not the FH5 sheet code.",Text-field font shapes import through the universal/handmade type-code path.,
font_glyph,107,Forza_Font_7,,upper,D,D,Forza Font 7 Upper D,1050080,0x1005e0,1504,0x05e0,5,224,1050480,1904,-400,confirmed from FH6 11-font anchor dump and inferred contiguous glyph blocks,"FH6 font glyph words are reordered vs FH5 for most fonts; use FH6 shape_word/full_code from this row, not the FH5 sheet code.",Text-field font shapes import through the universal/handmade type-code path.,
font_glyph,107,Forza_Font_7,,upper,E,E,Forza Font 7 Upper E,1050081,0x1005e1,1505,0x05e1,5,225,1050481,1905,-400,confirmed from FH6 11-font anchor dump and inferred contiguous glyph blocks,"FH6 font glyph words are reordered vs FH5 for most fonts; use FH6 shape_word/full_code from this row, not the FH5 sheet code.",Text-field font shapes import through the universal/handmade type-code path.,
font_glyph,107,Forza_Font_7,,upper,F,F,Forza Font 7 Upper F,1050082,0x1005e2,1506,0x05e2,5,226,1050482,1906,-400,confirmed from FH6 11-font anchor dump and inferred contiguous glyph blocks,"FH6 font glyph words are reordered vs FH5 for most fonts; use FH6 shape_word/full_code from this row, not the FH5 sheet code.",Text-field font shapes import through the universal/handmade type-code path.,
font_glyph,107,Forza_Font_7,,upper,G,G,Forza Font 7 Upper G,1050083,0x1005e3,1507,0x05e3,5,227,1050483,1907,-400,confirmed from FH6 11-font anchor dump and inferred contiguous glyph blocks,"FH6 font glyph words are reordered vs FH5 for most fonts; use FH6 shape_word/full_code from this row, not the FH5 sheet code.",Text-field font shapes import through the universal/handmade type-code path.,
font_glyph,107,Forza_Font_7,,upper,H,H,Forza Font 7 Upper H,1050084,0x1005e4,1508,0x05e4,5,228,1050484,1908,-400,confirmed from FH6 11-font anchor dump and inferred contiguous glyph blocks,"FH6 font glyph words are reordered vs FH5 for most fonts; use FH6 shape_word/full_code from this row, not the FH5 sheet code.",Text-field font shapes import through the universal/handmade type-code path.,
font_glyph,107,Forza_Font_7,,upper,I,I,Forza Font 7 Upper I,1050085,0x1005e5,1509,0x05e5,5,229,1050485,1909,-400,confirmed from FH6 11-font anchor dump and inferred contiguous glyph blocks,"FH6 font glyph words are reordered vs FH5 for most fonts; use FH6 shape_word/full_code from this row, not the FH5 sheet code.",Text-field font shapes import through the universal/handmade type-code path.,
font_glyph,107,Forza_Font_7,,upper,J,J,Forza Font 7 Upper J,1050086,0x1005e6,1510,0x05e6,5,230,1050486,1910,-400,confirmed from FH6 11-font anchor dump and inferred contiguous glyph blocks,"FH6 font glyph words are reordered vs FH5 for most fonts; use FH6 shape_word/full_code from this row, not the FH5 sheet code.",Text-field font shapes import through the universal/handmade type-code path.,
font_glyph,107,Forza_Font_7,,upper,K,K,Forza Font 7 Upper K,1050087,0x1005e7,1511,0x05e7,5,231,1050487,1911,-400,confirmed from FH6 11-font anchor dump and inferred contiguous glyph blocks,"FH6 font glyph words are reordered vs FH5 for most fonts; use FH6 shape_word/full_code from this row, not the FH5 sheet code.",Text-field font shapes import through the universal/handmade type-code path.,
font_glyph,107,Forza_Font_7,,upper,L,L,Forza Font 7 Upper L,1050088,0x1005e8,1512,0x05e8,5,232,1050488,1912,-400,confirmed from FH6 11-font anchor dump and inferred contiguous glyph blocks,"FH6 font glyph words are reordered vs FH5 for most fonts; use FH6 shape_word/full_code from this row, not the FH5 sheet code.",Text-field font shapes import through the universal/handmade type-code path.,
font_glyph,107,Forza_Font_7,,upper,M,M,Forza Font 7 Upper M,1050089,0x1005e9,1513,0x05e9,5,233,1050489,1913,-400,confirmed from FH6 11-font anchor dump and inferred contiguous glyph blocks,"FH6 font glyph words are reordered vs FH5 for most fonts; use FH6 shape_word/full_code from this row, not the FH5 sheet code.",Text-field font shapes import through the universal/handmade type-code path.,
font_glyph,107,Forza_Font_7,,upper,N,N,Forza Font 7 Upper N,1050090,0x1005ea,1514,0x05ea,5,234,1050490,1914,-400,confirmed from FH6 11-font anchor dump and inferred contiguous glyph blocks,"FH6 font glyph words are reordered vs FH5 for most fonts; use FH6 shape_word/full_code from this row, not the FH5 sheet code.",Text-field font shapes import through the universal/handmade type-code path.,
font_glyph,107,Forza_Font_7,,upper,O,O,Forza Font 7 Upper O,1050091,0x1005eb,1515,0x05eb,5,235,1050491,1915,-400,confirmed from FH6 11-font anchor dump and inferred contiguous glyph blocks,"FH6 font glyph words are reordered vs FH5 for most fonts; use FH6 shape_word/full_code from this row, not the FH5 sheet code.",Text-field font shapes import through the universal/handmade type-code path.,
font_glyph,107,Forza_Font_7,,upper,P,P,Forza Font 7 Upper P,1050092,0x1005ec,1516,0x05ec,5,236,1050492,1916,-400,confirmed from FH6 11-font anchor dump and inferred contiguous glyph blocks,"FH6 font glyph words are reordered vs FH5 for most fonts; use FH6 shape_word/full_code from this row, not the FH5 sheet code.",Text-field font shapes import through the universal/handmade type-code path.,
font_glyph,107,Forza_Font_7,,upper,Q,Q,Forza Font 7 Upper Q,1050093,0x1005ed,1517,0x05ed,5,237,1050493,1917,-400,confirmed from FH6 11-font anchor dump and inferred contiguous glyph blocks,"FH6 font glyph words are reordered vs FH5 for most fonts; use FH6 shape_word/full_code from this row, not the FH5 sheet code.",Text-field font shapes import through the universal/handmade type-code path.,
font_glyph,107,Forza_Font_7,,upper,R,R,Forza Font 7 Upper R,1050094,0x1005ee,1518,0x05ee,5,238,1050494,1918,-400,confirmed from FH6 11-font anchor dump and inferred contiguous glyph blocks,"FH6 font glyph words are reordered vs FH5 for most fonts; use FH6 shape_word/full_code from this row, not the FH5 sheet code.",Text-field font shapes import through the universal/handmade type-code path.,
font_glyph,107,Forza_Font_7,,upper,S,S,Forza Font 7 Upper S,1050095,0x1005ef,1519,0x05ef,5,239,1050495,1919,-400,confirmed from FH6 11-font anchor dump and inferred contiguous glyph blocks,"FH6 font glyph words are reordered vs FH5 for most fonts; use FH6 shape_word/full_code from this row, not the FH5 sheet code.",Text-field font shapes import through the universal/handmade type-code path.,
font_glyph,107,Forza_Font_7,,upper,T,T,Forza Font 7 Upper T,1050096,0x1005f0,1520,0x05f0,5,240,1050496,1920,-400,confirmed from FH6 11-font anchor dump and inferred contiguous glyph blocks,"FH6 font glyph words are reordered vs FH5 for most fonts; use FH6 shape_word/full_code from this row, not the FH5 sheet code.",Text-field font shapes import through the universal/handmade type-code path.,
font_glyph,107,Forza_Font_7,,upper,U,U,Forza Font 7 Upper U,1050097,0x1005f1,1521,0x05f1,5,241,1050497,1921,-400,confirmed from FH6 11-font anchor dump and inferred contiguous glyph blocks,"FH6 font glyph words are reordered vs FH5 for most fonts; use FH6 shape_word/full_code from this row, not the FH5 sheet code.",Text-field font shapes import through the universal/handmade type-code path.,
font_glyph,107,Forza_Font_7,,upper,V,V,Forza Font 7 Upper V,1050098,0x1005f2,1522,0x05f2,5,242,1050498,1922,-400,confirmed from FH6 11-font anchor dump and inferred contiguous glyph blocks,"FH6 font glyph words are reordered vs FH5 for most fonts; use FH6 shape_word/full_code from this row, not the FH5 sheet code.",Text-field font shapes import through the universal/handmade type-code path.,
font_glyph,107,Forza_Font_7,,upper,W,W,Forza Font 7 Upper W,1050099,0x1005f3,1523,0x05f3,5,243,1050499,1923,-400,confirmed from FH6 11-font anchor dump and inferred contiguous glyph blocks,"FH6 font glyph words are reordered vs FH5 for most fonts; use FH6 shape_word/full_code from this row, not the FH5 sheet code.",Text-field font shapes import through the universal/handmade type-code path.,
font_glyph,107,Forza_Font_7,,upper,X,X,Forza Font 7 Upper X,1050100,0x1005f4,1524,0x05f4,5,244,1050500,1924,-400,confirmed from FH6 11-font anchor dump and inferred contiguous glyph blocks,"FH6 font glyph words are reordered vs FH5 for most fonts; use FH6 shape_word/full_code from this row, not the FH5 sheet code.",Text-field font shapes import through the universal/handmade type-code path.,
font_glyph,107,Forza_Font_7,,upper,Y,Y,Forza Font 7 Upper Y,1050101,0x1005f5,1525,0x05f5,5,245,1050501,1925,-400,confirmed from FH6 11-font anchor dump and inferred contiguous glyph blocks,"FH6 font glyph words are reordered vs FH5 for most fonts; use FH6 shape_word/full_code from this row, not the FH5 sheet code.",Text-field font shapes import through the universal/handmade type-code path.,
font_glyph,107,Forza_Font_7,,upper,Z,Z,Forza Font 7 Upper Z,1050102,0x1005f6,1526,0x05f6,5,246,1050502,1926,-400,confirmed from FH6 11-font anchor dump and inferred contiguous glyph blocks,"FH6 font glyph words are reordered vs FH5 for most fonts; use FH6 shape_word/full_code from this row, not the FH5 sheet code.",Text-field font shapes import through the universal/handmade type-code path.,
font_glyph,107,Forza_Font_7,,lower,a,A,Forza Font 7 Lower A,1050177,0x100641,1601,0x0641,6,65,1050576,2000,-399,confirmed from FH6 11-font anchor dump and inferred contiguous glyph blocks,"FH6 font glyph words are reordered vs FH5 for most fonts; use FH6 shape_word/full_code from this row, not the FH5 sheet code.",Text-field font shapes import through the universal/handmade type-code path.,
font_glyph,107,Forza_Font_7,,lower,b,B,Forza Font 7 Lower B,1050179,0x100643,1603,0x0643,6,67,1050578,2002,-399,confirmed from FH6 11-font anchor dump and inferred contiguous glyph blocks,"FH6 font glyph words are reordered vs FH5 for most fonts; use FH6 shape_word/full_code from this row, not the FH5 sheet code.",Text-field font shapes import through the universal/handmade type-code path.,
font_glyph,107,Forza_Font_7,,lower,c,C,Forza Font 7 Lower C,1050180,0x100644,1604,0x0644,6,68,1050579,2003,-399,confirmed from FH6 11-font anchor dump and inferred contiguous glyph blocks,"FH6 font glyph words are reordered vs FH5 for most fonts; use FH6 shape_word/full_code from this row, not the FH5 sheet code.",Text-field font shapes import through the universal/handmade type-code path.,
font_glyph,107,Forza_Font_7,,lower,d,D,Forza Font 7 Lower D,1050181,0x100645,1605,0x0645,6,69,1050580,2004,-399,confirmed from FH6 11-font anchor dump and inferred contiguous glyph blocks,"FH6 font glyph words are reordered vs FH5 for most fonts; use FH6 shape_word/full_code from this row, not the FH5 sheet code.",Text-field font shapes import through the universal/handmade type-code path.,
font_glyph,107,Forza_Font_7,,lower,e,E,Forza Font 7 Lower E,1050182,0x100646,1606,0x0646,6,70,1050581,2005,-399,confirmed from FH6 11-font anchor dump and inferred contiguous glyph blocks,"FH6 font glyph words are reordered vs FH5 for most fonts; use FH6 shape_word/full_code from this row, not the FH5 sheet code.",Text-field font shapes import through the universal/handmade type-code path.,
font_glyph,107,Forza_Font_7,,lower,f,F,Forza Font 7 Lower F,1050183,0x100647,1607,0x0647,6,71,1050582,2006,-399,confirmed from FH6 11-font anchor dump and inferred contiguous glyph blocks,"FH6 font glyph words are reordered vs FH5 for most fonts; use FH6 shape_word/full_code from this row, not the FH5 sheet code.",Text-field font shapes import through the universal/handmade type-code path.,
font_glyph,107,Forza_Font_7,,lower,g,G,Forza Font 7 Lower G,1050184,0x100648,1608,0x0648,6,72,1050583,2007,-399,confirmed from FH6 11-font anchor dump and inferred contiguous glyph blocks,"FH6 font glyph words are reordered vs FH5 for most fonts; use FH6 shape_word/full_code from this row, not the FH5 sheet code.",Text-field font shapes import through the universal/handmade type-code path.,
font_glyph,107,Forza_Font_7,,lower,h,H,Forza Font 7 Lower H,1050185,0x100649,1609,0x0649,6,73,1050584,2008,-399,confirmed from FH6 11-font anchor dump and inferred contiguous glyph blocks,"FH6 font glyph words are reordered vs FH5 for most fonts; use FH6 shape_word/full_code from this row, not the FH5 sheet code.",Text-field font shapes import through the universal/handmade type-code path.,
font_glyph,107,Forza_Font_7,,lower,i,I,Forza Font 7 Lower I,1050186,0x10064a,1610,0x064a,6,74,1050585,2009,-399,confirmed from FH6 11-font anchor dump and inferred contiguous glyph blocks,"FH6 font glyph words are reordered vs FH5 for most fonts; use FH6 shape_word/full_code from this row, not the FH5 sheet code.",Text-field font shapes import through the universal/handmade type-code path.,
font_glyph,107,Forza_Font_7,,lower,j,J,Forza Font 7 Lower J,1050187,0x10064b,1611,0x064b,6,75,1050586,2010,-399,confirmed from FH6 11-font anchor dump and inferred contiguous glyph blocks,"FH6 font glyph words are reordered vs FH5 for most fonts; use FH6 shape_word/full_code from this row, not the FH5 sheet code.",Text-field font shapes import through the universal/handmade type-code path.,
font_glyph,107,Forza_Font_7,,lower,k,K,Forza Font 7 Lower K,1050188,0x10064c,1612,0x064c,6,76,1050587,2011,-399,confirmed from FH6 11-font anchor dump and inferred contiguous glyph blocks,"FH6 font glyph words are reordered vs FH5 for most fonts; use FH6 shape_word/full_code from this row, not the FH5 sheet code.",Text-field font shapes import through the universal/handmade type-code path.,
font_glyph,107,Forza_Font_7,,lower,l,L,Forza Font 7 Lower L,1050189,0x10064d,1613,0x064d,6,77,1050588,2012,-399,confirmed from FH6 11-font anchor dump and inferred contiguous glyph blocks,"FH6 font glyph words are reordered vs FH5 for most fonts; use FH6 shape_word/full_code from this row, not the FH5 sheet code.",Text-field font shapes import through the universal/handmade type-code path.,
font_glyph,107,Forza_Font_7,,lower,m,M,Forza Font 7 Lower M,1050190,0x10064e,1614,0x064e,6,78,1050589,2013,-399,confirmed from FH6 11-font anchor dump and inferred contiguous glyph blocks,"FH6 font glyph words are reordered vs FH5 for most fonts; use FH6 shape_word/full_code from this row, not the FH5 sheet code.",Text-field font shapes import through the universal/handmade type-code path.,
font_glyph,107,Forza_Font_7,,lower,n,N,Forza Font 7 Lower N,1050191,0x10064f,1615,0x064f,6,79,1050590,2014,-399,confirmed from FH6 11-font anchor dump and inferred contiguous glyph blocks,"FH6 font glyph words are reordered vs FH5 for most fonts; use FH6 shape_word/full_code from this row, not the FH5 sheet code.",Text-field font shapes import through the universal/handmade type-code path.,
font_glyph,107,Forza_Font_7,,lower,o,O,Forza Font 7 Lower O,1050192,0x100650,1616,0x0650,6,80,1050591,2015,-399,confirmed from FH6 11-font anchor dump and inferred contiguous glyph blocks,"FH6 font glyph words are reordered vs FH5 for most fonts; use FH6 shape_word/full_code from this row, not the FH5 sheet code.",Text-field font shapes import through the universal/handmade type-code path.,
font_glyph,107,Forza_Font_7,,lower,p,P,Forza Font 7 Lower P,1050193,0x100651,1617,0x0651,6,81,1050592,2016,-399,confirmed from FH6 11-font anchor dump and inferred contiguous glyph blocks,"FH6 font glyph words are reordered vs FH5 for most fonts; use FH6 shape_word/full_code from this row, not the FH5 sheet code.",Text-field font shapes import through the universal/handmade type-code path.,
font_glyph,107,Forza_Font_7,,lower,q,Q,Forza Font 7 Lower Q,1050194,0x100652,1618,0x0652,6,82,1050593,2017,-399,confirmed from FH6 11-font anchor dump and inferred contiguous glyph blocks,"FH6 font glyph words are reordered vs FH5 for most fonts; use FH6 shape_word/full_code from this row, not the FH5 sheet code.",Text-field font shapes import through the universal/handmade type-code path.,
font_glyph,107,Forza_Font_7,,lower,r,R,Forza Font 7 Lower R,1050195,0x100653,1619,0x0653,6,83,1050594,2018,-399,confirmed from FH6 11-font anchor dump and inferred contiguous glyph blocks,"FH6 font glyph words are reordered vs FH5 for most fonts; use FH6 shape_word/full_code from this row, not the FH5 sheet code.",Text-field font shapes import through the universal/handmade type-code path.,
font_glyph,107,Forza_Font_7,,lower,s,S,Forza Font 7 Lower S,1050196,0x100654,1620,0x0654,6,84,1050595,2019,-399,confirmed from FH6 11-font anchor dump and inferred contiguous glyph blocks,"FH6 font glyph words are reordered vs FH5 for most fonts; use FH6 shape_word/full_code from this row, not the FH5 sheet code.",Text-field font shapes import through the universal/handmade type-code path.,
font_glyph,107,Forza_Font_7,,lower,t,T,Forza Font 7 Lower T,1050197,0x100655,1621,0x0655,6,85,1050596,2020,-399,confirmed from FH6 11-font anchor dump and inferred contiguous glyph blocks,"FH6 font glyph words are reordered vs FH5 for most fonts; use FH6 shape_word/full_code from this row, not the FH5 sheet code.",Text-field font shapes import through the universal/handmade type-code path.,
font_glyph,107,Forza_Font_7,,lower,u,U,Forza Font 7 Lower U,1050198,0x100656,1622,0x0656,6,86,1050597,2021,-399,confirmed from FH6 11-font anchor dump and inferred contiguous glyph blocks,"FH6 font glyph words are reordered vs FH5 for most fonts; use FH6 shape_word/full_code from this row, not the FH5 sheet code.",Text-field font shapes import through the universal/handmade type-code path.,
font_glyph,107,Forza_Font_7,,lower,v,V,Forza Font 7 Lower V,1050199,0x100657,1623,0x0657,6,87,1050598,2022,-399,confirmed from FH6 11-font anchor dump and inferred contiguous glyph blocks,"FH6 font glyph words are reordered vs FH5 for most fonts; use FH6 shape_word/full_code from this row, not the FH5 sheet code.",Text-field font shapes import through the universal/handmade type-code path.,
font_glyph,107,Forza_Font_7,,lower,w,W,Forza Font 7 Lower W,1050200,0x100658,1624,0x0658,6,88,1050599,2023,-399,confirmed from FH6 11-font anchor dump and inferred contiguous glyph blocks,"FH6 font glyph words are reordered vs FH5 for most fonts; use FH6 shape_word/full_code from this row, not the FH5 sheet code.",Text-field font shapes import through the universal/handmade type-code path.,
font_glyph,107,Forza_Font_7,,lower,x,X,Forza Font 7 Lower X,1050201,0x100659,1625,0x0659,6,89,1050600,2024,-399,confirmed from FH6 11-font anchor dump and inferred contiguous glyph blocks,"FH6 font glyph words are reordered vs FH5 for most fonts; use FH6 shape_word/full_code from this row, not the FH5 sheet code.",Text-field font shapes import through the universal/handmade type-code path.,
font_glyph,107,Forza_Font_7,,lower,y,Y,Forza Font 7 Lower Y,1050202,0x10065a,1626,0x065a,6,90,1050601,2025,-399,confirmed from FH6 11-font anchor dump and inferred contiguous glyph blocks,"FH6 font glyph words are reordered vs FH5 for most fonts; use FH6 shape_word/full_code from this row, not the FH5 sheet code.",Text-field font shapes import through the universal/handmade type-code path.,
font_glyph,107,Forza_Font_7,,lower,z,Z,Forza Font 7 Lower Z,1050203,0x10065b,1627,0x065b,6,91,1050602,2026,-399,confirmed from FH6 11-font anchor dump and inferred contiguous glyph blocks,"FH6 font glyph words are reordered vs FH5 for most fonts; use FH6 shape_word/full_code from this row, not the FH5 sheet code.",Text-field font shapes import through the universal/handmade type-code path.,
font_glyph,107,Forza_Font_7,,number,1,1,Forza Font 7 Number 1,1050103,0x1005f7,1527,0x05f7,5,247,1050503,1927,-400,confirmed from FH6 11-font anchor dump and inferred contiguous glyph blocks,"FH6 font glyph words are reordered vs FH5 for most fonts; use FH6 shape_word/full_code from this row, not the FH5 sheet code.",Text-field font shapes import through the universal/handmade type-code path.,
font_glyph,107,Forza_Font_7,,number,2,2,Forza Font 7 Number 2,1050104,0x1005f8,1528,0x05f8,5,248,1050504,1928,-400,confirmed from FH6 11-font anchor dump and inferred contiguous glyph blocks,"FH6 font glyph words are reordered vs FH5 for most fonts; use FH6 shape_word/full_code from this row, not the FH5 sheet code.",Text-field font shapes import through the universal/handmade type-code path.,
font_glyph,107,Forza_Font_7,,number,3,3,Forza Font 7 Number 3,1050105,0x1005f9,1529,0x05f9,5,249,1050505,1929,-400,confirmed from FH6 11-font anchor dump and inferred contiguous glyph blocks,"FH6 font glyph words are reordered vs FH5 for most fonts; use FH6 shape_word/full_code from this row, not the FH5 sheet code.",Text-field font shapes import through the universal/handmade type-code path.,
font_glyph,107,Forza_Font_7,,number,4,4,Forza Font 7 Number 4,1050106,0x1005fa,1530,0x05fa,5,250,1050506,1930,-400,confirmed from FH6 11-font anchor dump and inferred contiguous glyph blocks,"FH6 font glyph words are reordered vs FH5 for most fonts; use FH6 shape_word/full_code from this row, not the FH5 sheet code.",Text-field font shapes import through the universal/handmade type-code path.,
font_glyph,107,Forza_Font_7,,number,5,5,Forza Font 7 Number 5,1050107,0x1005fb,1531,0x05fb,5,251,1050507,1931,-400,confirmed from FH6 11-font anchor dump and inferred contiguous glyph blocks,"FH6 font glyph words are reordered vs FH5 for most fonts; use FH6 shape_word/full_code from this row, not the FH5 sheet code.",Text-field font shapes import through the universal/handmade type-code path.,
font_glyph,107,Forza_Font_7,,number,6,6,Forza Font 7 Number 6,1050108,0x1005fc,1532,0x05fc,5,252,1050508,1932,-400,confirmed from FH6 11-font anchor dump and inferred contiguous glyph blocks,"FH6 font glyph words are reordered vs FH5 for most fonts; use FH6 shape_word/full_code from this row, not the FH5 sheet code.",Text-field font shapes import through the universal/handmade type-code path.,
font_glyph,107,Forza_Font_7,,number,7,7,Forza Font 7 Number 7,1050109,0x1005fd,1533,0x05fd,5,253,1050509,1933,-400,confirmed from FH6 11-font anchor dump and inferred contiguous glyph blocks,"FH6 font glyph words are reordered vs FH5 for most fonts; use FH6 shape_word/full_code from this row, not the FH5 sheet code.",Text-field font shapes import through the universal/handmade type-code path.,
font_glyph,107,Forza_Font_7,,number,8,8,Forza Font 7 Number 8,1050110,0x1005fe,1534,0x05fe,5,254,1050510,1934,-400,confirmed from FH6 11-font anchor dump and inferred contiguous glyph blocks,"FH6 font glyph words are reordered vs FH5 for most fonts; use FH6 shape_word/full_code from this row, not the FH5 sheet code.",Text-field font shapes import through the universal/handmade type-code path.,
font_glyph,107,Forza_Font_7,,number,9,9,Forza Font 7 Number 9,1050111,0x1005ff,1535,0x05ff,5,255,1050511,1935,-400,confirmed from FH6 11-font anchor dump and inferred contiguous glyph blocks,"FH6 font glyph words are reordered vs FH5 for most fonts; use FH6 shape_word/full_code from this row, not the FH5 sheet code.",Text-field font shapes import through the universal/handmade type-code path.,
font_glyph,107,Forza_Font_7,,number,10,10,Forza Font 7 Number 10,1050112,0x100600,1536,0x0600,6,0,1050512,1936,-400,confirmed from FH6 11-font anchor dump and inferred contiguous glyph blocks,"FH6 font glyph words are reordered vs FH5 for most fonts; use FH6 shape_word/full_code from this row, not the FH5 sheet code.",Text-field font shapes import through the universal/handmade type-code path.,
font_glyph,107,Forza_Font_7,,upper_symbol,!,!,Forza Font 7 Exclamation Mark,1050113,0x100601,1537,0x0601,6,1,1050513,1937,-400,confirmed from FH6 11-font anchor dump and inferred contiguous glyph blocks,"FH6 font glyph words are reordered vs FH5 for most fonts; use FH6 shape_word/full_code from this row, not the FH5 sheet code.",Text-field font shapes import through the universal/handmade type-code path.,
font_glyph,107,Forza_Font_7,,upper_symbol,?,?,Forza Font 7 Question Mark,1050114,0x100602,1538,0x0602,6,2,1050514,1938,-400,confirmed from FH6 11-font anchor dump and inferred contiguous glyph blocks,"FH6 font glyph words are reordered vs FH5 for most fonts; use FH6 shape_word/full_code from this row, not the FH5 sheet code.",Text-field font shapes import through the universal/handmade type-code path.,
font_glyph,107,Forza_Font_7,,upper_symbol,@,@,Forza Font 7 Upper At Symbol,1050115,0x100603,1539,0x0603,6,3,1050515,1939,-400,confirmed from FH6 11-font anchor dump and inferred contiguous glyph blocks,"FH6 font glyph words are reordered vs FH5 for most fonts; use FH6 shape_word/full_code from this row, not the FH5 sheet code.",Text-field font shapes import through the universal/handmade type-code path.,
font_glyph,107,Forza_Font_7,,upper_symbol,&,&,Forza Font 7 Ampersand,1050116,0x100604,1540,0x0604,6,4,1050516,1940,-400,confirmed from FH6 11-font anchor dump and inferred contiguous glyph blocks,"FH6 font glyph words are reordered vs FH5 for most fonts; use FH6 shape_word/full_code from this row, not the FH5 sheet code.",Text-field font shapes import through the universal/handmade type-code path.,
font_glyph,107,Forza_Font_7,,lower_symbol,$,$,Forza Font 7 Dollar Sign,1050203,0x10065b,1627,0x065b,6,91,1050603,2027,-400,confirmed from FH6 11-font anchor dump and inferred contiguous glyph blocks,"FH6 font glyph words are reordered vs FH5 for most fonts; use FH6 shape_word/full_code from this row, not the FH5 sheet code.",Text-field font shapes import through the universal/handmade type-code path.,
font_glyph,107,Forza_Font_7,,lower_symbol,£,£,Forza Font 7 Pound Sign,1050204,0x10065c,1628,0x065c,6,92,1050604,2028,-400,confirmed from FH6 11-font anchor dump and inferred contiguous glyph blocks,"FH6 font glyph words are reordered vs FH5 for most fonts; use FH6 shape_word/full_code from this row, not the FH5 sheet code.",Text-field font shapes import through the universal/handmade type-code path.,
font_glyph,107,Forza_Font_7,,lower_symbol,¥,¥,Forza Font 7 Yen Sign,1050205,0x10065d,1629,0x065d,6,93,1050605,2029,-400,confirmed from FH6 11-font anchor dump and inferred contiguous glyph blocks,"FH6 font glyph words are reordered vs FH5 for most fonts; use FH6 shape_word/full_code from this row, not the FH5 sheet code.",Text-field font shapes import through the universal/handmade type-code path.,
font_glyph,107,Forza_Font_7,,lower_symbol,€,€,Forza Font 7 Euro Sign,1050206,0x10065e,1630,0x065e,6,94,1050606,2030,-400,confirmed from FH6 11-font anchor dump and inferred contiguous glyph blocks,"FH6 font glyph words are reordered vs FH5 for most fonts; use FH6 shape_word/full_code from this row, not the FH5 sheet code.",Text-field font shapes import through the universal/handmade type-code path.,
font_glyph,107,Forza_Font_7,,lower_symbol,æ,æ,Forza Font 7 AE,1050207,0x10065f,1631,0x065f,6,95,1050607,2031,-400,confirmed from FH6 11-font anchor dump and inferred contiguous glyph blocks,"FH6 font glyph words are reordered vs FH5 for most fonts; use FH6 shape_word/full_code from this row, not the FH5 sheet code.",Text-field font shapes import through the universal/handmade type-code path.,
font_glyph,107,Forza_Font_7,,lower_symbol,^,^,Forza Font 7 Caret Symbol,1050208,0x100660,1632,0x0660,6,96,1050608,2032,-400,confirmed from FH6 11-font anchor dump and inferred contiguous glyph blocks,"FH6 font glyph words are reordered vs FH5 for most fonts; use FH6 shape_word/full_code from this row, not the FH5 sheet code.",Text-field font shapes import through the universal/handmade type-code path.,
font_glyph,107,Forza_Font_7,,lower_symbol,ß,ß,Forza Font 7 Eszett Symbol,1050209,0x100661,1633,0x0661,6,97,1050609,2033,-400,confirmed from FH6 11-font anchor dump and inferred contiguous glyph blocks,"FH6 font glyph words are reordered vs FH5 for most fonts; use FH6 shape_word/full_code from this row, not the FH5 sheet code.",Text-field font shapes import through the universal/handmade type-code path.,
font_glyph,107,Forza_Font_7,,lower_symbol,@,@,Forza Font 7 Lower At Symbol,1050210,0x100662,1634,0x0662,6,98,1050610,2034,-400,confirmed from FH6 11-font anchor dump and inferred contiguous glyph blocks,"FH6 font glyph words are reordered vs FH5 for most fonts; use FH6 shape_word/full_code from this row, not the FH5 sheet code.",Text-field font shapes import through the universal/handmade type-code path.,
font_glyph,107,Forza_Font_7,,lower_symbol,#,#,Forza Font 7 Hash,1050211,0x100663,1635,0x0663,6,99,1050611,2035,-400,confirmed from FH6 11-font anchor dump and inferred contiguous glyph blocks,"FH6 font glyph words are reordered vs FH5 for most fonts; use FH6 shape_word/full_code from this row, not the FH5 sheet code.",Text-field font shapes import through the universal/handmade type-code path.,
font_glyph,107,Forza_Font_7,,lower_symbol,+,+,Forza Font 7 Plus Symbol,1050212,0x100664,1636,0x0664,6,100,1050612,2036,-400,confirmed from FH6 11-font anchor dump and inferred contiguous glyph blocks,"FH6 font glyph words are reordered vs FH5 for most fonts; use FH6 shape_word/full_code from this row, not the FH5 sheet code.",Text-field font shapes import through the universal/handmade type-code path.,
font_glyph,107,Forza_Font_7,,lower_symbol,%,%,Forza Font 7 Percent Sign,1050213,0x100665,1637,0x0665,6,101,1050613,2037,-400,confirmed from FH6 11-font anchor dump and inferred contiguous glyph blocks,"FH6 font glyph words are reordered vs FH5 for most fonts; use FH6 shape_word/full_code from this row, not the FH5 sheet code.",Text-field font shapes import through the universal/handmade type-code path.,
font_glyph,107,Forza_Font_7,,lower_symbol,:,:,Forza Font 7 Colon,1050214,0x100666,1638,0x0666,6,102,1050614,2038,-400,confirmed from FH6 11-font anchor dump and inferred contiguous glyph blocks,"FH6 font glyph words are reordered vs FH5 for most fonts; use FH6 shape_word/full_code from this row, not the FH5 sheet code.",Text-field font shapes import through the universal/handmade type-code path.,
font_glyph,107,Forza_Font_7,,lower_symbol,;,;,Forza Font 7 Semicolon,1050215,0x100667,1639,0x0667,6,103,1050615,2039,-400,confirmed from FH6 11-font anchor dump and inferred contiguous glyph blocks,"FH6 font glyph words are reordered vs FH5 for most fonts; use FH6 shape_word/full_code from this row, not the FH5 sheet code.",Text-field font shapes import through the universal/handmade type-code path.,
font_glyph,107,Forza_Font_7,,lower_symbol,/,/,Forza Font 7 Slash,1050216,0x100668,1640,0x0668,6,104,1050616,2040,-400,confirmed from FH6 11-font anchor dump and inferred contiguous glyph blocks,"FH6 font glyph words are reordered vs FH5 for most fonts; use FH6 shape_word/full_code from this row, not the FH5 sheet code.",Text-field font shapes import through the universal/handmade type-code path.,
font_glyph,108,Forza_Font_8,,upper,A,A,Forza Font 8 Upper A,1051477,0x100b55,2901,0x0b55,11,85,1050477,1901,1000,confirmed from FH6 11-font anchor dump and inferred contiguous glyph blocks,"FH6 font glyph words are reordered vs FH5 for most fonts; use FH6 shape_word/full_code from this row, not the FH5 sheet code.",Text-field font shapes import through the universal/handmade type-code path.,
font_glyph,108,Forza_Font_8,,upper,B,B,Forza Font 8 Upper B,1051478,0x100b56,2902,0x0b56,11,86,1050478,1902,1000,confirmed from FH6 11-font anchor dump and inferred contiguous glyph blocks,"FH6 font glyph words are reordered vs FH5 for most fonts; use FH6 shape_word/full_code from this row, not the FH5 sheet code.",Text-field font shapes import through the universal/handmade type-code path.,
font_glyph,108,Forza_Font_8,,upper,C,C,Forza Font 8 Upper C,1051479,0x100b57,2903,0x0b57,11,87,1050479,1903,1000,confirmed from FH6 11-font anchor dump and inferred contiguous glyph blocks,"FH6 font glyph words are reordered vs FH5 for most fonts; use FH6 shape_word/full_code from this row, not the FH5 sheet code.",Text-field font shapes import through the universal/handmade type-code path.,
font_glyph,108,Forza_Font_8,,upper,D,D,Forza Font 8 Upper D,1051480,0x100b58,2904,0x0b58,11,88,1050480,1904,1000,confirmed from FH6 11-font anchor dump and inferred contiguous glyph blocks,"FH6 font glyph words are reordered vs FH5 for most fonts; use FH6 shape_word/full_code from this row, not the FH5 sheet code.",Text-field font shapes import through the universal/handmade type-code path.,
font_glyph,108,Forza_Font_8,,upper,E,E,Forza Font 8 Upper E,1051481,0x100b59,2905,0x0b59,11,89,1050481,1905,1000,confirmed from FH6 11-font anchor dump and inferred contiguous glyph blocks,"FH6 font glyph words are reordered vs FH5 for most fonts; use FH6 shape_word/full_code from this row, not the FH5 sheet code.",Text-field font shapes import through the universal/handmade type-code path.,
font_glyph,108,Forza_Font_8,,upper,F,F,Forza Font 8 Upper F,1051482,0x100b5a,2906,0x0b5a,11,90,1050482,1906,1000,confirmed from FH6 11-font anchor dump and inferred contiguous glyph blocks,"FH6 font glyph words are reordered vs FH5 for most fonts; use FH6 shape_word/full_code from this row, not the FH5 sheet code.",Text-field font shapes import through the universal/handmade type-code path.,
font_glyph,108,Forza_Font_8,,upper,G,G,Forza Font 8 Upper G,1051483,0x100b5b,2907,0x0b5b,11,91,1050483,1907,1000,confirmed from FH6 11-font anchor dump and inferred contiguous glyph blocks,"FH6 font glyph words are reordered vs FH5 for most fonts; use FH6 shape_word/full_code from this row, not the FH5 sheet code.",Text-field font shapes import through the universal/handmade type-code path.,
font_glyph,108,Forza_Font_8,,upper,H,H,Forza Font 8 Upper H,1051484,0x100b5c,2908,0x0b5c,11,92,1050484,1908,1000,confirmed from FH6 11-font anchor dump and inferred contiguous glyph blocks,"FH6 font glyph words are reordered vs FH5 for most fonts; use FH6 shape_word/full_code from this row, not the FH5 sheet code.",Text-field font shapes import through the universal/handmade type-code path.,
font_glyph,108,Forza_Font_8,,upper,I,I,Forza Font 8 Upper I,1051485,0x100b5d,2909,0x0b5d,11,93,1050485,1909,1000,confirmed from FH6 11-font anchor dump and inferred contiguous glyph blocks,"FH6 font glyph words are reordered vs FH5 for most fonts; use FH6 shape_word/full_code from this row, not the FH5 sheet code.",Text-field font shapes import through the universal/handmade type-code path.,
font_glyph,108,Forza_Font_8,,upper,J,J,Forza Font 8 Upper J,1051486,0x100b5e,2910,0x0b5e,11,94,1050486,1910,1000,confirmed from FH6 11-font anchor dump and inferred contiguous glyph blocks,"FH6 font glyph words are reordered vs FH5 for most fonts; use FH6 shape_word/full_code from this row, not the FH5 sheet code.",Text-field font shapes import through the universal/handmade type-code path.,
font_glyph,108,Forza_Font_8,,upper,K,K,Forza Font 8 Upper K,1051487,0x100b5f,2911,0x0b5f,11,95,1050487,1911,1000,confirmed from FH6 11-font anchor dump and inferred contiguous glyph blocks,"FH6 font glyph words are reordered vs FH5 for most fonts; use FH6 shape_word/full_code from this row, not the FH5 sheet code.",Text-field font shapes import through the universal/handmade type-code path.,
font_glyph,108,Forza_Font_8,,upper,L,L,Forza Font 8 Upper L,1051488,0x100b60,2912,0x0b60,11,96,1050488,1912,1000,confirmed from FH6 11-font anchor dump and inferred contiguous glyph blocks,"FH6 font glyph words are reordered vs FH5 for most fonts; use FH6 shape_word/full_code from this row, not the FH5 sheet code.",Text-field font shapes import through the universal/handmade type-code path.,
font_glyph,108,Forza_Font_8,,upper,M,M,Forza Font 8 Upper M,1051489,0x100b61,2913,0x0b61,11,97,1050489,1913,1000,confirmed from FH6 11-font anchor dump and inferred contiguous glyph blocks,"FH6 font glyph words are reordered vs FH5 for most fonts; use FH6 shape_word/full_code from this row, not the FH5 sheet code.",Text-field font shapes import through the universal/handmade type-code path.,
font_glyph,108,Forza_Font_8,,upper,N,N,Forza Font 8 Upper N,1051490,0x100b62,2914,0x0b62,11,98,1050490,1914,1000,confirmed from FH6 11-font anchor dump and inferred contiguous glyph blocks,"FH6 font glyph words are reordered vs FH5 for most fonts; use FH6 shape_word/full_code from this row, not the FH5 sheet code.",Text-field font shapes import through the universal/handmade type-code path.,
font_glyph,108,Forza_Font_8,,upper,O,O,Forza Font 8 Upper O,1051491,0x100b63,2915,0x0b63,11,99,1050491,1915,1000,confirmed from FH6 11-font anchor dump and inferred contiguous glyph blocks,"FH6 font glyph words are reordered vs FH5 for most fonts; use FH6 shape_word/full_code from this row, not the FH5 sheet code.",Text-field font shapes import through the universal/handmade type-code path.,
font_glyph,108,Forza_Font_8,,upper,P,P,Forza Font 8 Upper P,1051492,0x100b64,2916,0x0b64,11,100,1050492,1916,1000,confirmed from FH6 11-font anchor dump and inferred contiguous glyph blocks,"FH6 font glyph words are reordered vs FH5 for most fonts; use FH6 shape_word/full_code from this row, not the FH5 sheet code.",Text-field font shapes import through the universal/handmade type-code path.,
font_glyph,108,Forza_Font_8,,upper,Q,Q,Forza Font 8 Upper Q,1051493,0x100b65,2917,0x0b65,11,101,1050493,1917,1000,confirmed from FH6 11-font anchor dump and inferred contiguous glyph blocks,"FH6 font glyph words are reordered vs FH5 for most fonts; use FH6 shape_word/full_code from this row, not the FH5 sheet code.",Text-field font shapes import through the universal/handmade type-code path.,
font_glyph,108,Forza_Font_8,,upper,R,R,Forza Font 8 Upper R,1051494,0x100b66,2918,0x0b66,11,102,1050494,1918,1000,confirmed from FH6 11-font anchor dump and inferred contiguous glyph blocks,"FH6 font glyph words are reordered vs FH5 for most fonts; use FH6 shape_word/full_code from this row, not the FH5 sheet code.",Text-field font shapes import through the universal/handmade type-code path.,
font_glyph,108,Forza_Font_8,,upper,S,S,Forza Font 8 Upper S,1051495,0x100b67,2919,0x0b67,11,103,1050495,1919,1000,confirmed from FH6 11-font anchor dump and inferred contiguous glyph blocks,"FH6 font glyph words are reordered vs FH5 for most fonts; use FH6 shape_word/full_code from this row, not the FH5 sheet code.",Text-field font shapes import through the universal/handmade type-code path.,
font_glyph,108,Forza_Font_8,,upper,T,T,Forza Font 8 Upper T,1051496,0x100b68,2920,0x0b68,11,104,1050496,1920,1000,confirmed from FH6 11-font anchor dump and inferred contiguous glyph blocks,"FH6 font glyph words are reordered vs FH5 for most fonts; use FH6 shape_word/full_code from this row, not the FH5 sheet code.",Text-field font shapes import through the universal/handmade type-code path.,
font_glyph,108,Forza_Font_8,,upper,U,U,Forza Font 8 Upper U,1051497,0x100b69,2921,0x0b69,11,105,1050497,1921,1000,confirmed from FH6 11-font anchor dump and inferred contiguous glyph blocks,"FH6 font glyph words are reordered vs FH5 for most fonts; use FH6 shape_word/full_code from this row, not the FH5 sheet code.",Text-field font shapes import through the universal/handmade type-code path.,
font_glyph,108,Forza_Font_8,,upper,V,V,Forza Font 8 Upper V,1051498,0x100b6a,2922,0x0b6a,11,106,1050498,1922,1000,confirmed from FH6 11-font anchor dump and inferred contiguous glyph blocks,"FH6 font glyph words are reordered vs FH5 for most fonts; use FH6 shape_word/full_code from this row, not the FH5 sheet code.",Text-field font shapes import through the universal/handmade type-code path.,
font_glyph,108,Forza_Font_8,,upper,W,W,Forza Font 8 Upper W,1051499,0x100b6b,2923,0x0b6b,11,107,1050499,1923,1000,confirmed from FH6 11-font anchor dump and inferred contiguous glyph blocks,"FH6 font glyph words are reordered vs FH5 for most fonts; use FH6 shape_word/full_code from this row, not the FH5 sheet code.",Text-field font shapes import through the universal/handmade type-code path.,
font_glyph,108,Forza_Font_8,,upper,X,X,Forza Font 8 Upper X,1051500,0x100b6c,2924,0x0b6c,11,108,1050500,1924,1000,confirmed from FH6 11-font anchor dump and inferred contiguous glyph blocks,"FH6 font glyph words are reordered vs FH5 for most fonts; use FH6 shape_word/full_code from this row, not the FH5 sheet code.",Text-field font shapes import through the universal/handmade type-code path.,
font_glyph,108,Forza_Font_8,,upper,Y,Y,Forza Font 8 Upper Y,1051501,0x100b6d,2925,0x0b6d,11,109,1050501,1925,1000,confirmed from FH6 11-font anchor dump and inferred contiguous glyph blocks,"FH6 font glyph words are reordered vs FH5 for most fonts; use FH6 shape_word/full_code from this row, not the FH5 sheet code.",Text-field font shapes import through the universal/handmade type-code path.,
font_glyph,108,Forza_Font_8,,upper,Z,Z,Forza Font 8 Upper Z,1051502,0x100b6e,2926,0x0b6e,11,110,1050502,1926,1000,confirmed from FH6 11-font anchor dump and inferred contiguous glyph blocks,"FH6 font glyph words are reordered vs FH5 for most fonts; use FH6 shape_word/full_code from this row, not the FH5 sheet code.",Text-field font shapes import through the universal/handmade type-code path.,
font_glyph,108,Forza_Font_8,,lower,a,A,Forza Font 8 Lower A,1051576,0x100bb8,3000,0x0bb8,11,184,1050576,2000,1000,confirmed from FH6 11-font anchor dump and inferred contiguous glyph blocks,"FH6 font glyph words are reordered vs FH5 for most fonts; use FH6 shape_word/full_code from this row, not the FH5 sheet code.",Text-field font shapes import through the universal/handmade type-code path.,
font_glyph,108,Forza_Font_8,,lower,b,B,Forza Font 8 Lower B,1051578,0x100bba,3002,0x0bba,11,186,1050578,2002,1000,confirmed from FH6 11-font anchor dump and inferred contiguous glyph blocks,"FH6 font glyph words are reordered vs FH5 for most fonts; use FH6 shape_word/full_code from this row, not the FH5 sheet code.",Text-field font shapes import through the universal/handmade type-code path.,
font_glyph,108,Forza_Font_8,,lower,c,C,Forza Font 8 Lower C,1051579,0x100bbb,3003,0x0bbb,11,187,1050579,2003,1000,confirmed from FH6 11-font anchor dump and inferred contiguous glyph blocks,"FH6 font glyph words are reordered vs FH5 for most fonts; use FH6 shape_word/full_code from this row, not the FH5 sheet code.",Text-field font shapes import through the universal/handmade type-code path.,
font_glyph,108,Forza_Font_8,,lower,d,D,Forza Font 8 Lower D,1051580,0x100bbc,3004,0x0bbc,11,188,1050580,2004,1000,confirmed from FH6 11-font anchor dump and inferred contiguous glyph blocks,"FH6 font glyph words are reordered vs FH5 for most fonts; use FH6 shape_word/full_code from this row, not the FH5 sheet code.",Text-field font shapes import through the universal/handmade type-code path.,
font_glyph,108,Forza_Font_8,,lower,e,E,Forza Font 8 Lower E,1051581,0x100bbd,3005,0x0bbd,11,189,1050581,2005,1000,confirmed from FH6 11-font anchor dump and inferred contiguous glyph blocks,"FH6 font glyph words are reordered vs FH5 for most fonts; use FH6 shape_word/full_code from this row, not the FH5 sheet code.",Text-field font shapes import through the universal/handmade type-code path.,
font_glyph,108,Forza_Font_8,,lower,f,F,Forza Font 8 Lower F,1051582,0x100bbe,3006,0x0bbe,11,190,1050582,2006,1000,confirmed from FH6 11-font anchor dump and inferred contiguous glyph blocks,"FH6 font glyph words are reordered vs FH5 for most fonts; use FH6 shape_word/full_code from this row, not the FH5 sheet code.",Text-field font shapes import through the universal/handmade type-code path.,
font_glyph,108,Forza_Font_8,,lower,g,G,Forza Font 8 Lower G,1051583,0x100bbf,3007,0x0bbf,11,191,1050583,2007,1000,confirmed from FH6 11-font anchor dump and inferred contiguous glyph blocks,"FH6 font glyph words are reordered vs FH5 for most fonts; use FH6 shape_word/full_code from this row, not the FH5 sheet code.",Text-field font shapes import through the universal/handmade type-code path.,
font_glyph,108,Forza_Font_8,,lower,h,H,Forza Font 8 Lower H,1051584,0x100bc0,3008,0x0bc0,11,192,1050584,2008,1000,confirmed from FH6 11-font anchor dump and inferred contiguous glyph blocks,"FH6 font glyph words are reordered vs FH5 for most fonts; use FH6 shape_word/full_code from this row, not the FH5 sheet code.",Text-field font shapes import through the universal/handmade type-code path.,
font_glyph,108,Forza_Font_8,,lower,i,I,Forza Font 8 Lower I,1051585,0x100bc1,3009,0x0bc1,11,193,1050585,2009,1000,confirmed from FH6 11-font anchor dump and inferred contiguous glyph blocks,"FH6 font glyph words are reordered vs FH5 for most fonts; use FH6 shape_word/full_code from this row, not the FH5 sheet code.",Text-field font shapes import through the universal/handmade type-code path.,
font_glyph,108,Forza_Font_8,,lower,j,J,Forza Font 8 Lower J,1051586,0x100bc2,3010,0x0bc2,11,194,1050586,2010,1000,confirmed from FH6 11-font anchor dump and inferred contiguous glyph blocks,"FH6 font glyph words are reordered vs FH5 for most fonts; use FH6 shape_word/full_code from this row, not the FH5 sheet code.",Text-field font shapes import through the universal/handmade type-code path.,
font_glyph,108,Forza_Font_8,,lower,k,K,Forza Font 8 Lower K,1051587,0x100bc3,3011,0x0bc3,11,195,1050587,2011,1000,confirmed from FH6 11-font anchor dump and inferred contiguous glyph blocks,"FH6 font glyph words are reordered vs FH5 for most fonts; use FH6 shape_word/full_code from this row, not the FH5 sheet code.",Text-field font shapes import through the universal/handmade type-code path.,
font_glyph,108,Forza_Font_8,,lower,l,L,Forza Font 8 Lower L,1051588,0x100bc4,3012,0x0bc4,11,196,1050588,2012,1000,confirmed from FH6 11-font anchor dump and inferred contiguous glyph blocks,"FH6 font glyph words are reordered vs FH5 for most fonts; use FH6 shape_word/full_code from this row, not the FH5 sheet code.",Text-field font shapes import through the universal/handmade type-code path.,
font_glyph,108,Forza_Font_8,,lower,m,M,Forza Font 8 Lower M,1051589,0x100bc5,3013,0x0bc5,11,197,1050589,2013,1000,confirmed from FH6 11-font anchor dump and inferred contiguous glyph blocks,"FH6 font glyph words are reordered vs FH5 for most fonts; use FH6 shape_word/full_code from this row, not the FH5 sheet code.",Text-field font shapes import through the universal/handmade type-code path.,
font_glyph,108,Forza_Font_8,,lower,n,N,Forza Font 8 Lower N,1051590,0x100bc6,3014,0x0bc6,11,198,1050590,2014,1000,confirmed from FH6 11-font anchor dump and inferred contiguous glyph blocks,"FH6 font glyph words are reordered vs FH5 for most fonts; use FH6 shape_word/full_code from this row, not the FH5 sheet code.",Text-field font shapes import through the universal/handmade type-code path.,
font_glyph,108,Forza_Font_8,,lower,o,O,Forza Font 8 Lower O,1051591,0x100bc7,3015,0x0bc7,11,199,1050591,2015,1000,confirmed from FH6 11-font anchor dump and inferred contiguous glyph blocks,"FH6 font glyph words are reordered vs FH5 for most fonts; use FH6 shape_word/full_code from this row, not the FH5 sheet code.",Text-field font shapes import through the universal/handmade type-code path.,
font_glyph,108,Forza_Font_8,,lower,p,P,Forza Font 8 Lower P,1051592,0x100bc8,3016,0x0bc8,11,200,1050592,2016,1000,confirmed from FH6 11-font anchor dump and inferred contiguous glyph blocks,"FH6 font glyph words are reordered vs FH5 for most fonts; use FH6 shape_word/full_code from this row, not the FH5 sheet code.",Text-field font shapes import through the universal/handmade type-code path.,
font_glyph,108,Forza_Font_8,,lower,q,Q,Forza Font 8 Lower Q,1051593,0x100bc9,3017,0x0bc9,11,201,1050593,2017,1000,confirmed from FH6 11-font anchor dump and inferred contiguous glyph blocks,"FH6 font glyph words are reordered vs FH5 for most fonts; use FH6 shape_word/full_code from this row, not the FH5 sheet code.",Text-field font shapes import through the universal/handmade type-code path.,
font_glyph,108,Forza_Font_8,,lower,r,R,Forza Font 8 Lower R,1051594,0x100bca,3018,0x0bca,11,202,1050594,2018,1000,confirmed from FH6 11-font anchor dump and inferred contiguous glyph blocks,"FH6 font glyph words are reordered vs FH5 for most fonts; use FH6 shape_word/full_code from this row, not the FH5 sheet code.",Text-field font shapes import through the universal/handmade type-code path.,
font_glyph,108,Forza_Font_8,,lower,s,S,Forza Font 8 Lower S,1051595,0x100bcb,3019,0x0bcb,11,203,1050595,2019,1000,confirmed from FH6 11-font anchor dump and inferred contiguous glyph blocks,"FH6 font glyph words are reordered vs FH5 for most fonts; use FH6 shape_word/full_code from this row, not the FH5 sheet code.",Text-field font shapes import through the universal/handmade type-code path.,
font_glyph,108,Forza_Font_8,,lower,t,T,Forza Font 8 Lower T,1051596,0x100bcc,3020,0x0bcc,11,204,1050596,2020,1000,confirmed from FH6 11-font anchor dump and inferred contiguous glyph blocks,"FH6 font glyph words are reordered vs FH5 for most fonts; use FH6 shape_word/full_code from this row, not the FH5 sheet code.",Text-field font shapes import through the universal/handmade type-code path.,
font_glyph,108,Forza_Font_8,,lower,u,U,Forza Font 8 Lower U,1051597,0x100bcd,3021,0x0bcd,11,205,1050597,2021,1000,confirmed from FH6 11-font anchor dump and inferred contiguous glyph blocks,"FH6 font glyph words are reordered vs FH5 for most fonts; use FH6 shape_word/full_code from this row, not the FH5 sheet code.",Text-field font shapes import through the universal/handmade type-code path.,
font_glyph,108,Forza_Font_8,,lower,v,V,Forza Font 8 Lower V,1051598,0x100bce,3022,0x0bce,11,206,1050598,2022,1000,confirmed from FH6 11-font anchor dump and inferred contiguous glyph blocks,"FH6 font glyph words are reordered vs FH5 for most fonts; use FH6 shape_word/full_code from this row, not the FH5 sheet code.",Text-field font shapes import through the universal/handmade type-code path.,
font_glyph,108,Forza_Font_8,,lower,w,W,Forza Font 8 Lower W,1051599,0x100bcf,3023,0x0bcf,11,207,1050599,2023,1000,confirmed from FH6 11-font anchor dump and inferred contiguous glyph blocks,"FH6 font glyph words are reordered vs FH5 for most fonts; use FH6 shape_word/full_code from this row, not the FH5 sheet code.",Text-field font shapes import through the universal/handmade type-code path.,
font_glyph,108,Forza_Font_8,,lower,x,X,Forza Font 8 Lower X,1051600,0x100bd0,3024,0x0bd0,11,208,1050600,2024,1000,confirmed from FH6 11-font anchor dump and inferred contiguous glyph blocks,"FH6 font glyph words are reordered vs FH5 for most fonts; use FH6 shape_word/full_code from this row, not the FH5 sheet code.",Text-field font shapes import through the universal/handmade type-code path.,
font_glyph,108,Forza_Font_8,,lower,y,Y,Forza Font 8 Lower Y,1051601,0x100bd1,3025,0x0bd1,11,209,1050601,2025,1000,confirmed from FH6 11-font anchor dump and inferred contiguous glyph blocks,"FH6 font glyph words are reordered vs FH5 for most fonts; use FH6 shape_word/full_code from this row, not the FH5 sheet code.",Text-field font shapes import through the universal/handmade type-code path.,
font_glyph,108,Forza_Font_8,,lower,z,Z,Forza Font 8 Lower Z,1051602,0x100bd2,3026,0x0bd2,11,210,1050602,2026,1000,confirmed from FH6 11-font anchor dump and inferred contiguous glyph blocks,"FH6 font glyph words are reordered vs FH5 for most fonts; use FH6 shape_word/full_code from this row, not the FH5 sheet code.",Text-field font shapes import through the universal/handmade type-code path.,
font_glyph,108,Forza_Font_8,,number,1,1,Forza Font 8 Number 1,1051503,0x100b6f,2927,0x0b6f,11,111,1050503,1927,1000,confirmed from FH6 11-font anchor dump and inferred contiguous glyph blocks,"FH6 font glyph words are reordered vs FH5 for most fonts; use FH6 shape_word/full_code from this row, not the FH5 sheet code.",Text-field font shapes import through the universal/handmade type-code path.,
font_glyph,108,Forza_Font_8,,number,2,2,Forza Font 8 Number 2,1051504,0x100b70,2928,0x0b70,11,112,1050504,1928,1000,confirmed from FH6 11-font anchor dump and inferred contiguous glyph blocks,"FH6 font glyph words are reordered vs FH5 for most fonts; use FH6 shape_word/full_code from this row, not the FH5 sheet code.",Text-field font shapes import through the universal/handmade type-code path.,
font_glyph,108,Forza_Font_8,,number,3,3,Forza Font 8 Number 3,1051505,0x100b71,2929,0x0b71,11,113,1050505,1929,1000,confirmed from FH6 11-font anchor dump and inferred contiguous glyph blocks,"FH6 font glyph words are reordered vs FH5 for most fonts; use FH6 shape_word/full_code from this row, not the FH5 sheet code.",Text-field font shapes import through the universal/handmade type-code path.,
font_glyph,108,Forza_Font_8,,number,4,4,Forza Font 8 Number 4,1051506,0x100b72,2930,0x0b72,11,114,1050506,1930,1000,confirmed from FH6 11-font anchor dump and inferred contiguous glyph blocks,"FH6 font glyph words are reordered vs FH5 for most fonts; use FH6 shape_word/full_code from this row, not the FH5 sheet code.",Text-field font shapes import through the universal/handmade type-code path.,
font_glyph,108,Forza_Font_8,,number,5,5,Forza Font 8 Number 5,1051507,0x100b73,2931,0x0b73,11,115,1050507,1931,1000,confirmed from FH6 11-font anchor dump and inferred contiguous glyph blocks,"FH6 font glyph words are reordered vs FH5 for most fonts; use FH6 shape_word/full_code from this row, not the FH5 sheet code.",Text-field font shapes import through the universal/handmade type-code path.,
font_glyph,108,Forza_Font_8,,number,6,6,Forza Font 8 Number 6,1051508,0x100b74,2932,0x0b74,11,116,1050508,1932,1000,confirmed from FH6 11-font anchor dump and inferred contiguous glyph blocks,"FH6 font glyph words are reordered vs FH5 for most fonts; use FH6 shape_word/full_code from this row, not the FH5 sheet code.",Text-field font shapes import through the universal/handmade type-code path.,
font_glyph,108,Forza_Font_8,,number,7,7,Forza Font 8 Number 7,1051509,0x100b75,2933,0x0b75,11,117,1050509,1933,1000,confirmed from FH6 11-font anchor dump and inferred contiguous glyph blocks,"FH6 font glyph words are reordered vs FH5 for most fonts; use FH6 shape_word/full_code from this row, not the FH5 sheet code.",Text-field font shapes import through the universal/handmade type-code path.,
font_glyph,108,Forza_Font_8,,number,8,8,Forza Font 8 Number 8,1051510,0x100b76,2934,0x0b76,11,118,1050510,1934,1000,confirmed from FH6 11-font anchor dump and inferred contiguous glyph blocks,"FH6 font glyph words are reordered vs FH5 for most fonts; use FH6 shape_word/full_code from this row, not the FH5 sheet code.",Text-field font shapes import through the universal/handmade type-code path.,
font_glyph,108,Forza_Font_8,,number,9,9,Forza Font 8 Number 9,1051511,0x100b77,2935,0x0b77,11,119,1050511,1935,1000,confirmed from FH6 11-font anchor dump and inferred contiguous glyph blocks,"FH6 font glyph words are reordered vs FH5 for most fonts; use FH6 shape_word/full_code from this row, not the FH5 sheet code.",Text-field font shapes import through the universal/handmade type-code path.,
font_glyph,108,Forza_Font_8,,number,10,10,Forza Font 8 Number 10,1051512,0x100b78,2936,0x0b78,11,120,1050512,1936,1000,confirmed from FH6 11-font anchor dump and inferred contiguous glyph blocks,"FH6 font glyph words are reordered vs FH5 for most fonts; use FH6 shape_word/full_code from this row, not the FH5 sheet code.",Text-field font shapes import through the universal/handmade type-code path.,
font_glyph,108,Forza_Font_8,,upper_symbol,!,!,Forza Font 8 Exclamation Mark,1051513,0x100b79,2937,0x0b79,11,121,1050513,1937,1000,confirmed from FH6 11-font anchor dump and inferred contiguous glyph blocks,"FH6 font glyph words are reordered vs FH5 for most fonts; use FH6 shape_word/full_code from this row, not the FH5 sheet code.",Text-field font shapes import through the universal/handmade type-code path.,
font_glyph,108,Forza_Font_8,,upper_symbol,?,?,Forza Font 8 Question Mark,1051514,0x100b7a,2938,0x0b7a,11,122,1050514,1938,1000,confirmed from FH6 11-font anchor dump and inferred contiguous glyph blocks,"FH6 font glyph words are reordered vs FH5 for most fonts; use FH6 shape_word/full_code from this row, not the FH5 sheet code.",Text-field font shapes import through the universal/handmade type-code path.,
font_glyph,108,Forza_Font_8,,upper_symbol,@,@,Forza Font 8 Upper At Symbol,1051515,0x100b7b,2939,0x0b7b,11,123,1050515,1939,1000,confirmed from FH6 11-font anchor dump and inferred contiguous glyph blocks,"FH6 font glyph words are reordered vs FH5 for most fonts; use FH6 shape_word/full_code from this row, not the FH5 sheet code.",Text-field font shapes import through the universal/handmade type-code path.,
font_glyph,108,Forza_Font_8,,upper_symbol,&,&,Forza Font 8 Ampersand,1051516,0x100b7c,2940,0x0b7c,11,124,1050516,1940,1000,confirmed from FH6 11-font anchor dump and inferred contiguous glyph blocks,"FH6 font glyph words are reordered vs FH5 for most fonts; use FH6 shape_word/full_code from this row, not the FH5 sheet code.",Text-field font shapes import through the universal/handmade type-code path.,
font_glyph,108,Forza_Font_8,,lower_symbol,$,$,Forza Font 8 Dollar Sign,1051603,0x100bd3,3027,0x0bd3,11,211,1050603,2027,1000,confirmed from FH6 11-font anchor dump and inferred contiguous glyph blocks,"FH6 font glyph words are reordered vs FH5 for most fonts; use FH6 shape_word/full_code from this row, not the FH5 sheet code.",Text-field font shapes import through the universal/handmade type-code path.,
font_glyph,108,Forza_Font_8,,lower_symbol,£,£,Forza Font 8 Pound Sign,1051604,0x100bd4,3028,0x0bd4,11,212,1050604,2028,1000,confirmed from FH6 11-font anchor dump and inferred contiguous glyph blocks,"FH6 font glyph words are reordered vs FH5 for most fonts; use FH6 shape_word/full_code from this row, not the FH5 sheet code.",Text-field font shapes import through the universal/handmade type-code path.,
font_glyph,108,Forza_Font_8,,lower_symbol,¥,¥,Forza Font 8 Yen Sign,1051605,0x100bd5,3029,0x0bd5,11,213,1050605,2029,1000,confirmed from FH6 11-font anchor dump and inferred contiguous glyph blocks,"FH6 font glyph words are reordered vs FH5 for most fonts; use FH6 shape_word/full_code from this row, not the FH5 sheet code.",Text-field font shapes import through the universal/handmade type-code path.,
font_glyph,108,Forza_Font_8,,lower_symbol,€,€,Forza Font 8 Euro Sign,1051606,0x100bd6,3030,0x0bd6,11,214,1050606,2030,1000,confirmed from FH6 11-font anchor dump and inferred contiguous glyph blocks,"FH6 font glyph words are reordered vs FH5 for most fonts; use FH6 shape_word/full_code from this row, not the FH5 sheet code.",Text-field font shapes import through the universal/handmade type-code path.,
font_glyph,108,Forza_Font_8,,lower_symbol,æ,æ,Forza Font 8 AE,1051607,0x100bd7,3031,0x0bd7,11,215,1050607,2031,1000,confirmed from FH6 11-font anchor dump and inferred contiguous glyph blocks,"FH6 font glyph words are reordered vs FH5 for most fonts; use FH6 shape_word/full_code from this row, not the FH5 sheet code.",Text-field font shapes import through the universal/handmade type-code path.,
font_glyph,108,Forza_Font_8,,lower_symbol,^,^,Forza Font 8 Caret Symbol,1051608,0x100bd8,3032,0x0bd8,11,216,1050608,2032,1000,confirmed from FH6 11-font anchor dump and inferred contiguous glyph blocks,"FH6 font glyph words are reordered vs FH5 for most fonts; use FH6 shape_word/full_code from this row, not the FH5 sheet code.",Text-field font shapes import through the universal/handmade type-code path.,
font_glyph,108,Forza_Font_8,,lower_symbol,ß,ß,Forza Font 8 Eszett Symbol,1051609,0x100bd9,3033,0x0bd9,11,217,1050609,2033,1000,confirmed from FH6 11-font anchor dump and inferred contiguous glyph blocks,"FH6 font glyph words are reordered vs FH5 for most fonts; use FH6 shape_word/full_code from this row, not the FH5 sheet code.",Text-field font shapes import through the universal/handmade type-code path.,
font_glyph,108,Forza_Font_8,,lower_symbol,@,@,Forza Font 8 Lower At Symbol,1051610,0x100bda,3034,0x0bda,11,218,1050610,2034,1000,confirmed from FH6 11-font anchor dump and inferred contiguous glyph blocks,"FH6 font glyph words are reordered vs FH5 for most fonts; use FH6 shape_word/full_code from this row, not the FH5 sheet code.",Text-field font shapes import through the universal/handmade type-code path.,
font_glyph,108,Forza_Font_8,,lower_symbol,#,#,Forza Font 8 Hash,1051611,0x100bdb,3035,0x0bdb,11,219,1050611,2035,1000,confirmed from FH6 11-font anchor dump and inferred contiguous glyph blocks,"FH6 font glyph words are reordered vs FH5 for most fonts; use FH6 shape_word/full_code from this row, not the FH5 sheet code.",Text-field font shapes import through the universal/handmade type-code path.,
font_glyph,108,Forza_Font_8,,lower_symbol,+,+,Forza Font 8 Plus Symbol,1051612,0x100bdc,3036,0x0bdc,11,220,1050612,2036,1000,confirmed from FH6 11-font anchor dump and inferred contiguous glyph blocks,"FH6 font glyph words are reordered vs FH5 for most fonts; use FH6 shape_word/full_code from this row, not the FH5 sheet code.",Text-field font shapes import through the universal/handmade type-code path.,
font_glyph,108,Forza_Font_8,,lower_symbol,%,%,Forza Font 8 Percent Sign,1051613,0x100bdd,3037,0x0bdd,11,221,1050613,2037,1000,confirmed from FH6 11-font anchor dump and inferred contiguous glyph blocks,"FH6 font glyph words are reordered vs FH5 for most fonts; use FH6 shape_word/full_code from this row, not the FH5 sheet code.",Text-field font shapes import through the universal/handmade type-code path.,
font_glyph,108,Forza_Font_8,,lower_symbol,:,:,Forza Font 8 Colon,1051614,0x100bde,3038,0x0bde,11,222,1050614,2038,1000,confirmed from FH6 11-font anchor dump and inferred contiguous glyph blocks,"FH6 font glyph words are reordered vs FH5 for most fonts; use FH6 shape_word/full_code from this row, not the FH5 sheet code.",Text-field font shapes import through the universal/handmade type-code path.,
font_glyph,108,Forza_Font_8,,lower_symbol,;,;,Forza Font 8 Semicolon,1051615,0x100bdf,3039,0x0bdf,11,223,1050615,2039,1000,confirmed from FH6 11-font anchor dump and inferred contiguous glyph blocks,"FH6 font glyph words are reordered vs FH5 for most fonts; use FH6 shape_word/full_code from this row, not the FH5 sheet code.",Text-field font shapes import through the universal/handmade type-code path.,
font_glyph,108,Forza_Font_8,,lower_symbol,/,/,Forza Font 8 Slash,1051616,0x100be0,3040,0x0be0,11,224,1050616,2040,1000,confirmed from FH6 11-font anchor dump and inferred contiguous glyph blocks,"FH6 font glyph words are reordered vs FH5 for most fonts; use FH6 shape_word/full_code from this row, not the FH5 sheet code.",Text-field font shapes import through the universal/handmade type-code path.,
font_glyph,109,Forza_Font_9,,upper,A,A,Forza Font 9 Upper A,1052277,0x100e75,3701,0x0e75,14,117,1050477,1901,1800,confirmed from FH6 11-font anchor dump and inferred contiguous glyph blocks,"FH6 font glyph words are reordered vs FH5 for most fonts; use FH6 shape_word/full_code from this row, not the FH5 sheet code.",Text-field font shapes import through the universal/handmade type-code path.,
font_glyph,109,Forza_Font_9,,upper,B,B,Forza Font 9 Upper B,1052278,0x100e76,3702,0x0e76,14,118,1050478,1902,1800,confirmed from FH6 11-font anchor dump and inferred contiguous glyph blocks,"FH6 font glyph words are reordered vs FH5 for most fonts; use FH6 shape_word/full_code from this row, not the FH5 sheet code.",Text-field font shapes import through the universal/handmade type-code path.,
font_glyph,109,Forza_Font_9,,upper,C,C,Forza Font 9 Upper C,1052279,0x100e77,3703,0x0e77,14,119,1050479,1903,1800,confirmed from FH6 11-font anchor dump and inferred contiguous glyph blocks,"FH6 font glyph words are reordered vs FH5 for most fonts; use FH6 shape_word/full_code from this row, not the FH5 sheet code.",Text-field font shapes import through the universal/handmade type-code path.,
font_glyph,109,Forza_Font_9,,upper,D,D,Forza Font 9 Upper D,1052280,0x100e78,3704,0x0e78,14,120,1050480,1904,1800,confirmed from FH6 11-font anchor dump and inferred contiguous glyph blocks,"FH6 font glyph words are reordered vs FH5 for most fonts; use FH6 shape_word/full_code from this row, not the FH5 sheet code.",Text-field font shapes import through the universal/handmade type-code path.,
font_glyph,109,Forza_Font_9,,upper,E,E,Forza Font 9 Upper E,1052281,0x100e79,3705,0x0e79,14,121,1050481,1905,1800,confirmed from FH6 11-font anchor dump and inferred contiguous glyph blocks,"FH6 font glyph words are reordered vs FH5 for most fonts; use FH6 shape_word/full_code from this row, not the FH5 sheet code.",Text-field font shapes import through the universal/handmade type-code path.,
font_glyph,109,Forza_Font_9,,upper,F,F,Forza Font 9 Upper F,1052282,0x100e7a,3706,0x0e7a,14,122,1050482,1906,1800,confirmed from FH6 11-font anchor dump and inferred contiguous glyph blocks,"FH6 font glyph words are reordered vs FH5 for most fonts; use FH6 shape_word/full_code from this row, not the FH5 sheet code.",Text-field font shapes import through the universal/handmade type-code path.,
font_glyph,109,Forza_Font_9,,upper,G,G,Forza Font 9 Upper G,1052283,0x100e7b,3707,0x0e7b,14,123,1050483,1907,1800,confirmed from FH6 11-font anchor dump and inferred contiguous glyph blocks,"FH6 font glyph words are reordered vs FH5 for most fonts; use FH6 shape_word/full_code from this row, not the FH5 sheet code.",Text-field font shapes import through the universal/handmade type-code path.,
font_glyph,109,Forza_Font_9,,upper,H,H,Forza Font 9 Upper H,1052284,0x100e7c,3708,0x0e7c,14,124,1050484,1908,1800,confirmed from FH6 11-font anchor dump and inferred contiguous glyph blocks,"FH6 font glyph words are reordered vs FH5 for most fonts; use FH6 shape_word/full_code from this row, not the FH5 sheet code.",Text-field font shapes import through the universal/handmade type-code path.,
font_glyph,109,Forza_Font_9,,upper,I,I,Forza Font 9 Upper I,1052285,0x100e7d,3709,0x0e7d,14,125,1050485,1909,1800,confirmed from FH6 11-font anchor dump and inferred contiguous glyph blocks,"FH6 font glyph words are reordered vs FH5 for most fonts; use FH6 shape_word/full_code from this row, not the FH5 sheet code.",Text-field font shapes import through the universal/handmade type-code path.,
font_glyph,109,Forza_Font_9,,upper,J,J,Forza Font 9 Upper J,1052286,0x100e7e,3710,0x0e7e,14,126,1050486,1910,1800,confirmed from FH6 11-font anchor dump and inferred contiguous glyph blocks,"FH6 font glyph words are reordered vs FH5 for most fonts; use FH6 shape_word/full_code from this row, not the FH5 sheet code.",Text-field font shapes import through the universal/handmade type-code path.,
font_glyph,109,Forza_Font_9,,upper,K,K,Forza Font 9 Upper K,1052287,0x100e7f,3711,0x0e7f,14,127,1050487,1911,1800,confirmed from FH6 11-font anchor dump and inferred contiguous glyph blocks,"FH6 font glyph words are reordered vs FH5 for most fonts; use FH6 shape_word/full_code from this row, not the FH5 sheet code.",Text-field font shapes import through the universal/handmade type-code path.,
font_glyph,109,Forza_Font_9,,upper,L,L,Forza Font 9 Upper L,1052288,0x100e80,3712,0x0e80,14,128,1050488,1912,1800,confirmed from FH6 11-font anchor dump and inferred contiguous glyph blocks,"FH6 font glyph words are reordered vs FH5 for most fonts; use FH6 shape_word/full_code from this row, not the FH5 sheet code.",Text-field font shapes import through the universal/handmade type-code path.,
font_glyph,109,Forza_Font_9,,upper,M,M,Forza Font 9 Upper M,1052289,0x100e81,3713,0x0e81,14,129,1050489,1913,1800,confirmed from FH6 11-font anchor dump and inferred contiguous glyph blocks,"FH6 font glyph words are reordered vs FH5 for most fonts; use FH6 shape_word/full_code from this row, not the FH5 sheet code.",Text-field font shapes import through the universal/handmade type-code path.,
font_glyph,109,Forza_Font_9,,upper,N,N,Forza Font 9 Upper N,1052290,0x100e82,3714,0x0e82,14,130,1050490,1914,1800,confirmed from FH6 11-font anchor dump and inferred contiguous glyph blocks,"FH6 font glyph words are reordered vs FH5 for most fonts; use FH6 shape_word/full_code from this row, not the FH5 sheet code.",Text-field font shapes import through the universal/handmade type-code path.,
font_glyph,109,Forza_Font_9,,upper,O,O,Forza Font 9 Upper O,1052291,0x100e83,3715,0x0e83,14,131,1050491,1915,1800,confirmed from FH6 11-font anchor dump and inferred contiguous glyph blocks,"FH6 font glyph words are reordered vs FH5 for most fonts; use FH6 shape_word/full_code from this row, not the FH5 sheet code.",Text-field font shapes import through the universal/handmade type-code path.,
font_glyph,109,Forza_Font_9,,upper,P,P,Forza Font 9 Upper P,1052292,0x100e84,3716,0x0e84,14,132,1050492,1916,1800,confirmed from FH6 11-font anchor dump and inferred contiguous glyph blocks,"FH6 font glyph words are reordered vs FH5 for most fonts; use FH6 shape_word/full_code from this row, not the FH5 sheet code.",Text-field font shapes import through the universal/handmade type-code path.,
font_glyph,109,Forza_Font_9,,upper,Q,Q,Forza Font 9 Upper Q,1052293,0x100e85,3717,0x0e85,14,133,1050493,1917,1800,confirmed from FH6 11-font anchor dump and inferred contiguous glyph blocks,"FH6 font glyph words are reordered vs FH5 for most fonts; use FH6 shape_word/full_code from this row, not the FH5 sheet code.",Text-field font shapes import through the universal/handmade type-code path.,
font_glyph,109,Forza_Font_9,,upper,R,R,Forza Font 9 Upper R,1052294,0x100e86,3718,0x0e86,14,134,1050494,1918,1800,confirmed from FH6 11-font anchor dump and inferred contiguous glyph blocks,"FH6 font glyph words are reordered vs FH5 for most fonts; use FH6 shape_word/full_code from this row, not the FH5 sheet code.",Text-field font shapes import through the universal/handmade type-code path.,
font_glyph,109,Forza_Font_9,,upper,S,S,Forza Font 9 Upper S,1052295,0x100e87,3719,0x0e87,14,135,1050495,1919,1800,confirmed from FH6 11-font anchor dump and inferred contiguous glyph blocks,"FH6 font glyph words are reordered vs FH5 for most fonts; use FH6 shape_word/full_code from this row, not the FH5 sheet code.",Text-field font shapes import through the universal/handmade type-code path.,
font_glyph,109,Forza_Font_9,,upper,T,T,Forza Font 9 Upper T,1052296,0x100e88,3720,0x0e88,14,136,1050496,1920,1800,confirmed from FH6 11-font anchor dump and inferred contiguous glyph blocks,"FH6 font glyph words are reordered vs FH5 for most fonts; use FH6 shape_word/full_code from this row, not the FH5 sheet code.",Text-field font shapes import through the universal/handmade type-code path.,
font_glyph,109,Forza_Font_9,,upper,U,U,Forza Font 9 Upper U,1052297,0x100e89,3721,0x0e89,14,137,1050497,1921,1800,confirmed from FH6 11-font anchor dump and inferred contiguous glyph blocks,"FH6 font glyph words are reordered vs FH5 for most fonts; use FH6 shape_word/full_code from this row, not the FH5 sheet code.",Text-field font shapes import through the universal/handmade type-code path.,
font_glyph,109,Forza_Font_9,,upper,V,V,Forza Font 9 Upper V,1052298,0x100e8a,3722,0x0e8a,14,138,1050498,1922,1800,confirmed from FH6 11-font anchor dump and inferred contiguous glyph blocks,"FH6 font glyph words are reordered vs FH5 for most fonts; use FH6 shape_word/full_code from this row, not the FH5 sheet code.",Text-field font shapes import through the universal/handmade type-code path.,
font_glyph,109,Forza_Font_9,,upper,W,W,Forza Font 9 Upper W,1052299,0x100e8b,3723,0x0e8b,14,139,1050499,1923,1800,confirmed from FH6 11-font anchor dump and inferred contiguous glyph blocks,"FH6 font glyph words are reordered vs FH5 for most fonts; use FH6 shape_word/full_code from this row, not the FH5 sheet code.",Text-field font shapes import through the universal/handmade type-code path.,
font_glyph,109,Forza_Font_9,,upper,X,X,Forza Font 9 Upper X,1052300,0x100e8c,3724,0x0e8c,14,140,1050500,1924,1800,confirmed from FH6 11-font anchor dump and inferred contiguous glyph blocks,"FH6 font glyph words are reordered vs FH5 for most fonts; use FH6 shape_word/full_code from this row, not the FH5 sheet code.",Text-field font shapes import through the universal/handmade type-code path.,
font_glyph,109,Forza_Font_9,,upper,Y,Y,Forza Font 9 Upper Y,1052301,0x100e8d,3725,0x0e8d,14,141,1050501,1925,1800,confirmed from FH6 11-font anchor dump and inferred contiguous glyph blocks,"FH6 font glyph words are reordered vs FH5 for most fonts; use FH6 shape_word/full_code from this row, not the FH5 sheet code.",Text-field font shapes import through the universal/handmade type-code path.,
font_glyph,109,Forza_Font_9,,upper,Z,Z,Forza Font 9 Upper Z,1052302,0x100e8e,3726,0x0e8e,14,142,1050502,1926,1800,confirmed from FH6 11-font anchor dump and inferred contiguous glyph blocks,"FH6 font glyph words are reordered vs FH5 for most fonts; use FH6 shape_word/full_code from this row, not the FH5 sheet code.",Text-field font shapes import through the universal/handmade type-code path.,
font_glyph,109,Forza_Font_9,,lower,a,A,Forza Font 9 Lower A,1052377,0x100ed9,3801,0x0ed9,14,217,1050576,2000,1801,confirmed from FH6 11-font anchor dump and inferred contiguous glyph blocks,"FH6 font glyph words are reordered vs FH5 for most fonts; use FH6 shape_word/full_code from this row, not the FH5 sheet code.",Text-field font shapes import through the universal/handmade type-code path.,
font_glyph,109,Forza_Font_9,,lower,b,B,Forza Font 9 Lower B,1052379,0x100edb,3803,0x0edb,14,219,1050578,2002,1801,confirmed from FH6 11-font anchor dump and inferred contiguous glyph blocks,"FH6 font glyph words are reordered vs FH5 for most fonts; use FH6 shape_word/full_code from this row, not the FH5 sheet code.",Text-field font shapes import through the universal/handmade type-code path.,
font_glyph,109,Forza_Font_9,,lower,c,C,Forza Font 9 Lower C,1052380,0x100edc,3804,0x0edc,14,220,1050579,2003,1801,confirmed from FH6 11-font anchor dump and inferred contiguous glyph blocks,"FH6 font glyph words are reordered vs FH5 for most fonts; use FH6 shape_word/full_code from this row, not the FH5 sheet code.",Text-field font shapes import through the universal/handmade type-code path.,
font_glyph,109,Forza_Font_9,,lower,d,D,Forza Font 9 Lower D,1052381,0x100edd,3805,0x0edd,14,221,1050580,2004,1801,confirmed from FH6 11-font anchor dump and inferred contiguous glyph blocks,"FH6 font glyph words are reordered vs FH5 for most fonts; use FH6 shape_word/full_code from this row, not the FH5 sheet code.",Text-field font shapes import through the universal/handmade type-code path.,
font_glyph,109,Forza_Font_9,,lower,e,E,Forza Font 9 Lower E,1052382,0x100ede,3806,0x0ede,14,222,1050581,2005,1801,confirmed from FH6 11-font anchor dump and inferred contiguous glyph blocks,"FH6 font glyph words are reordered vs FH5 for most fonts; use FH6 shape_word/full_code from this row, not the FH5 sheet code.",Text-field font shapes import through the universal/handmade type-code path.,
font_glyph,109,Forza_Font_9,,lower,f,F,Forza Font 9 Lower F,1052383,0x100edf,3807,0x0edf,14,223,1050582,2006,1801,confirmed from FH6 11-font anchor dump and inferred contiguous glyph blocks,"FH6 font glyph words are reordered vs FH5 for most fonts; use FH6 shape_word/full_code from this row, not the FH5 sheet code.",Text-field font shapes import through the universal/handmade type-code path.,
font_glyph,109,Forza_Font_9,,lower,g,G,Forza Font 9 Lower G,1052384,0x100ee0,3808,0x0ee0,14,224,1050583,2007,1801,confirmed from FH6 11-font anchor dump and inferred contiguous glyph blocks,"FH6 font glyph words are reordered vs FH5 for most fonts; use FH6 shape_word/full_code from this row, not the FH5 sheet code.",Text-field font shapes import through the universal/handmade type-code path.,
font_glyph,109,Forza_Font_9,,lower,h,H,Forza Font 9 Lower H,1052385,0x100ee1,3809,0x0ee1,14,225,1050584,2008,1801,confirmed from FH6 11-font anchor dump and inferred contiguous glyph blocks,"FH6 font glyph words are reordered vs FH5 for most fonts; use FH6 shape_word/full_code from this row, not the FH5 sheet code.",Text-field font shapes import through the universal/handmade type-code path.,
font_glyph,109,Forza_Font_9,,lower,i,I,Forza Font 9 Lower I,1052386,0x100ee2,3810,0x0ee2,14,226,1050585,2009,1801,confirmed from FH6 11-font anchor dump and inferred contiguous glyph blocks,"FH6 font glyph words are reordered vs FH5 for most fonts; use FH6 shape_word/full_code from this row, not the FH5 sheet code.",Text-field font shapes import through the universal/handmade type-code path.,
font_glyph,109,Forza_Font_9,,lower,j,J,Forza Font 9 Lower J,1052387,0x100ee3,3811,0x0ee3,14,227,1050586,2010,1801,confirmed from FH6 11-font anchor dump and inferred contiguous glyph blocks,"FH6 font glyph words are reordered vs FH5 for most fonts; use FH6 shape_word/full_code from this row, not the FH5 sheet code.",Text-field font shapes import through the universal/handmade type-code path.,
font_glyph,109,Forza_Font_9,,lower,k,K,Forza Font 9 Lower K,1052388,0x100ee4,3812,0x0ee4,14,228,1050587,2011,1801,confirmed from FH6 11-font anchor dump and inferred contiguous glyph blocks,"FH6 font glyph words are reordered vs FH5 for most fonts; use FH6 shape_word/full_code from this row, not the FH5 sheet code.",Text-field font shapes import through the universal/handmade type-code path.,
font_glyph,109,Forza_Font_9,,lower,l,L,Forza Font 9 Lower L,1052389,0x100ee5,3813,0x0ee5,14,229,1050588,2012,1801,confirmed from FH6 11-font anchor dump and inferred contiguous glyph blocks,"FH6 font glyph words are reordered vs FH5 for most fonts; use FH6 shape_word/full_code from this row, not the FH5 sheet code.",Text-field font shapes import through the universal/handmade type-code path.,
font_glyph,109,Forza_Font_9,,lower,m,M,Forza Font 9 Lower M,1052390,0x100ee6,3814,0x0ee6,14,230,1050589,2013,1801,confirmed from FH6 11-font anchor dump and inferred contiguous glyph blocks,"FH6 font glyph words are reordered vs FH5 for most fonts; use FH6 shape_word/full_code from this row, not the FH5 sheet code.",Text-field font shapes import through the universal/handmade type-code path.,
font_glyph,109,Forza_Font_9,,lower,n,N,Forza Font 9 Lower N,1052391,0x100ee7,3815,0x0ee7,14,231,1050590,2014,1801,confirmed from FH6 11-font anchor dump and inferred contiguous glyph blocks,"FH6 font glyph words are reordered vs FH5 for most fonts; use FH6 shape_word/full_code from this row, not the FH5 sheet code.",Text-field font shapes import through the universal/handmade type-code path.,
font_glyph,109,Forza_Font_9,,lower,o,O,Forza Font 9 Lower O,1052392,0x100ee8,3816,0x0ee8,14,232,1050591,2015,1801,confirmed from FH6 11-font anchor dump and inferred contiguous glyph blocks,"FH6 font glyph words are reordered vs FH5 for most fonts; use FH6 shape_word/full_code from this row, not the FH5 sheet code.",Text-field font shapes import through the universal/handmade type-code path.,
font_glyph,109,Forza_Font_9,,lower,p,P,Forza Font 9 Lower P,1052393,0x100ee9,3817,0x0ee9,14,233,1050592,2016,1801,confirmed from FH6 11-font anchor dump and inferred contiguous glyph blocks,"FH6 font glyph words are reordered vs FH5 for most fonts; use FH6 shape_word/full_code from this row, not the FH5 sheet code.",Text-field font shapes import through the universal/handmade type-code path.,
font_glyph,109,Forza_Font_9,,lower,q,Q,Forza Font 9 Lower Q,1052394,0x100eea,3818,0x0eea,14,234,1050593,2017,1801,confirmed from FH6 11-font anchor dump and inferred contiguous glyph blocks,"FH6 font glyph words are reordered vs FH5 for most fonts; use FH6 shape_word/full_code from this row, not the FH5 sheet code.",Text-field font shapes import through the universal/handmade type-code path.,
font_glyph,109,Forza_Font_9,,lower,r,R,Forza Font 9 Lower R,1052395,0x100eeb,3819,0x0eeb,14,235,1050594,2018,1801,confirmed from FH6 11-font anchor dump and inferred contiguous glyph blocks,"FH6 font glyph words are reordered vs FH5 for most fonts; use FH6 shape_word/full_code from this row, not the FH5 sheet code.",Text-field font shapes import through the universal/handmade type-code path.,
font_glyph,109,Forza_Font_9,,lower,s,S,Forza Font 9 Lower S,1052396,0x100eec,3820,0x0eec,14,236,1050595,2019,1801,confirmed from FH6 11-font anchor dump and inferred contiguous glyph blocks,"FH6 font glyph words are reordered vs FH5 for most fonts; use FH6 shape_word/full_code from this row, not the FH5 sheet code.",Text-field font shapes import through the universal/handmade type-code path.,
font_glyph,109,Forza_Font_9,,lower,t,T,Forza Font 9 Lower T,1052397,0x100eed,3821,0x0eed,14,237,1050596,2020,1801,confirmed from FH6 11-font anchor dump and inferred contiguous glyph blocks,"FH6 font glyph words are reordered vs FH5 for most fonts; use FH6 shape_word/full_code from this row, not the FH5 sheet code.",Text-field font shapes import through the universal/handmade type-code path.,
font_glyph,109,Forza_Font_9,,lower,u,U,Forza Font 9 Lower U,1052398,0x100eee,3822,0x0eee,14,238,1050597,2021,1801,confirmed from FH6 11-font anchor dump and inferred contiguous glyph blocks,"FH6 font glyph words are reordered vs FH5 for most fonts; use FH6 shape_word/full_code from this row, not the FH5 sheet code.",Text-field font shapes import through the universal/handmade type-code path.,
font_glyph,109,Forza_Font_9,,lower,v,V,Forza Font 9 Lower V,1052399,0x100eef,3823,0x0eef,14,239,1050598,2022,1801,confirmed from FH6 11-font anchor dump and inferred contiguous glyph blocks,"FH6 font glyph words are reordered vs FH5 for most fonts; use FH6 shape_word/full_code from this row, not the FH5 sheet code.",Text-field font shapes import through the universal/handmade type-code path.,
font_glyph,109,Forza_Font_9,,lower,w,W,Forza Font 9 Lower W,1052400,0x100ef0,3824,0x0ef0,14,240,1050599,2023,1801,confirmed from FH6 11-font anchor dump and inferred contiguous glyph blocks,"FH6 font glyph words are reordered vs FH5 for most fonts; use FH6 shape_word/full_code from this row, not the FH5 sheet code.",Text-field font shapes import through the universal/handmade type-code path.,
font_glyph,109,Forza_Font_9,,lower,x,X,Forza Font 9 Lower X,1052401,0x100ef1,3825,0x0ef1,14,241,1050600,2024,1801,confirmed from FH6 11-font anchor dump and inferred contiguous glyph blocks,"FH6 font glyph words are reordered vs FH5 for most fonts; use FH6 shape_word/full_code from this row, not the FH5 sheet code.",Text-field font shapes import through the universal/handmade type-code path.,
font_glyph,109,Forza_Font_9,,lower,y,Y,Forza Font 9 Lower Y,1052402,0x100ef2,3826,0x0ef2,14,242,1050601,2025,1801,confirmed from FH6 11-font anchor dump and inferred contiguous glyph blocks,"FH6 font glyph words are reordered vs FH5 for most fonts; use FH6 shape_word/full_code from this row, not the FH5 sheet code.",Text-field font shapes import through the universal/handmade type-code path.,
font_glyph,109,Forza_Font_9,,lower,z,Z,Forza Font 9 Lower Z,1052403,0x100ef3,3827,0x0ef3,14,243,1050602,2026,1801,confirmed from FH6 11-font anchor dump and inferred contiguous glyph blocks,"FH6 font glyph words are reordered vs FH5 for most fonts; use FH6 shape_word/full_code from this row, not the FH5 sheet code.",Text-field font shapes import through the universal/handmade type-code path.,
font_glyph,109,Forza_Font_9,,number,1,1,Forza Font 9 Number 1,1052303,0x100e8f,3727,0x0e8f,14,143,1050503,1927,1800,confirmed from FH6 11-font anchor dump and inferred contiguous glyph blocks,"FH6 font glyph words are reordered vs FH5 for most fonts; use FH6 shape_word/full_code from this row, not the FH5 sheet code.",Text-field font shapes import through the universal/handmade type-code path.,
font_glyph,109,Forza_Font_9,,number,2,2,Forza Font 9 Number 2,1052304,0x100e90,3728,0x0e90,14,144,1050504,1928,1800,confirmed from FH6 11-font anchor dump and inferred contiguous glyph blocks,"FH6 font glyph words are reordered vs FH5 for most fonts; use FH6 shape_word/full_code from this row, not the FH5 sheet code.",Text-field font shapes import through the universal/handmade type-code path.,
font_glyph,109,Forza_Font_9,,number,3,3,Forza Font 9 Number 3,1052305,0x100e91,3729,0x0e91,14,145,1050505,1929,1800,confirmed from FH6 11-font anchor dump and inferred contiguous glyph blocks,"FH6 font glyph words are reordered vs FH5 for most fonts; use FH6 shape_word/full_code from this row, not the FH5 sheet code.",Text-field font shapes import through the universal/handmade type-code path.,
font_glyph,109,Forza_Font_9,,number,4,4,Forza Font 9 Number 4,1052306,0x100e92,3730,0x0e92,14,146,1050506,1930,1800,confirmed from FH6 11-font anchor dump and inferred contiguous glyph blocks,"FH6 font glyph words are reordered vs FH5 for most fonts; use FH6 shape_word/full_code from this row, not the FH5 sheet code.",Text-field font shapes import through the universal/handmade type-code path.,
font_glyph,109,Forza_Font_9,,number,5,5,Forza Font 9 Number 5,1052307,0x100e93,3731,0x0e93,14,147,1050507,1931,1800,confirmed from FH6 11-font anchor dump and inferred contiguous glyph blocks,"FH6 font glyph words are reordered vs FH5 for most fonts; use FH6 shape_word/full_code from this row, not the FH5 sheet code.",Text-field font shapes import through the universal/handmade type-code path.,
font_glyph,109,Forza_Font_9,,number,6,6,Forza Font 9 Number 6,1052308,0x100e94,3732,0x0e94,14,148,1050508,1932,1800,confirmed from FH6 11-font anchor dump and inferred contiguous glyph blocks,"FH6 font glyph words are reordered vs FH5 for most fonts; use FH6 shape_word/full_code from this row, not the FH5 sheet code.",Text-field font shapes import through the universal/handmade type-code path.,
font_glyph,109,Forza_Font_9,,number,7,7,Forza Font 9 Number 7,1052309,0x100e95,3733,0x0e95,14,149,1050509,1933,1800,confirmed from FH6 11-font anchor dump and inferred contiguous glyph blocks,"FH6 font glyph words are reordered vs FH5 for most fonts; use FH6 shape_word/full_code from this row, not the FH5 sheet code.",Text-field font shapes import through the universal/handmade type-code path.,
font_glyph,109,Forza_Font_9,,number,8,8,Forza Font 9 Number 8,1052310,0x100e96,3734,0x0e96,14,150,1050510,1934,1800,confirmed from FH6 11-font anchor dump and inferred contiguous glyph blocks,"FH6 font glyph words are reordered vs FH5 for most fonts; use FH6 shape_word/full_code from this row, not the FH5 sheet code.",Text-field font shapes import through the universal/handmade type-code path.,
font_glyph,109,Forza_Font_9,,number,9,9,Forza Font 9 Number 9,1052311,0x100e97,3735,0x0e97,14,151,1050511,1935,1800,confirmed from FH6 11-font anchor dump and inferred contiguous glyph blocks,"FH6 font glyph words are reordered vs FH5 for most fonts; use FH6 shape_word/full_code from this row, not the FH5 sheet code.",Text-field font shapes import through the universal/handmade type-code path.,
font_glyph,109,Forza_Font_9,,number,10,10,Forza Font 9 Number 10,1052312,0x100e98,3736,0x0e98,14,152,1050512,1936,1800,confirmed from FH6 11-font anchor dump and inferred contiguous glyph blocks,"FH6 font glyph words are reordered vs FH5 for most fonts; use FH6 shape_word/full_code from this row, not the FH5 sheet code.",Text-field font shapes import through the universal/handmade type-code path.,
font_glyph,109,Forza_Font_9,,upper_symbol,!,!,Forza Font 9 Exclamation Mark,1052313,0x100e99,3737,0x0e99,14,153,1050513,1937,1800,confirmed from FH6 11-font anchor dump and inferred contiguous glyph blocks,"FH6 font glyph words are reordered vs FH5 for most fonts; use FH6 shape_word/full_code from this row, not the FH5 sheet code.",Text-field font shapes import through the universal/handmade type-code path.,
font_glyph,109,Forza_Font_9,,upper_symbol,?,?,Forza Font 9 Question Mark,1052314,0x100e9a,3738,0x0e9a,14,154,1050514,1938,1800,confirmed from FH6 11-font anchor dump and inferred contiguous glyph blocks,"FH6 font glyph words are reordered vs FH5 for most fonts; use FH6 shape_word/full_code from this row, not the FH5 sheet code.",Text-field font shapes import through the universal/handmade type-code path.,
font_glyph,109,Forza_Font_9,,upper_symbol,@,@,Forza Font 9 Upper At Symbol,1052315,0x100e9b,3739,0x0e9b,14,155,1050515,1939,1800,confirmed from FH6 11-font anchor dump and inferred contiguous glyph blocks,"FH6 font glyph words are reordered vs FH5 for most fonts; use FH6 shape_word/full_code from this row, not the FH5 sheet code.",Text-field font shapes import through the universal/handmade type-code path.,
font_glyph,109,Forza_Font_9,,upper_symbol,&,&,Forza Font 9 Ampersand,1052316,0x100e9c,3740,0x0e9c,14,156,1050516,1940,1800,confirmed from FH6 11-font anchor dump and inferred contiguous glyph blocks,"FH6 font glyph words are reordered vs FH5 for most fonts; use FH6 shape_word/full_code from this row, not the FH5 sheet code.",Text-field font shapes import through the universal/handmade type-code path.,
font_glyph,109,Forza_Font_9,,lower_symbol,$,$,Forza Font 9 Dollar Sign,1052403,0x100ef3,3827,0x0ef3,14,243,1050603,2027,1800,confirmed from FH6 11-font anchor dump and inferred contiguous glyph blocks,"FH6 font glyph words are reordered vs FH5 for most fonts; use FH6 shape_word/full_code from this row, not the FH5 sheet code.",Text-field font shapes import through the universal/handmade type-code path.,
font_glyph,109,Forza_Font_9,,lower_symbol,£,£,Forza Font 9 Pound Sign,1052404,0x100ef4,3828,0x0ef4,14,244,1050604,2028,1800,confirmed from FH6 11-font anchor dump and inferred contiguous glyph blocks,"FH6 font glyph words are reordered vs FH5 for most fonts; use FH6 shape_word/full_code from this row, not the FH5 sheet code.",Text-field font shapes import through the universal/handmade type-code path.,
font_glyph,109,Forza_Font_9,,lower_symbol,¥,¥,Forza Font 9 Yen Sign,1052405,0x100ef5,3829,0x0ef5,14,245,1050605,2029,1800,confirmed from FH6 11-font anchor dump and inferred contiguous glyph blocks,"FH6 font glyph words are reordered vs FH5 for most fonts; use FH6 shape_word/full_code from this row, not the FH5 sheet code.",Text-field font shapes import through the universal/handmade type-code path.,
font_glyph,109,Forza_Font_9,,lower_symbol,€,€,Forza Font 9 Euro Sign,1052406,0x100ef6,3830,0x0ef6,14,246,1050606,2030,1800,confirmed from FH6 11-font anchor dump and inferred contiguous glyph blocks,"FH6 font glyph words are reordered vs FH5 for most fonts; use FH6 shape_word/full_code from this row, not the FH5 sheet code.",Text-field font shapes import through the universal/handmade type-code path.,
font_glyph,109,Forza_Font_9,,lower_symbol,æ,æ,Forza Font 9 AE,1052407,0x100ef7,3831,0x0ef7,14,247,1050607,2031,1800,confirmed from FH6 11-font anchor dump and inferred contiguous glyph blocks,"FH6 font glyph words are reordered vs FH5 for most fonts; use FH6 shape_word/full_code from this row, not the FH5 sheet code.",Text-field font shapes import through the universal/handmade type-code path.,
font_glyph,109,Forza_Font_9,,lower_symbol,^,^,Forza Font 9 Caret Symbol,1052408,0x100ef8,3832,0x0ef8,14,248,1050608,2032,1800,confirmed from FH6 11-font anchor dump and inferred contiguous glyph blocks,"FH6 font glyph words are reordered vs FH5 for most fonts; use FH6 shape_word/full_code from this row, not the FH5 sheet code.",Text-field font shapes import through the universal/handmade type-code path.,
font_glyph,109,Forza_Font_9,,lower_symbol,ß,ß,Forza Font 9 Eszett Symbol,1052409,0x100ef9,3833,0x0ef9,14,249,1050609,2033,1800,confirmed from FH6 11-font anchor dump and inferred contiguous glyph blocks,"FH6 font glyph words are reordered vs FH5 for most fonts; use FH6 shape_word/full_code from this row, not the FH5 sheet code.",Text-field font shapes import through the universal/handmade type-code path.,
font_glyph,109,Forza_Font_9,,lower_symbol,@,@,Forza Font 9 Lower At Symbol,1052410,0x100efa,3834,0x0efa,14,250,1050610,2034,1800,confirmed from FH6 11-font anchor dump and inferred contiguous glyph blocks,"FH6 font glyph words are reordered vs FH5 for most fonts; use FH6 shape_word/full_code from this row, not the FH5 sheet code.",Text-field font shapes import through the universal/handmade type-code path.,
font_glyph,109,Forza_Font_9,,lower_symbol,#,#,Forza Font 9 Hash,1052411,0x100efb,3835,0x0efb,14,251,1050611,2035,1800,confirmed from FH6 11-font anchor dump and inferred contiguous glyph blocks,"FH6 font glyph words are reordered vs FH5 for most fonts; use FH6 shape_word/full_code from this row, not the FH5 sheet code.",Text-field font shapes import through the universal/handmade type-code path.,
font_glyph,109,Forza_Font_9,,lower_symbol,+,+,Forza Font 9 Plus Symbol,1052412,0x100efc,3836,0x0efc,14,252,1050612,2036,1800,confirmed from FH6 11-font anchor dump and inferred contiguous glyph blocks,"FH6 font glyph words are reordered vs FH5 for most fonts; use FH6 shape_word/full_code from this row, not the FH5 sheet code.",Text-field font shapes import through the universal/handmade type-code path.,
font_glyph,109,Forza_Font_9,,lower_symbol,%,%,Forza Font 9 Percent Sign,1052413,0x100efd,3837,0x0efd,14,253,1050613,2037,1800,confirmed from FH6 11-font anchor dump and inferred contiguous glyph blocks,"FH6 font glyph words are reordered vs FH5 for most fonts; use FH6 shape_word/full_code from this row, not the FH5 sheet code.",Text-field font shapes import through the universal/handmade type-code path.,
font_glyph,109,Forza_Font_9,,lower_symbol,:,:,Forza Font 9 Colon,1052414,0x100efe,3838,0x0efe,14,254,1050614,2038,1800,confirmed from FH6 11-font anchor dump and inferred contiguous glyph blocks,"FH6 font glyph words are reordered vs FH5 for most fonts; use FH6 shape_word/full_code from this row, not the FH5 sheet code.",Text-field font shapes import through the universal/handmade type-code path.,
font_glyph,109,Forza_Font_9,,lower_symbol,;,;,Forza Font 9 Semicolon,1052415,0x100eff,3839,0x0eff,14,255,1050615,2039,1800,confirmed from FH6 11-font anchor dump and inferred contiguous glyph blocks,"FH6 font glyph words are reordered vs FH5 for most fonts; use FH6 shape_word/full_code from this row, not the FH5 sheet code.",Text-field font shapes import through the universal/handmade type-code path.,
font_glyph,109,Forza_Font_9,,lower_symbol,/,/,Forza Font 9 Slash,1052416,0x100f00,3840,0x0f00,15,0,1050616,2040,1800,confirmed from FH6 11-font anchor dump and inferred contiguous glyph blocks,"FH6 font glyph words are reordered vs FH5 for most fonts; use FH6 shape_word/full_code from this row, not the FH5 sheet code.",Text-field font shapes import through the universal/handmade type-code path.,
font_glyph,110,Forza_Font_10,,upper,A,A,Forza Font 10 Upper A,1050277,0x1006a5,1701,0x06a5,6,165,1050477,1901,-200,confirmed from FH6 11-font anchor dump and inferred contiguous glyph blocks,"FH6 font glyph words are reordered vs FH5 for most fonts; use FH6 shape_word/full_code from this row, not the FH5 sheet code.",Text-field font shapes import through the universal/handmade type-code path.,
font_glyph,110,Forza_Font_10,,upper,B,B,Forza Font 10 Upper B,1050278,0x1006a6,1702,0x06a6,6,166,1050478,1902,-200,confirmed from FH6 11-font anchor dump and inferred contiguous glyph blocks,"FH6 font glyph words are reordered vs FH5 for most fonts; use FH6 shape_word/full_code from this row, not the FH5 sheet code.",Text-field font shapes import through the universal/handmade type-code path.,
font_glyph,110,Forza_Font_10,,upper,C,C,Forza Font 10 Upper C,1050279,0x1006a7,1703,0x06a7,6,167,1050479,1903,-200,confirmed from FH6 11-font anchor dump and inferred contiguous glyph blocks,"FH6 font glyph words are reordered vs FH5 for most fonts; use FH6 shape_word/full_code from this row, not the FH5 sheet code.",Text-field font shapes import through the universal/handmade type-code path.,
font_glyph,110,Forza_Font_10,,upper,D,D,Forza Font 10 Upper D,1050280,0x1006a8,1704,0x06a8,6,168,1050480,1904,-200,confirmed from FH6 11-font anchor dump and inferred contiguous glyph blocks,"FH6 font glyph words are reordered vs FH5 for most fonts; use FH6 shape_word/full_code from this row, not the FH5 sheet code.",Text-field font shapes import through the universal/handmade type-code path.,
font_glyph,110,Forza_Font_10,,upper,E,E,Forza Font 10 Upper E,1050281,0x1006a9,1705,0x06a9,6,169,1050481,1905,-200,confirmed from FH6 11-font anchor dump and inferred contiguous glyph blocks,"FH6 font glyph words are reordered vs FH5 for most fonts; use FH6 shape_word/full_code from this row, not the FH5 sheet code.",Text-field font shapes import through the universal/handmade type-code path.,
font_glyph,110,Forza_Font_10,,upper,F,F,Forza Font 10 Upper F,1050282,0x1006aa,1706,0x06aa,6,170,1050482,1906,-200,confirmed from FH6 11-font anchor dump and inferred contiguous glyph blocks,"FH6 font glyph words are reordered vs FH5 for most fonts; use FH6 shape_word/full_code from this row, not the FH5 sheet code.",Text-field font shapes import through the universal/handmade type-code path.,
font_glyph,110,Forza_Font_10,,upper,G,G,Forza Font 10 Upper G,1050283,0x1006ab,1707,0x06ab,6,171,1050483,1907,-200,confirmed from FH6 11-font anchor dump and inferred contiguous glyph blocks,"FH6 font glyph words are reordered vs FH5 for most fonts; use FH6 shape_word/full_code from this row, not the FH5 sheet code.",Text-field font shapes import through the universal/handmade type-code path.,
font_glyph,110,Forza_Font_10,,upper,H,H,Forza Font 10 Upper H,1050284,0x1006ac,1708,0x06ac,6,172,1050484,1908,-200,confirmed from FH6 11-font anchor dump and inferred contiguous glyph blocks,"FH6 font glyph words are reordered vs FH5 for most fonts; use FH6 shape_word/full_code from this row, not the FH5 sheet code.",Text-field font shapes import through the universal/handmade type-code path.,
font_glyph,110,Forza_Font_10,,upper,I,I,Forza Font 10 Upper I,1050285,0x1006ad,1709,0x06ad,6,173,1050485,1909,-200,confirmed from FH6 11-font anchor dump and inferred contiguous glyph blocks,"FH6 font glyph words are reordered vs FH5 for most fonts; use FH6 shape_word/full_code from this row, not the FH5 sheet code.",Text-field font shapes import through the universal/handmade type-code path.,
font_glyph,110,Forza_Font_10,,upper,J,J,Forza Font 10 Upper J,1050286,0x1006ae,1710,0x06ae,6,174,1050486,1910,-200,confirmed from FH6 11-font anchor dump and inferred contiguous glyph blocks,"FH6 font glyph words are reordered vs FH5 for most fonts; use FH6 shape_word/full_code from this row, not the FH5 sheet code.",Text-field font shapes import through the universal/handmade type-code path.,
font_glyph,110,Forza_Font_10,,upper,K,K,Forza Font 10 Upper K,1050287,0x1006af,1711,0x06af,6,175,1050487,1911,-200,confirmed from FH6 11-font anchor dump and inferred contiguous glyph blocks,"FH6 font glyph words are reordered vs FH5 for most fonts; use FH6 shape_word/full_code from this row, not the FH5 sheet code.",Text-field font shapes import through the universal/handmade type-code path.,
font_glyph,110,Forza_Font_10,,upper,L,L,Forza Font 10 Upper L,1050288,0x1006b0,1712,0x06b0,6,176,1050488,1912,-200,confirmed from FH6 11-font anchor dump and inferred contiguous glyph blocks,"FH6 font glyph words are reordered vs FH5 for most fonts; use FH6 shape_word/full_code from this row, not the FH5 sheet code.",Text-field font shapes import through the universal/handmade type-code path.,
font_glyph,110,Forza_Font_10,,upper,M,M,Forza Font 10 Upper M,1050289,0x1006b1,1713,0x06b1,6,177,1050489,1913,-200,confirmed from FH6 11-font anchor dump and inferred contiguous glyph blocks,"FH6 font glyph words are reordered vs FH5 for most fonts; use FH6 shape_word/full_code from this row, not the FH5 sheet code.",Text-field font shapes import through the universal/handmade type-code path.,
font_glyph,110,Forza_Font_10,,upper,N,N,Forza Font 10 Upper N,1050290,0x1006b2,1714,0x06b2,6,178,1050490,1914,-200,confirmed from FH6 11-font anchor dump and inferred contiguous glyph blocks,"FH6 font glyph words are reordered vs FH5 for most fonts; use FH6 shape_word/full_code from this row, not the FH5 sheet code.",Text-field font shapes import through the universal/handmade type-code path.,
font_glyph,110,Forza_Font_10,,upper,O,O,Forza Font 10 Upper O,1050291,0x1006b3,1715,0x06b3,6,179,1050491,1915,-200,confirmed from FH6 11-font anchor dump and inferred contiguous glyph blocks,"FH6 font glyph words are reordered vs FH5 for most fonts; use FH6 shape_word/full_code from this row, not the FH5 sheet code.",Text-field font shapes import through the universal/handmade type-code path.,
font_glyph,110,Forza_Font_10,,upper,P,P,Forza Font 10 Upper P,1050292,0x1006b4,1716,0x06b4,6,180,1050492,1916,-200,confirmed from FH6 11-font anchor dump and inferred contiguous glyph blocks,"FH6 font glyph words are reordered vs FH5 for most fonts; use FH6 shape_word/full_code from this row, not the FH5 sheet code.",Text-field font shapes import through the universal/handmade type-code path.,
font_glyph,110,Forza_Font_10,,upper,Q,Q,Forza Font 10 Upper Q,1050293,0x1006b5,1717,0x06b5,6,181,1050493,1917,-200,confirmed from FH6 11-font anchor dump and inferred contiguous glyph blocks,"FH6 font glyph words are reordered vs FH5 for most fonts; use FH6 shape_word/full_code from this row, not the FH5 sheet code.",Text-field font shapes import through the universal/handmade type-code path.,
font_glyph,110,Forza_Font_10,,upper,R,R,Forza Font 10 Upper R,1050294,0x1006b6,1718,0x06b6,6,182,1050494,1918,-200,confirmed from FH6 11-font anchor dump and inferred contiguous glyph blocks,"FH6 font glyph words are reordered vs FH5 for most fonts; use FH6 shape_word/full_code from this row, not the FH5 sheet code.",Text-field font shapes import through the universal/handmade type-code path.,
font_glyph,110,Forza_Font_10,,upper,S,S,Forza Font 10 Upper S,1050295,0x1006b7,1719,0x06b7,6,183,1050495,1919,-200,confirmed from FH6 11-font anchor dump and inferred contiguous glyph blocks,"FH6 font glyph words are reordered vs FH5 for most fonts; use FH6 shape_word/full_code from this row, not the FH5 sheet code.",Text-field font shapes import through the universal/handmade type-code path.,
font_glyph,110,Forza_Font_10,,upper,T,T,Forza Font 10 Upper T,1050296,0x1006b8,1720,0x06b8,6,184,1050496,1920,-200,confirmed from FH6 11-font anchor dump and inferred contiguous glyph blocks,"FH6 font glyph words are reordered vs FH5 for most fonts; use FH6 shape_word/full_code from this row, not the FH5 sheet code.",Text-field font shapes import through the universal/handmade type-code path.,
font_glyph,110,Forza_Font_10,,upper,U,U,Forza Font 10 Upper U,1050297,0x1006b9,1721,0x06b9,6,185,1050497,1921,-200,confirmed from FH6 11-font anchor dump and inferred contiguous glyph blocks,"FH6 font glyph words are reordered vs FH5 for most fonts; use FH6 shape_word/full_code from this row, not the FH5 sheet code.",Text-field font shapes import through the universal/handmade type-code path.,
font_glyph,110,Forza_Font_10,,upper,V,V,Forza Font 10 Upper V,1050298,0x1006ba,1722,0x06ba,6,186,1050498,1922,-200,confirmed from FH6 11-font anchor dump and inferred contiguous glyph blocks,"FH6 font glyph words are reordered vs FH5 for most fonts; use FH6 shape_word/full_code from this row, not the FH5 sheet code.",Text-field font shapes import through the universal/handmade type-code path.,
font_glyph,110,Forza_Font_10,,upper,W,W,Forza Font 10 Upper W,1050299,0x1006bb,1723,0x06bb,6,187,1050499,1923,-200,confirmed from FH6 11-font anchor dump and inferred contiguous glyph blocks,"FH6 font glyph words are reordered vs FH5 for most fonts; use FH6 shape_word/full_code from this row, not the FH5 sheet code.",Text-field font shapes import through the universal/handmade type-code path.,
font_glyph,110,Forza_Font_10,,upper,X,X,Forza Font 10 Upper X,1050300,0x1006bc,1724,0x06bc,6,188,1050500,1924,-200,confirmed from FH6 11-font anchor dump and inferred contiguous glyph blocks,"FH6 font glyph words are reordered vs FH5 for most fonts; use FH6 shape_word/full_code from this row, not the FH5 sheet code.",Text-field font shapes import through the universal/handmade type-code path.,
font_glyph,110,Forza_Font_10,,upper,Y,Y,Forza Font 10 Upper Y,1050301,0x1006bd,1725,0x06bd,6,189,1050501,1925,-200,confirmed from FH6 11-font anchor dump and inferred contiguous glyph blocks,"FH6 font glyph words are reordered vs FH5 for most fonts; use FH6 shape_word/full_code from this row, not the FH5 sheet code.",Text-field font shapes import through the universal/handmade type-code path.,
font_glyph,110,Forza_Font_10,,upper,Z,Z,Forza Font 10 Upper Z,1050302,0x1006be,1726,0x06be,6,190,1050502,1926,-200,confirmed from FH6 11-font anchor dump and inferred contiguous glyph blocks,"FH6 font glyph words are reordered vs FH5 for most fonts; use FH6 shape_word/full_code from this row, not the FH5 sheet code.",Text-field font shapes import through the universal/handmade type-code path.,
font_glyph,110,Forza_Font_10,,lower,a,A,Forza Font 10 Lower A,1050377,0x100709,1801,0x0709,7,9,1050576,2000,-199,confirmed from FH6 11-font anchor dump and inferred contiguous glyph blocks,"FH6 font glyph words are reordered vs FH5 for most fonts; use FH6 shape_word/full_code from this row, not the FH5 sheet code.",Text-field font shapes import through the universal/handmade type-code path.,
font_glyph,110,Forza_Font_10,,lower,b,B,Forza Font 10 Lower B,1050379,0x10070b,1803,0x070b,7,11,1050578,2002,-199,confirmed from FH6 11-font anchor dump and inferred contiguous glyph blocks,"FH6 font glyph words are reordered vs FH5 for most fonts; use FH6 shape_word/full_code from this row, not the FH5 sheet code.",Text-field font shapes import through the universal/handmade type-code path.,
font_glyph,110,Forza_Font_10,,lower,c,C,Forza Font 10 Lower C,1050380,0x10070c,1804,0x070c,7,12,1050579,2003,-199,confirmed from FH6 11-font anchor dump and inferred contiguous glyph blocks,"FH6 font glyph words are reordered vs FH5 for most fonts; use FH6 shape_word/full_code from this row, not the FH5 sheet code.",Text-field font shapes import through the universal/handmade type-code path.,
font_glyph,110,Forza_Font_10,,lower,d,D,Forza Font 10 Lower D,1050381,0x10070d,1805,0x070d,7,13,1050580,2004,-199,confirmed from FH6 11-font anchor dump and inferred contiguous glyph blocks,"FH6 font glyph words are reordered vs FH5 for most fonts; use FH6 shape_word/full_code from this row, not the FH5 sheet code.",Text-field font shapes import through the universal/handmade type-code path.,
font_glyph,110,Forza_Font_10,,lower,e,E,Forza Font 10 Lower E,1050382,0x10070e,1806,0x070e,7,14,1050581,2005,-199,confirmed from FH6 11-font anchor dump and inferred contiguous glyph blocks,"FH6 font glyph words are reordered vs FH5 for most fonts; use FH6 shape_word/full_code from this row, not the FH5 sheet code.",Text-field font shapes import through the universal/handmade type-code path.,
font_glyph,110,Forza_Font_10,,lower,f,F,Forza Font 10 Lower F,1050383,0x10070f,1807,0x070f,7,15,1050582,2006,-199,confirmed from FH6 11-font anchor dump and inferred contiguous glyph blocks,"FH6 font glyph words are reordered vs FH5 for most fonts; use FH6 shape_word/full_code from this row, not the FH5 sheet code.",Text-field font shapes import through the universal/handmade type-code path.,
font_glyph,110,Forza_Font_10,,lower,g,G,Forza Font 10 Lower G,1050384,0x100710,1808,0x0710,7,16,1050583,2007,-199,confirmed from FH6 11-font anchor dump and inferred contiguous glyph blocks,"FH6 font glyph words are reordered vs FH5 for most fonts; use FH6 shape_word/full_code from this row, not the FH5 sheet code.",Text-field font shapes import through the universal/handmade type-code path.,
font_glyph,110,Forza_Font_10,,lower,h,H,Forza Font 10 Lower H,1050385,0x100711,1809,0x0711,7,17,1050584,2008,-199,confirmed from FH6 11-font anchor dump and inferred contiguous glyph blocks,"FH6 font glyph words are reordered vs FH5 for most fonts; use FH6 shape_word/full_code from this row, not the FH5 sheet code.",Text-field font shapes import through the universal/handmade type-code path.,
font_glyph,110,Forza_Font_10,,lower,i,I,Forza Font 10 Lower I,1050386,0x100712,1810,0x0712,7,18,1050585,2009,-199,confirmed from FH6 11-font anchor dump and inferred contiguous glyph blocks,"FH6 font glyph words are reordered vs FH5 for most fonts; use FH6 shape_word/full_code from this row, not the FH5 sheet code.",Text-field font shapes import through the universal/handmade type-code path.,
font_glyph,110,Forza_Font_10,,lower,j,J,Forza Font 10 Lower J,1050387,0x100713,1811,0x0713,7,19,1050586,2010,-199,confirmed from FH6 11-font anchor dump and inferred contiguous glyph blocks,"FH6 font glyph words are reordered vs FH5 for most fonts; use FH6 shape_word/full_code from this row, not the FH5 sheet code.",Text-field font shapes import through the universal/handmade type-code path.,
font_glyph,110,Forza_Font_10,,lower,k,K,Forza Font 10 Lower K,1050388,0x100714,1812,0x0714,7,20,1050587,2011,-199,confirmed from FH6 11-font anchor dump and inferred contiguous glyph blocks,"FH6 font glyph words are reordered vs FH5 for most fonts; use FH6 shape_word/full_code from this row, not the FH5 sheet code.",Text-field font shapes import through the universal/handmade type-code path.,
font_glyph,110,Forza_Font_10,,lower,l,L,Forza Font 10 Lower L,1050389,0x100715,1813,0x0715,7,21,1050588,2012,-199,confirmed from FH6 11-font anchor dump and inferred contiguous glyph blocks,"FH6 font glyph words are reordered vs FH5 for most fonts; use FH6 shape_word/full_code from this row, not the FH5 sheet code.",Text-field font shapes import through the universal/handmade type-code path.,
font_glyph,110,Forza_Font_10,,lower,m,M,Forza Font 10 Lower M,1050390,0x100716,1814,0x0716,7,22,1050589,2013,-199,confirmed from FH6 11-font anchor dump and inferred contiguous glyph blocks,"FH6 font glyph words are reordered vs FH5 for most fonts; use FH6 shape_word/full_code from this row, not the FH5 sheet code.",Text-field font shapes import through the universal/handmade type-code path.,
font_glyph,110,Forza_Font_10,,lower,n,N,Forza Font 10 Lower N,1050391,0x100717,1815,0x0717,7,23,1050590,2014,-199,confirmed from FH6 11-font anchor dump and inferred contiguous glyph blocks,"FH6 font glyph words are reordered vs FH5 for most fonts; use FH6 shape_word/full_code from this row, not the FH5 sheet code.",Text-field font shapes import through the universal/handmade type-code path.,
font_glyph,110,Forza_Font_10,,lower,o,O,Forza Font 10 Lower O,1050392,0x100718,1816,0x0718,7,24,1050591,2015,-199,confirmed from FH6 11-font anchor dump and inferred contiguous glyph blocks,"FH6 font glyph words are reordered vs FH5 for most fonts; use FH6 shape_word/full_code from this row, not the FH5 sheet code.",Text-field font shapes import through the universal/handmade type-code path.,
font_glyph,110,Forza_Font_10,,lower,p,P,Forza Font 10 Lower P,1050393,0x100719,1817,0x0719,7,25,1050592,2016,-199,confirmed from FH6 11-font anchor dump and inferred contiguous glyph blocks,"FH6 font glyph words are reordered vs FH5 for most fonts; use FH6 shape_word/full_code from this row, not the FH5 sheet code.",Text-field font shapes import through the universal/handmade type-code path.,
font_glyph,110,Forza_Font_10,,lower,q,Q,Forza Font 10 Lower Q,1050394,0x10071a,1818,0x071a,7,26,1050593,2017,-199,confirmed from FH6 11-font anchor dump and inferred contiguous glyph blocks,"FH6 font glyph words are reordered vs FH5 for most fonts; use FH6 shape_word/full_code from this row, not the FH5 sheet code.",Text-field font shapes import through the universal/handmade type-code path.,
font_glyph,110,Forza_Font_10,,lower,r,R,Forza Font 10 Lower R,1050395,0x10071b,1819,0x071b,7,27,1050594,2018,-199,confirmed from FH6 11-font anchor dump and inferred contiguous glyph blocks,"FH6 font glyph words are reordered vs FH5 for most fonts; use FH6 shape_word/full_code from this row, not the FH5 sheet code.",Text-field font shapes import through the universal/handmade type-code path.,
font_glyph,110,Forza_Font_10,,lower,s,S,Forza Font 10 Lower S,1050396,0x10071c,1820,0x071c,7,28,1050595,2019,-199,confirmed from FH6 11-font anchor dump and inferred contiguous glyph blocks,"FH6 font glyph words are reordered vs FH5 for most fonts; use FH6 shape_word/full_code from this row, not the FH5 sheet code.",Text-field font shapes import through the universal/handmade type-code path.,
font_glyph,110,Forza_Font_10,,lower,t,T,Forza Font 10 Lower T,1050397,0x10071d,1821,0x071d,7,29,1050596,2020,-199,confirmed from FH6 11-font anchor dump and inferred contiguous glyph blocks,"FH6 font glyph words are reordered vs FH5 for most fonts; use FH6 shape_word/full_code from this row, not the FH5 sheet code.",Text-field font shapes import through the universal/handmade type-code path.,
font_glyph,110,Forza_Font_10,,lower,u,U,Forza Font 10 Lower U,1050398,0x10071e,1822,0x071e,7,30,1050597,2021,-199,confirmed from FH6 11-font anchor dump and inferred contiguous glyph blocks,"FH6 font glyph words are reordered vs FH5 for most fonts; use FH6 shape_word/full_code from this row, not the FH5 sheet code.",Text-field font shapes import through the universal/handmade type-code path.,
font_glyph,110,Forza_Font_10,,lower,v,V,Forza Font 10 Lower V,1050399,0x10071f,1823,0x071f,7,31,1050598,2022,-199,confirmed from FH6 11-font anchor dump and inferred contiguous glyph blocks,"FH6 font glyph words are reordered vs FH5 for most fonts; use FH6 shape_word/full_code from this row, not the FH5 sheet code.",Text-field font shapes import through the universal/handmade type-code path.,
font_glyph,110,Forza_Font_10,,lower,w,W,Forza Font 10 Lower W,1050400,0x100720,1824,0x0720,7,32,1050599,2023,-199,confirmed from FH6 11-font anchor dump and inferred contiguous glyph blocks,"FH6 font glyph words are reordered vs FH5 for most fonts; use FH6 shape_word/full_code from this row, not the FH5 sheet code.",Text-field font shapes import through the universal/handmade type-code path.,
font_glyph,110,Forza_Font_10,,lower,x,X,Forza Font 10 Lower X,1050401,0x100721,1825,0x0721,7,33,1050600,2024,-199,confirmed from FH6 11-font anchor dump and inferred contiguous glyph blocks,"FH6 font glyph words are reordered vs FH5 for most fonts; use FH6 shape_word/full_code from this row, not the FH5 sheet code.",Text-field font shapes import through the universal/handmade type-code path.,
font_glyph,110,Forza_Font_10,,lower,y,Y,Forza Font 10 Lower Y,1050402,0x100722,1826,0x0722,7,34,1050601,2025,-199,confirmed from FH6 11-font anchor dump and inferred contiguous glyph blocks,"FH6 font glyph words are reordered vs FH5 for most fonts; use FH6 shape_word/full_code from this row, not the FH5 sheet code.",Text-field font shapes import through the universal/handmade type-code path.,
font_glyph,110,Forza_Font_10,,lower,z,Z,Forza Font 10 Lower Z,1050403,0x100723,1827,0x0723,7,35,1050602,2026,-199,confirmed from FH6 11-font anchor dump and inferred contiguous glyph blocks,"FH6 font glyph words are reordered vs FH5 for most fonts; use FH6 shape_word/full_code from this row, not the FH5 sheet code.",Text-field font shapes import through the universal/handmade type-code path.,
font_glyph,110,Forza_Font_10,,number,1,1,Forza Font 10 Number 1,1050303,0x1006bf,1727,0x06bf,6,191,1050503,1927,-200,confirmed from FH6 11-font anchor dump and inferred contiguous glyph blocks,"FH6 font glyph words are reordered vs FH5 for most fonts; use FH6 shape_word/full_code from this row, not the FH5 sheet code.",Text-field font shapes import through the universal/handmade type-code path.,
font_glyph,110,Forza_Font_10,,number,2,2,Forza Font 10 Number 2,1050304,0x1006c0,1728,0x06c0,6,192,1050504,1928,-200,confirmed from FH6 11-font anchor dump and inferred contiguous glyph blocks,"FH6 font glyph words are reordered vs FH5 for most fonts; use FH6 shape_word/full_code from this row, not the FH5 sheet code.",Text-field font shapes import through the universal/handmade type-code path.,
font_glyph,110,Forza_Font_10,,number,3,3,Forza Font 10 Number 3,1050305,0x1006c1,1729,0x06c1,6,193,1050505,1929,-200,confirmed from FH6 11-font anchor dump and inferred contiguous glyph blocks,"FH6 font glyph words are reordered vs FH5 for most fonts; use FH6 shape_word/full_code from this row, not the FH5 sheet code.",Text-field font shapes import through the universal/handmade type-code path.,
font_glyph,110,Forza_Font_10,,number,4,4,Forza Font 10 Number 4,1050306,0x1006c2,1730,0x06c2,6,194,1050506,1930,-200,confirmed from FH6 11-font anchor dump and inferred contiguous glyph blocks,"FH6 font glyph words are reordered vs FH5 for most fonts; use FH6 shape_word/full_code from this row, not the FH5 sheet code.",Text-field font shapes import through the universal/handmade type-code path.,
font_glyph,110,Forza_Font_10,,number,5,5,Forza Font 10 Number 5,1050307,0x1006c3,1731,0x06c3,6,195,1050507,1931,-200,confirmed from FH6 11-font anchor dump and inferred contiguous glyph blocks,"FH6 font glyph words are reordered vs FH5 for most fonts; use FH6 shape_word/full_code from this row, not the FH5 sheet code.",Text-field font shapes import through the universal/handmade type-code path.,
font_glyph,110,Forza_Font_10,,number,6,6,Forza Font 10 Number 6,1050308,0x1006c4,1732,0x06c4,6,196,1050508,1932,-200,confirmed from FH6 11-font anchor dump and inferred contiguous glyph blocks,"FH6 font glyph words are reordered vs FH5 for most fonts; use FH6 shape_word/full_code from this row, not the FH5 sheet code.",Text-field font shapes import through the universal/handmade type-code path.,
font_glyph,110,Forza_Font_10,,number,7,7,Forza Font 10 Number 7,1050309,0x1006c5,1733,0x06c5,6,197,1050509,1933,-200,confirmed from FH6 11-font anchor dump and inferred contiguous glyph blocks,"FH6 font glyph words are reordered vs FH5 for most fonts; use FH6 shape_word/full_code from this row, not the FH5 sheet code.",Text-field font shapes import through the universal/handmade type-code path.,
font_glyph,110,Forza_Font_10,,number,8,8,Forza Font 10 Number 8,1050310,0x1006c6,1734,0x06c6,6,198,1050510,1934,-200,confirmed from FH6 11-font anchor dump and inferred contiguous glyph blocks,"FH6 font glyph words are reordered vs FH5 for most fonts; use FH6 shape_word/full_code from this row, not the FH5 sheet code.",Text-field font shapes import through the universal/handmade type-code path.,
font_glyph,110,Forza_Font_10,,number,9,9,Forza Font 10 Number 9,1050311,0x1006c7,1735,0x06c7,6,199,1050511,1935,-200,confirmed from FH6 11-font anchor dump and inferred contiguous glyph blocks,"FH6 font glyph words are reordered vs FH5 for most fonts; use FH6 shape_word/full_code from this row, not the FH5 sheet code.",Text-field font shapes import through the universal/handmade type-code path.,
font_glyph,110,Forza_Font_10,,number,10,10,Forza Font 10 Number 10,1050312,0x1006c8,1736,0x06c8,6,200,1050512,1936,-200,confirmed from FH6 11-font anchor dump and inferred contiguous glyph blocks,"FH6 font glyph words are reordered vs FH5 for most fonts; use FH6 shape_word/full_code from this row, not the FH5 sheet code.",Text-field font shapes import through the universal/handmade type-code path.,
font_glyph,110,Forza_Font_10,,upper_symbol,!,!,Forza Font 10 Exclamation Mark,1050313,0x1006c9,1737,0x06c9,6,201,1050513,1937,-200,confirmed from FH6 11-font anchor dump and inferred contiguous glyph blocks,"FH6 font glyph words are reordered vs FH5 for most fonts; use FH6 shape_word/full_code from this row, not the FH5 sheet code.",Text-field font shapes import through the universal/handmade type-code path.,
font_glyph,110,Forza_Font_10,,upper_symbol,?,?,Forza Font 10 Question Mark,1050314,0x1006ca,1738,0x06ca,6,202,1050514,1938,-200,confirmed from FH6 11-font anchor dump and inferred contiguous glyph blocks,"FH6 font glyph words are reordered vs FH5 for most fonts; use FH6 shape_word/full_code from this row, not the FH5 sheet code.",Text-field font shapes import through the universal/handmade type-code path.,
font_glyph,110,Forza_Font_10,,upper_symbol,@,@,Forza Font 10 Upper At Symbol,1050315,0x1006cb,1739,0x06cb,6,203,1050515,1939,-200,confirmed from FH6 11-font anchor dump and inferred contiguous glyph blocks,"FH6 font glyph words are reordered vs FH5 for most fonts; use FH6 shape_word/full_code from this row, not the FH5 sheet code.",Text-field font shapes import through the universal/handmade type-code path.,
font_glyph,110,Forza_Font_10,,upper_symbol,&,&,Forza Font 10 Ampersand,1050316,0x1006cc,1740,0x06cc,6,204,1050516,1940,-200,confirmed from FH6 11-font anchor dump and inferred contiguous glyph blocks,"FH6 font glyph words are reordered vs FH5 for most fonts; use FH6 shape_word/full_code from this row, not the FH5 sheet code.",Text-field font shapes import through the universal/handmade type-code path.,
font_glyph,110,Forza_Font_10,,lower_symbol,$,$,Forza Font 10 Dollar Sign,1050403,0x100723,1827,0x0723,7,35,1050603,2027,-200,confirmed from FH6 11-font anchor dump and inferred contiguous glyph blocks,"FH6 font glyph words are reordered vs FH5 for most fonts; use FH6 shape_word/full_code from this row, not the FH5 sheet code.",Text-field font shapes import through the universal/handmade type-code path.,
font_glyph,110,Forza_Font_10,,lower_symbol,£,£,Forza Font 10 Pound Sign,1050404,0x100724,1828,0x0724,7,36,1050604,2028,-200,confirmed from FH6 11-font anchor dump and inferred contiguous glyph blocks,"FH6 font glyph words are reordered vs FH5 for most fonts; use FH6 shape_word/full_code from this row, not the FH5 sheet code.",Text-field font shapes import through the universal/handmade type-code path.,
font_glyph,110,Forza_Font_10,,lower_symbol,¥,¥,Forza Font 10 Yen Sign,1050405,0x100725,1829,0x0725,7,37,1050605,2029,-200,confirmed from FH6 11-font anchor dump and inferred contiguous glyph blocks,"FH6 font glyph words are reordered vs FH5 for most fonts; use FH6 shape_word/full_code from this row, not the FH5 sheet code.",Text-field font shapes import through the universal/handmade type-code path.,
font_glyph,110,Forza_Font_10,,lower_symbol,€,€,Forza Font 10 Euro Sign,1050406,0x100726,1830,0x0726,7,38,1050606,2030,-200,confirmed from FH6 11-font anchor dump and inferred contiguous glyph blocks,"FH6 font glyph words are reordered vs FH5 for most fonts; use FH6 shape_word/full_code from this row, not the FH5 sheet code.",Text-field font shapes import through the universal/handmade type-code path.,
font_glyph,110,Forza_Font_10,,lower_symbol,æ,æ,Forza Font 10 AE,1050407,0x100727,1831,0x0727,7,39,1050607,2031,-200,confirmed from FH6 11-font anchor dump and inferred contiguous glyph blocks,"FH6 font glyph words are reordered vs FH5 for most fonts; use FH6 shape_word/full_code from this row, not the FH5 sheet code.",Text-field font shapes import through the universal/handmade type-code path.,
font_glyph,110,Forza_Font_10,,lower_symbol,^,^,Forza Font 10 Caret Symbol,1050408,0x100728,1832,0x0728,7,40,1050608,2032,-200,confirmed from FH6 11-font anchor dump and inferred contiguous glyph blocks,"FH6 font glyph words are reordered vs FH5 for most fonts; use FH6 shape_word/full_code from this row, not the FH5 sheet code.",Text-field font shapes import through the universal/handmade type-code path.,
font_glyph,110,Forza_Font_10,,lower_symbol,ß,ß,Forza Font 10 Eszett Symbol,1050409,0x100729,1833,0x0729,7,41,1050609,2033,-200,confirmed from FH6 11-font anchor dump and inferred contiguous glyph blocks,"FH6 font glyph words are reordered vs FH5 for most fonts; use FH6 shape_word/full_code from this row, not the FH5 sheet code.",Text-field font shapes import through the universal/handmade type-code path.,
font_glyph,110,Forza_Font_10,,lower_symbol,@,@,Forza Font 10 Lower At Symbol,1050410,0x10072a,1834,0x072a,7,42,1050610,2034,-200,confirmed from FH6 11-font anchor dump and inferred contiguous glyph blocks,"FH6 font glyph words are reordered vs FH5 for most fonts; use FH6 shape_word/full_code from this row, not the FH5 sheet code.",Text-field font shapes import through the universal/handmade type-code path.,
font_glyph,110,Forza_Font_10,,lower_symbol,#,#,Forza Font 10 Hash,1050411,0x10072b,1835,0x072b,7,43,1050611,2035,-200,confirmed from FH6 11-font anchor dump and inferred contiguous glyph blocks,"FH6 font glyph words are reordered vs FH5 for most fonts; use FH6 shape_word/full_code from this row, not the FH5 sheet code.",Text-field font shapes import through the universal/handmade type-code path.,
font_glyph,110,Forza_Font_10,,lower_symbol,+,+,Forza Font 10 Plus Symbol,1050412,0x10072c,1836,0x072c,7,44,1050612,2036,-200,confirmed from FH6 11-font anchor dump and inferred contiguous glyph blocks,"FH6 font glyph words are reordered vs FH5 for most fonts; use FH6 shape_word/full_code from this row, not the FH5 sheet code.",Text-field font shapes import through the universal/handmade type-code path.,
font_glyph,110,Forza_Font_10,,lower_symbol,%,%,Forza Font 10 Percent Sign,1050413,0x10072d,1837,0x072d,7,45,1050613,2037,-200,confirmed from FH6 11-font anchor dump and inferred contiguous glyph blocks,"FH6 font glyph words are reordered vs FH5 for most fonts; use FH6 shape_word/full_code from this row, not the FH5 sheet code.",Text-field font shapes import through the universal/handmade type-code path.,
font_glyph,110,Forza_Font_10,,lower_symbol,:,:,Forza Font 10 Colon,1050414,0x10072e,1838,0x072e,7,46,1050614,2038,-200,confirmed from FH6 11-font anchor dump and inferred contiguous glyph blocks,"FH6 font glyph words are reordered vs FH5 for most fonts; use FH6 shape_word/full_code from this row, not the FH5 sheet code.",Text-field font shapes import through the universal/handmade type-code path.,
font_glyph,110,Forza_Font_10,,lower_symbol,;,;,Forza Font 10 Semicolon,1050415,0x10072f,1839,0x072f,7,47,1050615,2039,-200,confirmed from FH6 11-font anchor dump and inferred contiguous glyph blocks,"FH6 font glyph words are reordered vs FH5 for most fonts; use FH6 shape_word/full_code from this row, not the FH5 sheet code.",Text-field font shapes import through the universal/handmade type-code path.,
font_glyph,110,Forza_Font_10,,lower_symbol,/,/,Forza Font 10 Slash,1050416,0x100730,1840,0x0730,7,48,1050616,2040,-200,confirmed from FH6 11-font anchor dump and inferred contiguous glyph blocks,"FH6 font glyph words are reordered vs FH5 for most fonts; use FH6 shape_word/full_code from this row, not the FH5 sheet code.",Text-field font shapes import through the universal/handmade type-code path.,
font_glyph,111,Forza_Font_11,,upper,A,A,Forza Font 11 Upper A,1051677,0x100c1d,3101,0x0c1d,12,29,1050477,1901,1200,confirmed from FH6 11-font anchor dump and inferred contiguous glyph blocks,"FH6 font glyph words are reordered vs FH5 for most fonts; use FH6 shape_word/full_code from this row, not the FH5 sheet code.",Text-field font shapes import through the universal/handmade type-code path.,
font_glyph,111,Forza_Font_11,,upper,B,B,Forza Font 11 Upper B,1051678,0x100c1e,3102,0x0c1e,12,30,1050478,1902,1200,confirmed from FH6 11-font anchor dump and inferred contiguous glyph blocks,"FH6 font glyph words are reordered vs FH5 for most fonts; use FH6 shape_word/full_code from this row, not the FH5 sheet code.",Text-field font shapes import through the universal/handmade type-code path.,
font_glyph,111,Forza_Font_11,,upper,C,C,Forza Font 11 Upper C,1051679,0x100c1f,3103,0x0c1f,12,31,1050479,1903,1200,confirmed from FH6 11-font anchor dump and inferred contiguous glyph blocks,"FH6 font glyph words are reordered vs FH5 for most fonts; use FH6 shape_word/full_code from this row, not the FH5 sheet code.",Text-field font shapes import through the universal/handmade type-code path.,
font_glyph,111,Forza_Font_11,,upper,D,D,Forza Font 11 Upper D,1051680,0x100c20,3104,0x0c20,12,32,1050480,1904,1200,confirmed from FH6 11-font anchor dump and inferred contiguous glyph blocks,"FH6 font glyph words are reordered vs FH5 for most fonts; use FH6 shape_word/full_code from this row, not the FH5 sheet code.",Text-field font shapes import through the universal/handmade type-code path.,
font_glyph,111,Forza_Font_11,,upper,E,E,Forza Font 11 Upper E,1051681,0x100c21,3105,0x0c21,12,33,1050481,1905,1200,confirmed from FH6 11-font anchor dump and inferred contiguous glyph blocks,"FH6 font glyph words are reordered vs FH5 for most fonts; use FH6 shape_word/full_code from this row, not the FH5 sheet code.",Text-field font shapes import through the universal/handmade type-code path.,
font_glyph,111,Forza_Font_11,,upper,F,F,Forza Font 11 Upper F,1051682,0x100c22,3106,0x0c22,12,34,1050482,1906,1200,confirmed from FH6 11-font anchor dump and inferred contiguous glyph blocks,"FH6 font glyph words are reordered vs FH5 for most fonts; use FH6 shape_word/full_code from this row, not the FH5 sheet code.",Text-field font shapes import through the universal/handmade type-code path.,
font_glyph,111,Forza_Font_11,,upper,G,G,Forza Font 11 Upper G,1051683,0x100c23,3107,0x0c23,12,35,1050483,1907,1200,confirmed from FH6 11-font anchor dump and inferred contiguous glyph blocks,"FH6 font glyph words are reordered vs FH5 for most fonts; use FH6 shape_word/full_code from this row, not the FH5 sheet code.",Text-field font shapes import through the universal/handmade type-code path.,
font_glyph,111,Forza_Font_11,,upper,H,H,Forza Font 11 Upper H,1051684,0x100c24,3108,0x0c24,12,36,1050484,1908,1200,confirmed from FH6 11-font anchor dump and inferred contiguous glyph blocks,"FH6 font glyph words are reordered vs FH5 for most fonts; use FH6 shape_word/full_code from this row, not the FH5 sheet code.",Text-field font shapes import through the universal/handmade type-code path.,
font_glyph,111,Forza_Font_11,,upper,I,I,Forza Font 11 Upper I,1051685,0x100c25,3109,0x0c25,12,37,1050485,1909,1200,confirmed from FH6 11-font anchor dump and inferred contiguous glyph blocks,"FH6 font glyph words are reordered vs FH5 for most fonts; use FH6 shape_word/full_code from this row, not the FH5 sheet code.",Text-field font shapes import through the universal/handmade type-code path.,
font_glyph,111,Forza_Font_11,,upper,J,J,Forza Font 11 Upper J,1051686,0x100c26,3110,0x0c26,12,38,1050486,1910,1200,confirmed from FH6 11-font anchor dump and inferred contiguous glyph blocks,"FH6 font glyph words are reordered vs FH5 for most fonts; use FH6 shape_word/full_code from this row, not the FH5 sheet code.",Text-field font shapes import through the universal/handmade type-code path.,
font_glyph,111,Forza_Font_11,,upper,K,K,Forza Font 11 Upper K,1051687,0x100c27,3111,0x0c27,12,39,1050487,1911,1200,confirmed from FH6 11-font anchor dump and inferred contiguous glyph blocks,"FH6 font glyph words are reordered vs FH5 for most fonts; use FH6 shape_word/full_code from this row, not the FH5 sheet code.",Text-field font shapes import through the universal/handmade type-code path.,
font_glyph,111,Forza_Font_11,,upper,L,L,Forza Font 11 Upper L,1051688,0x100c28,3112,0x0c28,12,40,1050488,1912,1200,confirmed from FH6 11-font anchor dump and inferred contiguous glyph blocks,"FH6 font glyph words are reordered vs FH5 for most fonts; use FH6 shape_word/full_code from this row, not the FH5 sheet code.",Text-field font shapes import through the universal/handmade type-code path.,
font_glyph,111,Forza_Font_11,,upper,M,M,Forza Font 11 Upper M,1051689,0x100c29,3113,0x0c29,12,41,1050489,1913,1200,confirmed from FH6 11-font anchor dump and inferred contiguous glyph blocks,"FH6 font glyph words are reordered vs FH5 for most fonts; use FH6 shape_word/full_code from this row, not the FH5 sheet code.",Text-field font shapes import through the universal/handmade type-code path.,
font_glyph,111,Forza_Font_11,,upper,N,N,Forza Font 11 Upper N,1051690,0x100c2a,3114,0x0c2a,12,42,1050490,1914,1200,confirmed from FH6 11-font anchor dump and inferred contiguous glyph blocks,"FH6 font glyph words are reordered vs FH5 for most fonts; use FH6 shape_word/full_code from this row, not the FH5 sheet code.",Text-field font shapes import through the universal/handmade type-code path.,
font_glyph,111,Forza_Font_11,,upper,O,O,Forza Font 11 Upper O,1051691,0x100c2b,3115,0x0c2b,12,43,1050491,1915,1200,confirmed from FH6 11-font anchor dump and inferred contiguous glyph blocks,"FH6 font glyph words are reordered vs FH5 for most fonts; use FH6 shape_word/full_code from this row, not the FH5 sheet code.",Text-field font shapes import through the universal/handmade type-code path.,
font_glyph,111,Forza_Font_11,,upper,P,P,Forza Font 11 Upper P,1051692,0x100c2c,3116,0x0c2c,12,44,1050492,1916,1200,confirmed from FH6 11-font anchor dump and inferred contiguous glyph blocks,"FH6 font glyph words are reordered vs FH5 for most fonts; use FH6 shape_word/full_code from this row, not the FH5 sheet code.",Text-field font shapes import through the universal/handmade type-code path.,
font_glyph,111,Forza_Font_11,,upper,Q,Q,Forza Font 11 Upper Q,1051693,0x100c2d,3117,0x0c2d,12,45,1050493,1917,1200,confirmed from FH6 11-font anchor dump and inferred contiguous glyph blocks,"FH6 font glyph words are reordered vs FH5 for most fonts; use FH6 shape_word/full_code from this row, not the FH5 sheet code.",Text-field font shapes import through the universal/handmade type-code path.,
font_glyph,111,Forza_Font_11,,upper,R,R,Forza Font 11 Upper R,1051694,0x100c2e,3118,0x0c2e,12,46,1050494,1918,1200,confirmed from FH6 11-font anchor dump and inferred contiguous glyph blocks,"FH6 font glyph words are reordered vs FH5 for most fonts; use FH6 shape_word/full_code from this row, not the FH5 sheet code.",Text-field font shapes import through the universal/handmade type-code path.,
font_glyph,111,Forza_Font_11,,upper,S,S,Forza Font 11 Upper S,1051695,0x100c2f,3119,0x0c2f,12,47,1050495,1919,1200,confirmed from FH6 11-font anchor dump and inferred contiguous glyph blocks,"FH6 font glyph words are reordered vs FH5 for most fonts; use FH6 shape_word/full_code from this row, not the FH5 sheet code.",Text-field font shapes import through the universal/handmade type-code path.,
font_glyph,111,Forza_Font_11,,upper,T,T,Forza Font 11 Upper T,1051696,0x100c30,3120,0x0c30,12,48,1050496,1920,1200,confirmed from FH6 11-font anchor dump and inferred contiguous glyph blocks,"FH6 font glyph words are reordered vs FH5 for most fonts; use FH6 shape_word/full_code from this row, not the FH5 sheet code.",Text-field font shapes import through the universal/handmade type-code path.,
font_glyph,111,Forza_Font_11,,upper,U,U,Forza Font 11 Upper U,1051697,0x100c31,3121,0x0c31,12,49,1050497,1921,1200,confirmed from FH6 11-font anchor dump and inferred contiguous glyph blocks,"FH6 font glyph words are reordered vs FH5 for most fonts; use FH6 shape_word/full_code from this row, not the FH5 sheet code.",Text-field font shapes import through the universal/handmade type-code path.,
font_glyph,111,Forza_Font_11,,upper,V,V,Forza Font 11 Upper V,1051698,0x100c32,3122,0x0c32,12,50,1050498,1922,1200,confirmed from FH6 11-font anchor dump and inferred contiguous glyph blocks,"FH6 font glyph words are reordered vs FH5 for most fonts; use FH6 shape_word/full_code from this row, not the FH5 sheet code.",Text-field font shapes import through the universal/handmade type-code path.,
font_glyph,111,Forza_Font_11,,upper,W,W,Forza Font 11 Upper W,1051699,0x100c33,3123,0x0c33,12,51,1050499,1923,1200,confirmed from FH6 11-font anchor dump and inferred contiguous glyph blocks,"FH6 font glyph words are reordered vs FH5 for most fonts; use FH6 shape_word/full_code from this row, not the FH5 sheet code.",Text-field font shapes import through the universal/handmade type-code path.,
font_glyph,111,Forza_Font_11,,upper,X,X,Forza Font 11 Upper X,1051700,0x100c34,3124,0x0c34,12,52,1050500,1924,1200,confirmed from FH6 11-font anchor dump and inferred contiguous glyph blocks,"FH6 font glyph words are reordered vs FH5 for most fonts; use FH6 shape_word/full_code from this row, not the FH5 sheet code.",Text-field font shapes import through the universal/handmade type-code path.,
font_glyph,111,Forza_Font_11,,upper,Y,Y,Forza Font 11 Upper Y,1051701,0x100c35,3125,0x0c35,12,53,1050501,1925,1200,confirmed from FH6 11-font anchor dump and inferred contiguous glyph blocks,"FH6 font glyph words are reordered vs FH5 for most fonts; use FH6 shape_word/full_code from this row, not the FH5 sheet code.",Text-field font shapes import through the universal/handmade type-code path.,
font_glyph,111,Forza_Font_11,,upper,Z,Z,Forza Font 11 Upper Z,1051702,0x100c36,3126,0x0c36,12,54,1050502,1926,1200,confirmed from FH6 11-font anchor dump and inferred contiguous glyph blocks,"FH6 font glyph words are reordered vs FH5 for most fonts; use FH6 shape_word/full_code from this row, not the FH5 sheet code.",Text-field font shapes import through the universal/handmade type-code path.,
font_glyph,111,Forza_Font_11,,lower,a,A,Forza Font 11 Lower A,1051777,0x100c81,3201,0x0c81,12,129,1050576,2000,1201,confirmed from FH6 11-font anchor dump and inferred contiguous glyph blocks,"FH6 font glyph words are reordered vs FH5 for most fonts; use FH6 shape_word/full_code from this row, not the FH5 sheet code.",Text-field font shapes import through the universal/handmade type-code path.,
font_glyph,111,Forza_Font_11,,lower,b,B,Forza Font 11 Lower B,1051779,0x100c83,3203,0x0c83,12,131,1050578,2002,1201,confirmed from FH6 11-font anchor dump and inferred contiguous glyph blocks,"FH6 font glyph words are reordered vs FH5 for most fonts; use FH6 shape_word/full_code from this row, not the FH5 sheet code.",Text-field font shapes import through the universal/handmade type-code path.,
font_glyph,111,Forza_Font_11,,lower,c,C,Forza Font 11 Lower C,1051780,0x100c84,3204,0x0c84,12,132,1050579,2003,1201,confirmed from FH6 11-font anchor dump and inferred contiguous glyph blocks,"FH6 font glyph words are reordered vs FH5 for most fonts; use FH6 shape_word/full_code from this row, not the FH5 sheet code.",Text-field font shapes import through the universal/handmade type-code path.,
font_glyph,111,Forza_Font_11,,lower,d,D,Forza Font 11 Lower D,1051781,0x100c85,3205,0x0c85,12,133,1050580,2004,1201,confirmed from FH6 11-font anchor dump and inferred contiguous glyph blocks,"FH6 font glyph words are reordered vs FH5 for most fonts; use FH6 shape_word/full_code from this row, not the FH5 sheet code.",Text-field font shapes import through the universal/handmade type-code path.,
font_glyph,111,Forza_Font_11,,lower,e,E,Forza Font 11 Lower E,1051782,0x100c86,3206,0x0c86,12,134,1050581,2005,1201,confirmed from FH6 11-font anchor dump and inferred contiguous glyph blocks,"FH6 font glyph words are reordered vs FH5 for most fonts; use FH6 shape_word/full_code from this row, not the FH5 sheet code.",Text-field font shapes import through the universal/handmade type-code path.,
font_glyph,111,Forza_Font_11,,lower,f,F,Forza Font 11 Lower F,1051783,0x100c87,3207,0x0c87,12,135,1050582,2006,1201,confirmed from FH6 11-font anchor dump and inferred contiguous glyph blocks,"FH6 font glyph words are reordered vs FH5 for most fonts; use FH6 shape_word/full_code from this row, not the FH5 sheet code.",Text-field font shapes import through the universal/handmade type-code path.,
font_glyph,111,Forza_Font_11,,lower,g,G,Forza Font 11 Lower G,1051784,0x100c88,3208,0x0c88,12,136,1050583,2007,1201,confirmed from FH6 11-font anchor dump and inferred contiguous glyph blocks,"FH6 font glyph words are reordered vs FH5 for most fonts; use FH6 shape_word/full_code from this row, not the FH5 sheet code.",Text-field font shapes import through the universal/handmade type-code path.,
font_glyph,111,Forza_Font_11,,lower,h,H,Forza Font 11 Lower H,1051785,0x100c89,3209,0x0c89,12,137,1050584,2008,1201,confirmed from FH6 11-font anchor dump and inferred contiguous glyph blocks,"FH6 font glyph words are reordered vs FH5 for most fonts; use FH6 shape_word/full_code from this row, not the FH5 sheet code.",Text-field font shapes import through the universal/handmade type-code path.,
font_glyph,111,Forza_Font_11,,lower,i,I,Forza Font 11 Lower I,1051786,0x100c8a,3210,0x0c8a,12,138,1050585,2009,1201,confirmed from FH6 11-font anchor dump and inferred contiguous glyph blocks,"FH6 font glyph words are reordered vs FH5 for most fonts; use FH6 shape_word/full_code from this row, not the FH5 sheet code.",Text-field font shapes import through the universal/handmade type-code path.,
font_glyph,111,Forza_Font_11,,lower,j,J,Forza Font 11 Lower J,1051787,0x100c8b,3211,0x0c8b,12,139,1050586,2010,1201,confirmed from FH6 11-font anchor dump and inferred contiguous glyph blocks,"FH6 font glyph words are reordered vs FH5 for most fonts; use FH6 shape_word/full_code from this row, not the FH5 sheet code.",Text-field font shapes import through the universal/handmade type-code path.,
font_glyph,111,Forza_Font_11,,lower,k,K,Forza Font 11 Lower K,1051788,0x100c8c,3212,0x0c8c,12,140,1050587,2011,1201,confirmed from FH6 11-font anchor dump and inferred contiguous glyph blocks,"FH6 font glyph words are reordered vs FH5 for most fonts; use FH6 shape_word/full_code from this row, not the FH5 sheet code.",Text-field font shapes import through the universal/handmade type-code path.,
font_glyph,111,Forza_Font_11,,lower,l,L,Forza Font 11 Lower L,1051789,0x100c8d,3213,0x0c8d,12,141,1050588,2012,1201,confirmed from FH6 11-font anchor dump and inferred contiguous glyph blocks,"FH6 font glyph words are reordered vs FH5 for most fonts; use FH6 shape_word/full_code from this row, not the FH5 sheet code.",Text-field font shapes import through the universal/handmade type-code path.,
font_glyph,111,Forza_Font_11,,lower,m,M,Forza Font 11 Lower M,1051790,0x100c8e,3214,0x0c8e,12,142,1050589,2013,1201,confirmed from FH6 11-font anchor dump and inferred contiguous glyph blocks,"FH6 font glyph words are reordered vs FH5 for most fonts; use FH6 shape_word/full_code from this row, not the FH5 sheet code.",Text-field font shapes import through the universal/handmade type-code path.,
font_glyph,111,Forza_Font_11,,lower,n,N,Forza Font 11 Lower N,1051791,0x100c8f,3215,0x0c8f,12,143,1050590,2014,1201,confirmed from FH6 11-font anchor dump and inferred contiguous glyph blocks,"FH6 font glyph words are reordered vs FH5 for most fonts; use FH6 shape_word/full_code from this row, not the FH5 sheet code.",Text-field font shapes import through the universal/handmade type-code path.,
font_glyph,111,Forza_Font_11,,lower,o,O,Forza Font 11 Lower O,1051792,0x100c90,3216,0x0c90,12,144,1050591,2015,1201,confirmed from FH6 11-font anchor dump and inferred contiguous glyph blocks,"FH6 font glyph words are reordered vs FH5 for most fonts; use FH6 shape_word/full_code from this row, not the FH5 sheet code.",Text-field font shapes import through the universal/handmade type-code path.,
font_glyph,111,Forza_Font_11,,lower,p,P,Forza Font 11 Lower P,1051793,0x100c91,3217,0x0c91,12,145,1050592,2016,1201,confirmed from FH6 11-font anchor dump and inferred contiguous glyph blocks,"FH6 font glyph words are reordered vs FH5 for most fonts; use FH6 shape_word/full_code from this row, not the FH5 sheet code.",Text-field font shapes import through the universal/handmade type-code path.,
font_glyph,111,Forza_Font_11,,lower,q,Q,Forza Font 11 Lower Q,1051794,0x100c92,3218,0x0c92,12,146,1050593,2017,1201,confirmed from FH6 11-font anchor dump and inferred contiguous glyph blocks,"FH6 font glyph words are reordered vs FH5 for most fonts; use FH6 shape_word/full_code from this row, not the FH5 sheet code.",Text-field font shapes import through the universal/handmade type-code path.,
font_glyph,111,Forza_Font_11,,lower,r,R,Forza Font 11 Lower R,1051795,0x100c93,3219,0x0c93,12,147,1050594,2018,1201,confirmed from FH6 11-font anchor dump and inferred contiguous glyph blocks,"FH6 font glyph words are reordered vs FH5 for most fonts; use FH6 shape_word/full_code from this row, not the FH5 sheet code.",Text-field font shapes import through the universal/handmade type-code path.,
font_glyph,111,Forza_Font_11,,lower,s,S,Forza Font 11 Lower S,1051796,0x100c94,3220,0x0c94,12,148,1050595,2019,1201,confirmed from FH6 11-font anchor dump and inferred contiguous glyph blocks,"FH6 font glyph words are reordered vs FH5 for most fonts; use FH6 shape_word/full_code from this row, not the FH5 sheet code.",Text-field font shapes import through the universal/handmade type-code path.,
font_glyph,111,Forza_Font_11,,lower,t,T,Forza Font 11 Lower T,1051797,0x100c95,3221,0x0c95,12,149,1050596,2020,1201,confirmed from FH6 11-font anchor dump and inferred contiguous glyph blocks,"FH6 font glyph words are reordered vs FH5 for most fonts; use FH6 shape_word/full_code from this row, not the FH5 sheet code.",Text-field font shapes import through the universal/handmade type-code path.,
font_glyph,111,Forza_Font_11,,lower,u,U,Forza Font 11 Lower U,1051798,0x100c96,3222,0x0c96,12,150,1050597,2021,1201,confirmed from FH6 11-font anchor dump and inferred contiguous glyph blocks,"FH6 font glyph words are reordered vs FH5 for most fonts; use FH6 shape_word/full_code from this row, not the FH5 sheet code.",Text-field font shapes import through the universal/handmade type-code path.,
font_glyph,111,Forza_Font_11,,lower,v,V,Forza Font 11 Lower V,1051799,0x100c97,3223,0x0c97,12,151,1050598,2022,1201,confirmed from FH6 11-font anchor dump and inferred contiguous glyph blocks,"FH6 font glyph words are reordered vs FH5 for most fonts; use FH6 shape_word/full_code from this row, not the FH5 sheet code.",Text-field font shapes import through the universal/handmade type-code path.,
font_glyph,111,Forza_Font_11,,lower,w,W,Forza Font 11 Lower W,1051800,0x100c98,3224,0x0c98,12,152,1050599,2023,1201,confirmed from FH6 11-font anchor dump and inferred contiguous glyph blocks,"FH6 font glyph words are reordered vs FH5 for most fonts; use FH6 shape_word/full_code from this row, not the FH5 sheet code.",Text-field font shapes import through the universal/handmade type-code path.,
font_glyph,111,Forza_Font_11,,lower,x,X,Forza Font 11 Lower X,1051801,0x100c99,3225,0x0c99,12,153,1050600,2024,1201,confirmed from FH6 11-font anchor dump and inferred contiguous glyph blocks,"FH6 font glyph words are reordered vs FH5 for most fonts; use FH6 shape_word/full_code from this row, not the FH5 sheet code.",Text-field font shapes import through the universal/handmade type-code path.,
font_glyph,111,Forza_Font_11,,lower,y,Y,Forza Font 11 Lower Y,1051802,0x100c9a,3226,0x0c9a,12,154,1050601,2025,1201,confirmed from FH6 11-font anchor dump and inferred contiguous glyph blocks,"FH6 font glyph words are reordered vs FH5 for most fonts; use FH6 shape_word/full_code from this row, not the FH5 sheet code.",Text-field font shapes import through the universal/handmade type-code path.,
font_glyph,111,Forza_Font_11,,lower,z,Z,Forza Font 11 Lower Z,1051803,0x100c9b,3227,0x0c9b,12,155,1050602,2026,1201,confirmed from FH6 11-font anchor dump and inferred contiguous glyph blocks,"FH6 font glyph words are reordered vs FH5 for most fonts; use FH6 shape_word/full_code from this row, not the FH5 sheet code.",Text-field font shapes import through the universal/handmade type-code path.,
font_glyph,111,Forza_Font_11,,number,1,1,Forza Font 11 Number 1,1051703,0x100c37,3127,0x0c37,12,55,1050503,1927,1200,confirmed from FH6 11-font anchor dump and inferred contiguous glyph blocks,"FH6 font glyph words are reordered vs FH5 for most fonts; use FH6 shape_word/full_code from this row, not the FH5 sheet code.",Text-field font shapes import through the universal/handmade type-code path.,
font_glyph,111,Forza_Font_11,,number,2,2,Forza Font 11 Number 2,1051704,0x100c38,3128,0x0c38,12,56,1050504,1928,1200,confirmed from FH6 11-font anchor dump and inferred contiguous glyph blocks,"FH6 font glyph words are reordered vs FH5 for most fonts; use FH6 shape_word/full_code from this row, not the FH5 sheet code.",Text-field font shapes import through the universal/handmade type-code path.,
font_glyph,111,Forza_Font_11,,number,3,3,Forza Font 11 Number 3,1051705,0x100c39,3129,0x0c39,12,57,1050505,1929,1200,confirmed from FH6 11-font anchor dump and inferred contiguous glyph blocks,"FH6 font glyph words are reordered vs FH5 for most fonts; use FH6 shape_word/full_code from this row, not the FH5 sheet code.",Text-field font shapes import through the universal/handmade type-code path.,
font_glyph,111,Forza_Font_11,,number,4,4,Forza Font 11 Number 4,1051706,0x100c3a,3130,0x0c3a,12,58,1050506,1930,1200,confirmed from FH6 11-font anchor dump and inferred contiguous glyph blocks,"FH6 font glyph words are reordered vs FH5 for most fonts; use FH6 shape_word/full_code from this row, not the FH5 sheet code.",Text-field font shapes import through the universal/handmade type-code path.,
font_glyph,111,Forza_Font_11,,number,5,5,Forza Font 11 Number 5,1051707,0x100c3b,3131,0x0c3b,12,59,1050507,1931,1200,confirmed from FH6 11-font anchor dump and inferred contiguous glyph blocks,"FH6 font glyph words are reordered vs FH5 for most fonts; use FH6 shape_word/full_code from this row, not the FH5 sheet code.",Text-field font shapes import through the universal/handmade type-code path.,
font_glyph,111,Forza_Font_11,,number,6,6,Forza Font 11 Number 6,1051708,0x100c3c,3132,0x0c3c,12,60,1050508,1932,1200,confirmed from FH6 11-font anchor dump and inferred contiguous glyph blocks,"FH6 font glyph words are reordered vs FH5 for most fonts; use FH6 shape_word/full_code from this row, not the FH5 sheet code.",Text-field font shapes import through the universal/handmade type-code path.,
font_glyph,111,Forza_Font_11,,number,7,7,Forza Font 11 Number 7,1051709,0x100c3d,3133,0x0c3d,12,61,1050509,1933,1200,confirmed from FH6 11-font anchor dump and inferred contiguous glyph blocks,"FH6 font glyph words are reordered vs FH5 for most fonts; use FH6 shape_word/full_code from this row, not the FH5 sheet code.",Text-field font shapes import through the universal/handmade type-code path.,
font_glyph,111,Forza_Font_11,,number,8,8,Forza Font 11 Number 8,1051710,0x100c3e,3134,0x0c3e,12,62,1050510,1934,1200,confirmed from FH6 11-font anchor dump and inferred contiguous glyph blocks,"FH6 font glyph words are reordered vs FH5 for most fonts; use FH6 shape_word/full_code from this row, not the FH5 sheet code.",Text-field font shapes import through the universal/handmade type-code path.,
font_glyph,111,Forza_Font_11,,number,9,9,Forza Font 11 Number 9,1051711,0x100c3f,3135,0x0c3f,12,63,1050511,1935,1200,confirmed from FH6 11-font anchor dump and inferred contiguous glyph blocks,"FH6 font glyph words are reordered vs FH5 for most fonts; use FH6 shape_word/full_code from this row, not the FH5 sheet code.",Text-field font shapes import through the universal/handmade type-code path.,
font_glyph,111,Forza_Font_11,,number,10,10,Forza Font 11 Number 10,1051712,0x100c40,3136,0x0c40,12,64,1050512,1936,1200,confirmed from FH6 11-font anchor dump and inferred contiguous glyph blocks,"FH6 font glyph words are reordered vs FH5 for most fonts; use FH6 shape_word/full_code from this row, not the FH5 sheet code.",Text-field font shapes import through the universal/handmade type-code path.,
font_glyph,111,Forza_Font_11,,upper_symbol,!,!,Forza Font 11 Exclamation Mark,1051713,0x100c41,3137,0x0c41,12,65,1050513,1937,1200,confirmed from FH6 11-font anchor dump and inferred contiguous glyph blocks,"FH6 font glyph words are reordered vs FH5 for most fonts; use FH6 shape_word/full_code from this row, not the FH5 sheet code.",Text-field font shapes import through the universal/handmade type-code path.,
font_glyph,111,Forza_Font_11,,upper_symbol,?,?,Forza Font 11 Question Mark,1051714,0x100c42,3138,0x0c42,12,66,1050514,1938,1200,confirmed from FH6 11-font anchor dump and inferred contiguous glyph blocks,"FH6 font glyph words are reordered vs FH5 for most fonts; use FH6 shape_word/full_code from this row, not the FH5 sheet code.",Text-field font shapes import through the universal/handmade type-code path.,
font_glyph,111,Forza_Font_11,,upper_symbol,@,@,Forza Font 11 Upper At Symbol,1051715,0x100c43,3139,0x0c43,12,67,1050515,1939,1200,confirmed from FH6 11-font anchor dump and inferred contiguous glyph blocks,"FH6 font glyph words are reordered vs FH5 for most fonts; use FH6 shape_word/full_code from this row, not the FH5 sheet code.",Text-field font shapes import through the universal/handmade type-code path.,
font_glyph,111,Forza_Font_11,,upper_symbol,&,&,Forza Font 11 Ampersand,1051716,0x100c44,3140,0x0c44,12,68,1050516,1940,1200,confirmed from FH6 11-font anchor dump and inferred contiguous glyph blocks,"FH6 font glyph words are reordered vs FH5 for most fonts; use FH6 shape_word/full_code from this row, not the FH5 sheet code.",Text-field font shapes import through the universal/handmade type-code path.,
font_glyph,111,Forza_Font_11,,lower_symbol,$,$,Forza Font 11 Dollar Sign,1051803,0x100c9b,3227,0x0c9b,12,155,1050603,2027,1200,confirmed from FH6 11-font anchor dump and inferred contiguous glyph blocks,"FH6 font glyph words are reordered vs FH5 for most fonts; use FH6 shape_word/full_code from this row, not the FH5 sheet code.",Text-field font shapes import through the universal/handmade type-code path.,
font_glyph,111,Forza_Font_11,,lower_symbol,£,£,Forza Font 11 Pound Sign,1051804,0x100c9c,3228,0x0c9c,12,156,1050604,2028,1200,confirmed from FH6 11-font anchor dump and inferred contiguous glyph blocks,"FH6 font glyph words are reordered vs FH5 for most fonts; use FH6 shape_word/full_code from this row, not the FH5 sheet code.",Text-field font shapes import through the universal/handmade type-code path.,
font_glyph,111,Forza_Font_11,,lower_symbol,¥,¥,Forza Font 11 Yen Sign,1051805,0x100c9d,3229,0x0c9d,12,157,1050605,2029,1200,confirmed from FH6 11-font anchor dump and inferred contiguous glyph blocks,"FH6 font glyph words are reordered vs FH5 for most fonts; use FH6 shape_word/full_code from this row, not the FH5 sheet code.",Text-field font shapes import through the universal/handmade type-code path.,
font_glyph,111,Forza_Font_11,,lower_symbol,€,€,Forza Font 11 Euro Sign,1051806,0x100c9e,3230,0x0c9e,12,158,1050606,2030,1200,confirmed from FH6 11-font anchor dump and inferred contiguous glyph blocks,"FH6 font glyph words are reordered vs FH5 for most fonts; use FH6 shape_word/full_code from this row, not the FH5 sheet code.",Text-field font shapes import through the universal/handmade type-code path.,
font_glyph,111,Forza_Font_11,,lower_symbol,æ,æ,Forza Font 11 AE,1051807,0x100c9f,3231,0x0c9f,12,159,1050607,2031,1200,confirmed from FH6 11-font anchor dump and inferred contiguous glyph blocks,"FH6 font glyph words are reordered vs FH5 for most fonts; use FH6 shape_word/full_code from this row, not the FH5 sheet code.",Text-field font shapes import through the universal/handmade type-code path.,
font_glyph,111,Forza_Font_11,,lower_symbol,^,^,Forza Font 11 Caret Symbol,1051808,0x100ca0,3232,0x0ca0,12,160,1050608,2032,1200,confirmed from FH6 11-font anchor dump and inferred contiguous glyph blocks,"FH6 font glyph words are reordered vs FH5 for most fonts; use FH6 shape_word/full_code from this row, not the FH5 sheet code.",Text-field font shapes import through the universal/handmade type-code path.,
font_glyph,111,Forza_Font_11,,lower_symbol,ß,ß,Forza Font 11 Eszett Symbol,1051809,0x100ca1,3233,0x0ca1,12,161,1050609,2033,1200,confirmed from FH6 11-font anchor dump and inferred contiguous glyph blocks,"FH6 font glyph words are reordered vs FH5 for most fonts; use FH6 shape_word/full_code from this row, not the FH5 sheet code.",Text-field font shapes import through the universal/handmade type-code path.,
font_glyph,111,Forza_Font_11,,lower_symbol,@,@,Forza Font 11 Lower At Symbol,1051810,0x100ca2,3234,0x0ca2,12,162,1050610,2034,1200,confirmed from FH6 11-font anchor dump and inferred contiguous glyph blocks,"FH6 font glyph words are reordered vs FH5 for most fonts; use FH6 shape_word/full_code from this row, not the FH5 sheet code.",Text-field font shapes import through the universal/handmade type-code path.,
font_glyph,111,Forza_Font_11,,lower_symbol,#,#,Forza Font 11 Hash,1051811,0x100ca3,3235,0x0ca3,12,163,1050611,2035,1200,confirmed from FH6 11-font anchor dump and inferred contiguous glyph blocks,"FH6 font glyph words are reordered vs FH5 for most fonts; use FH6 shape_word/full_code from this row, not the FH5 sheet code.",Text-field font shapes import through the universal/handmade type-code path.,
font_glyph,111,Forza_Font_11,,lower_symbol,+,+,Forza Font 11 Plus Symbol,1051812,0x100ca4,3236,0x0ca4,12,164,1050612,2036,1200,confirmed from FH6 11-font anchor dump and inferred contiguous glyph blocks,"FH6 font glyph words are reordered vs FH5 for most fonts; use FH6 shape_word/full_code from this row, not the FH5 sheet code.",Text-field font shapes import through the universal/handmade type-code path.,
font_glyph,111,Forza_Font_11,,lower_symbol,%,%,Forza Font 11 Percent Sign,1051813,0x100ca5,3237,0x0ca5,12,165,1050613,2037,1200,confirmed from FH6 11-font anchor dump and inferred contiguous glyph blocks,"FH6 font glyph words are reordered vs FH5 for most fonts; use FH6 shape_word/full_code from this row, not the FH5 sheet code.",Text-field font shapes import through the universal/handmade type-code path.,
font_glyph,111,Forza_Font_11,,lower_symbol,:,:,Forza Font 11 Colon,1051814,0x100ca6,3238,0x0ca6,12,166,1050614,2038,1200,confirmed from FH6 11-font anchor dump and inferred contiguous glyph blocks,"FH6 font glyph words are reordered vs FH5 for most fonts; use FH6 shape_word/full_code from this row, not the FH5 sheet code.",Text-field font shapes import through the universal/handmade type-code path.,
font_glyph,111,Forza_Font_11,,lower_symbol,;,;,Forza Font 11 Semicolon,1051815,0x100ca7,3239,0x0ca7,12,167,1050615,2039,1200,confirmed from FH6 11-font anchor dump and inferred contiguous glyph blocks,"FH6 font glyph words are reordered vs FH5 for most fonts; use FH6 shape_word/full_code from this row, not the FH5 sheet code.",Text-field font shapes import through the universal/handmade type-code path.,
font_glyph,111,Forza_Font_11,,lower_symbol,/,/,Forza Font 11 Slash,1051816,0x100ca8,3240,0x0ca8,12,168,1050616,2040,1200,confirmed from FH6 11-font anchor dump and inferred contiguous glyph blocks,"FH6 font glyph words are reordered vs FH5 for most fonts; use FH6 shape_word/full_code from this row, not the FH5 sheet code.",Text-field font shapes import through the universal/handmade type-code path.,